asset_id,asset_name,company,company_cn,phase,indications,targets,mechanism,country,data_quality,data_sources,clinical_trial_id,next_milestone,estimated_timeline,source_url,notes,location,funding,priority,therapeutic_area,generic_name,status,rationale,expected_launch
CN-HR-001,SHR-1314 (夫那奇珠单抗/Vunakizumab),恒瑞医药,,Approved,中重度斑块型银屑病 | 强直性脊柱炎,IL-17A,N/A,China,0.94,"{""clinicaltrials"": ""https://clinicaltrials.gov/search?term=SHR-1314"", ""company"": ""https://www.hengrui.com""}",,,,,,连云港,上市公司,P0,,,,,
CN-HR-002,SHR-1701,恒瑞医药,,Phase 3,晚期胃癌 | 胃食管结合部癌 | 实体瘤,PD-L1/TGF-β (双抗),N/A,China,0.89,"{""clinicaltrials"": ""https://clinicaltrials.gov/search?term=SHR-1701"", ""company"": ""https://www.hengrui.com""}",,,,,,连云港,上市公司,P0,,,,,
CN-HR-003,SHR-1905,恒瑞医药,,Phase 2,哮喘 | 慢性鼻窦炎伴鼻息肉,TSLP,N/A,China,0.87,"{""clinicaltrials"": ""https://clinicaltrials.gov/search?term=SHR-1905"", ""company"": ""https://www.hengrui.com""}",,,,,,连云港,上市公司,P1,,,,,
CN-HR-004,SHR-2002,恒瑞医药,,Phase 1,实体瘤,PVRIG-TIGIT,N/A,China,0.79,"{""clinicaltrials"": ""https://clinicaltrials.gov/search?term=SHR-2002"", ""company"": ""https://www.hengrui.com""}",,,,,,连云港,上市公司,P1,,,,,
CN-HR-005,SHR-A1811,恒瑞医药,,Phase 3,HER2阳性乳腺癌 | HER2低表达乳腺癌 | 胃癌 | NSCLC | 结直肠癌 | 胆道癌,HER2 ADC,N/A,China,0.91,"{""clinicaltrials"": ""https://clinicaltrials.gov/search?term=SHR-A1811"", ""company"": ""https://www.hengrui.com""}",,,,,,连云港,上市公司,P0,,,,,
CN-HR-006,SHR-A1921,恒瑞医药,,Phase 3,卵巢癌 | 三阴性乳腺癌 | NSCLC,TROP2 ADC,N/A,China,0.87,"{""clinicaltrials"": ""https://clinicaltrials.gov/search?term=SHR-A1921"", ""company"": ""https://www.hengrui.com""}",,,,,,连云港,上市公司,P1,,,,,
CN-HR-007,SHR-1209 (瑞卡西单抗),恒瑞医药,,Approved,高胆固醇血症,PCSK9,N/A,China,0.84,"{""clinicaltrials"": ""https://clinicaltrials.gov/search?term=SHR-1209"", ""company"": ""https://www.hengrui.com""}",,,,,,连云港,上市公司,P1,,,,,
CN-HR-008,SHR-1819,恒瑞医药,,Phase 3,特应性皮炎,IL-4Rα,N/A,China,0.81,"{""clinicaltrials"": ""https://clinicaltrials.gov/search?term=SHR-1819"", ""company"": ""https://www.hengrui.com""}",,,,,,连云港,上市公司,P1,,,,,
CN-XD-001,IBI311 (替妥尤单抗N01/信必敏),信达生物,,Approved (2025),甲状腺眼病(TED),IGF-1R,N/A,China,0.93,"{""clinicaltrials"": ""https://clinicaltrials.gov/search?term=IBI311"", ""company"": ""https://www.innoventbio.com""}",,,,,,苏州,上市公司,P0,,,,,
CN-XD-002,IBI353,信达生物,,Phase 2,SLE | IgA肾病 | 狼疮性肾炎,PDE4,N/A,China,0.81,"{""clinicaltrials"": ""https://clinicaltrials.gov/search?term=IBI353"", ""company"": ""https://www.innoventbio.com""}",,,,,,苏州,上市公司,P1,,,,,
CN-XD-003,IBI356,信达生物,,Phase 1/2,SLE | IgA肾病,OX40L,N/A,China,0.79,"{""clinicaltrials"": ""https://clinicaltrials.gov/search?term=IBI356"", ""company"": ""https://www.innoventbio.com""}",,,,,,苏州,上市公司,P1,,,,,
CN-XD-004,IBI362 (玛仕度肽),信达生物,,Approved,肥胖 | 2型糖尿病,GLP-1/GCGR (双靶点),N/A,China,0.9,"{""clinicaltrials"": ""https://clinicaltrials.gov/search?term=IBI362"", ""company"": ""https://www.innoventbio.com""}",,,,,,苏州,上市公司,P0,,,,,
CN-XD-005,IBI343,信达生物,,Phase 3,胃癌 | 胰腺癌,CLDN18.2 ADC,N/A,China,0.88,"{""clinicaltrials"": ""https://clinicaltrials.gov/search?term=IBI343"", ""company"": ""https://www.innoventbio.com""}",,,,,,苏州,上市公司,P0,,,,,
CN-XD-006,IBI363,信达生物,,Phase 3,鳞状NSCLC | 黑色素瘤 | 肠癌 | 泛癌,PD-1/IL-2α-bias,N/A,全球,0.9,"{""clinicaltrials"": ""https://clinicaltrials.gov/search?term=IBI363"", ""company"": ""https://www.innoventbio.com""}",,,,,,苏州,上市公司,P0,,,,,
CN-XD-007,IBI112 (匹康奇拜单抗),信达生物,,Approved,中重度斑块状银屑病,IL-23p19,N/A,China,0.87,"{""clinicaltrials"": ""https://clinicaltrials.gov/search?term=IBI112"", ""company"": ""https://www.innoventbio.com""}",,,,,,苏州,上市公司,P0,,,,,
CN-XD-008,IBI3002,信达生物,,Phase 1,SLE | IgA肾病,IL-4Rα/TSLP,N/A,China,0.76,"{""clinicaltrials"": ""https://clinicaltrials.gov/search?term=IBI3002"", ""company"": ""https://www.innoventbio.com""}",,,,,,苏州,上市公司,P2,,,,,
CN-BJ-001,BGB-16673,百济神州,,Phase 2/3,复发/难治性CLL/SLL | 复发/难治性MCL | B细胞恶性肿瘤,BTK PROTAC/CDAC,N/A,全球,0.9,"{""clinicaltrials"": ""https://clinicaltrials.gov/search?term=BGB-16673"", ""company"": ""https://www.beigene.com.cn""}",,,,,,北京/美国,上市公司,P0,,,,,
CN-BJ-002,BGB-21447 (Sonrotoclax),百济神州,,Phase 3,CLL/SLL | MCL | WM,BCL-2,N/A,全球,0.87,"{""clinicaltrials"": ""https://clinicaltrials.gov/search?term=BGB-21447"", ""company"": ""https://www.beigene.com.cn""}",,,,,,北京/美国,上市公司,P0,,,,,
CN-BJ-003,BGB-C9074,百济神州,,Phase 1/2,实体瘤,B7H4 ADC,N/A,全球,0.81,"{""clinicaltrials"": ""https://clinicaltrials.gov/search?term=BGB-C9074"", ""company"": ""https://www.beigene.com.cn""}",,,,,,北京/美国,上市公司,P1,,,,,
CN-BJ-004,BGB-43395,百济神州,,Phase 1,HR+/HER2-乳腺癌 | 晚期实体瘤,CDK4,N/A,全球,0.78,"{""clinicaltrials"": ""https://clinicaltrials.gov/search?term=BGB-43395"", ""company"": ""https://www.beigene.com.cn""}",,,,,,北京/美国,上市公司,P1,,,,,
CN-JS-001,JS005,君实生物,,Phase 3,中重度斑块状银屑病 | 强直性脊柱炎,IL-17A,N/A,China,0.85,"{""clinicaltrials"": ""https://clinicaltrials.gov/search?term=JS005"", ""company"": ""https://www.junshibio.com""}",,,,,,上海,上市公司,P1,,,,,
CN-JS-002,JS207,君实生物,,Phase 1,晚期恶性肿瘤,PD-1/VEGF (双抗),N/A,China,0.81,"{""clinicaltrials"": ""https://clinicaltrials.gov/search?term=JS207"", ""company"": ""https://www.junshibio.com""}",,,,,,上海,上市公司,P1,,,,,
CN-JS-003,JS203,君实生物,,Phase 1/2,复发/难治性B细胞非霍奇金淋巴瘤,CD3/CD20 (双抗),N/A,China,0.79,"{""clinicaltrials"": ""https://clinicaltrials.gov/search?term=JS203"", ""company"": ""https://www.junshibio.com""}",,,,,,上海,上市公司,P1,,,,,
CN-JS-004,JS401,君实生物/润民医药,,Phase 1,高脂血症 | 高胆固醇血症 | 混合型血脂异常,ANGPTL3 siRNA,N/A,China,0.77,"{""clinicaltrials"": ""https://clinicaltrials.gov/search?term=JS401"", ""company"": ""https://www.junshibio.com""}",,,,,,上海,上市公司,P1,,,,,
CN-KF-004,AK101 (依若奇单抗),康方生物,,Approved,中重度斑块型银屑病,IL-12/IL-23 p40,N/A,China,0.87,"{""clinicaltrials"": ""https://clinicaltrials.gov/search?term=AK101"", ""company"": ""https://www.akesobio.com""}",,,,,,中山,上市公司,P0,,,,,
CN-KF-005,AK111 (古莫奇单抗),康方生物,,Approved,中重度斑块型银屑病 | 强直性脊柱炎,IL-17A,N/A,China,0.87,"{""clinicaltrials"": ""https://clinicaltrials.gov/search?term=AK111"", ""company"": ""https://www.akesobio.com""}",,,,,,中山,上市公司,P0,,,,,
CN-KF-006,AK102 (伊努西单抗/伊喜宁),康方生物,,Approved (2024-10),原发性高胆固醇血症 | 混合型高脂血症 | 杂合子型家族性高胆固醇血症,PCSK9,N/A,China,0.9,"{""clinicaltrials"": ""https://clinicaltrials.gov/search?term=AK102"", ""company"": ""https://www.akesobio.com""}",,,,,,中山,上市公司,P0,,,,,
CN-KF-007,AK117 (莱法利单抗),康方生物,,Phase 2,实体瘤 | 血液瘤,CD47,N/A,China,0.83,"{""clinicaltrials"": ""https://clinicaltrials.gov/search?term=AK117"", ""company"": ""https://www.akesobio.com""}",,,,,,中山,上市公司,P1,,,,,
CN-CM-003,CM310 (司普奇拜单抗),康诺亚,,Approved (2024-09),特应性皮炎 | 慢性鼻窦炎伴鼻息肉 | 季节性过敏性鼻炎,IL-4Rα,N/A,China,0.94,"{""clinicaltrials"": ""https://clinicaltrials.gov/search?term=CM310"", ""company"": ""https://www.keymedbio.com""}",,,,,,成都,上市公司,P0,,,,,
CN-CM-004,CM326,康诺亚,,Phase 2,慢性鼻窦炎伴鼻息肉 | 哮喘 | 特应性皮炎,TSLP,N/A,China,0.85,"{""clinicaltrials"": ""https://clinicaltrials.gov/search?term=CM326"", ""company"": ""https://www.keymedbio.com""}",,,,,,成都,上市公司,P1,,,,,
CN-CM-005,CMG901,康诺亚/阿斯利康,,Phase 3,晚期/转移性胃癌 | 胃食管结合部腺癌 | 胰腺癌,CLDN18.2 ADC,N/A,全球,0.88,"{""clinicaltrials"": ""https://clinicaltrials.gov/search?term=CMG901"", ""company"": ""https://www.keymedbio.com""}",,,,,,成都,上市公司,P0,,,,,
CN-CM-006,CM512,康诺亚,,Phase 1,特应性皮炎 | 哮喘,TSLP/IL-13 (双抗),N/A,China,0.76,"{""clinicaltrials"": ""https://clinicaltrials.gov/search?term=CM512"", ""company"": ""https://www.keymedbio.com""}",,,,,,成都,上市公司,P1,,,,,
CN-RC-001,RC18 (泰它西普/泰爱),荣昌生物,,Approved,系统性红斑狼疮 | 重症肌无力 | IgA肾病 | 类风湿关节炎,BLyS/APRIL (双靶点融合蛋白),N/A,China,0.91,"{""clinicaltrials"": ""https://clinicaltrials.gov/search?term=RC18"", ""company"": ""https://www.remegen.com""}",,,,,,烟台,上市公司,P0,,,,,
CN-RC-002,RC28,荣昌生物,,Phase 3,湿性年龄相关性黄斑变性(wAMD) | 糖尿病性黄斑水肿(DME) | 糖尿病视网膜病变(DR),VEGF/FGF (双靶点融合蛋白),N/A,China,0.87,"{""clinicaltrials"": ""https://clinicaltrials.gov/search?term=RC28"", ""company"": ""https://www.remegen.com""}",,,,,,烟台,上市公司,P0,,,,,
CN-RC-003,RC88,荣昌生物,,Phase 2,MSLN阳性实体瘤,MSLN ADC,N/A,China,0.81,"{""clinicaltrials"": ""https://clinicaltrials.gov/search?term=RC88"", ""company"": ""https://www.remegen.com""}",,,,,,烟台,上市公司,P1,,,,,
CN-RC-004,RC148,荣昌生物,,Phase 2,晚期实体瘤 | 晚期肺癌,PD-1/VEGF (双抗),N/A,China,0.79,"{""clinicaltrials"": ""https://clinicaltrials.gov/search?term=RC148"", ""company"": ""https://www.remegen.com""}",,,,,,烟台,上市公司,P1,,,,,
CN-ZD-001,ZL-1310,再鼎医药,,Phase 1/2,小细胞肺癌(SCLC) | DLL3+实体瘤,DLL3 ADC,N/A,全球,0.88,"{""clinicaltrials"": ""https://clinicaltrials.gov/search?term=ZL-1310"", ""company"": ""https://cn.zailaboratory.com""}",,,,,,上海/美国,上市公司,P0,,,,,
CN-ZD-002,ZL-1218,再鼎医药,,Phase 1,晚期实体瘤,CCR8,N/A,全球,0.81,"{""clinicaltrials"": ""https://clinicaltrials.gov/search?term=ZL-1218"", ""company"": ""https://cn.zailaboratory.com""}",,,,,,上海/美国,上市公司,P1,,,,,
CN-FX-001,汉贝泰 (贝伐珠单抗生物类似药),复星医药/复宏汉霖,,Approved,转移性结直肠癌 | 非小细胞肺癌 | 复发性胶质母细胞瘤 | 宫颈癌 | 卵巢癌,VEGF,N/A,China,0.89,"{""clinicaltrials"": ""https://clinicaltrials.gov/search?term=HLX04"", ""company"": ""https://www.fosunpharma.com""}",,,,,,上海,上市公司,P1,,,,,
CN-SY-001,SYS6010,石药集团/巨石生物,,Phase 3,EGFR-TKI和含铂化疗治疗失败的EGFR突变NSCLC | 晚期实体瘤,EGFR ADC,N/A,China,0.88,"{""clinicaltrials"": ""https://clinicaltrials.gov/search?term=SYS6010"", ""company"": ""https://www.e-cspc.com""}",,,,,,石家庄,上市公司,P0,,,,,
ABBV-001,Skyrizi,AbbVie,,已批准(中国NMPA 2026-01),溃疡性结肠炎(UC) - 中国扩展,N/A,IL-23 p19抑制剂,N/A,0.0,N/A,,,,,,,,High,Immunology,risankizumab,Approved,全球首个获批用于UC的IL-23抑制剂，中国第二适应症,2026 Q1 China
ABBV-002,Skyrizi,AbbVie,,Phase 3 AFFIRM研究阳性,克罗恩病(CD)皮下诱导治疗,N/A,IL-23 p19抑制剂,N/A,0.0,N/A,,,,,,,,High,Immunology,risankizumab,Phase 3 Complete,皮下注射剂型提供更方便的给药途径,2026
ABBV-003,Skyrizi,AbbVie,,Approved,银屑病关节炎(PsA)扩展适应症,N/A,IL-23 p19抑制剂,N/A,0.0,N/A,,,,,,,,Medium,Immunology,risankizumab,Approved,扩展至更多免疫适应症,已上市
ABBV-004,Rinvoq,AbbVie,,已批准(欧盟 2025-04),巨细胞动脉炎(GCA),N/A,JAK1选择性抑制剂,N/A,0.0,N/A,,,,,,,,High,Immunology,upadacitinib,Approved EU,欧盟首个获批用于GCA的口服JAK抑制剂,2025 Q2 EU
ABBV-005,Rinvoq,AbbVie,,已批准(美国 2024-04),儿童多关节型幼年特发性关节炎(pJIA),N/A,JAK1选择性抑制剂,N/A,0.0,N/A,,,,,,,,High,Immunology,upadacitinib,Approved US,扩展至2岁及以上儿童患者,已上市
ABBV-006,Rinvoq,AbbVie,,Phase 3 UP-AA研究阳性,重度斑秃(Alopecia Areata),N/A,JAK1选择性抑制剂,N/A,0.0,N/A,,,,,,,,High,Dermatology,upadacitinib,Phase 3 Complete,首个JAK抑制剂在斑秃中显示阳性结果,2026
ABBV-007,Rinvoq,AbbVie,,Phase 3阳性结果,白癜风(Vitiligo),N/A,JAK1选择性抑制剂,N/A,0.0,N/A,,,,,,,,Medium,Dermatology,upadacitinib,Phase 3 Complete,首个达到白癜风III期终点的JAK抑制剂,2026
ABBV-008,Rinvoq,AbbVie,,Phase 3进行中,化脓性汗腺炎(Hidradenitis Suppurativa),N/A,JAK1选择性抑制剂,N/A,0.0,N/A,,,,,,,,Medium,Dermatology,upadacitinib,Phase 3,扩展至更多炎症性皮肤病,2027
JNJ-001,Tremfya,Johnson & Johnson,,已批准(美国 2025-09),溃疡性结肠炎(UC)皮下诱导,N/A,IL-23 p19抑制剂(双重作用机制),N/A,0.0,N/A,,,,,,,,High,Immunology,guselkumab,Approved US,首个也是唯一具有完全皮下诱导方案的IL-23抑制剂,2025 Q3 US
JNJ-002,Tremfya,Johnson & Johnson,,已批准(美国 2025-03),克罗恩病(CD),N/A,IL-23 p19抑制剂,N/A,0.0,N/A,,,,,,,,High,Immunology,guselkumab,Approved US,GALAXI研究显示优于Stelara,已上市
JNJ-003,Tremfya,Johnson & Johnson,,已批准(美国 2025-09),儿童斑块状银屑病(6岁及以上),N/A,IL-23 p19抑制剂,N/A,0.0,N/A,,,,,,,,High,Immunology,guselkumab,Approved US,首个也是唯一获批用于儿科适应症的IL-23抑制剂,已上市
JNJ-004,Tremfya,Johnson & Johnson,,已批准(美国 2025-09),儿童银屑病关节炎,N/A,IL-23 p19抑制剂,N/A,0.0,N/A,,,,,,,,Medium,Immunology,guselkumab,Approved US,儿科适应症扩展,已上市
JNJ-005,Stelara,Johnson & Johnson,,已批准(欧盟 2025-04),儿童克罗恩病(≥40kg),N/A,IL-12/23抑制剂,N/A,0.0,N/A,,,,,,,,High,Immunology,ustekinumab,Approved EU,扩展至儿科CD患者,2025 Q2 EU
JNJ-006,Stelara,Johnson & Johnson,,sBLA已提交(FDA),儿童溃疡性结肠炎(≥2岁),N/A,IL-12/23抑制剂,N/A,0.0,N/A,,,,,,,,High,Immunology,ustekinumab,Registration,UNIFI Jr研究支持儿科UC适应症,2026
JNJ-007,Nipocalimab,Johnson & Johnson,,已批准(美国 2025-04),全身型重症肌无力(gMG),N/A,FcRn(新生儿Fc受体)阻断剂,N/A,0.0,N/A,,,,,,,,High,Neurology,nipocalimab-aahu,Approved US,首个FcRn阻断剂显示广泛患者群体持续疾病控制,已上市
JNJ-008,Nipocalimab,Johnson & Johnson,,Phase 3,温抗体型自身免疫性溶血性贫血(wAIHA),N/A,FcRn阻断剂,N/A,0.0,N/A,,,,,,,,High,Hematology,nipocalimab-aahu,Phase 3,罕见血液病，FDA快速通道资格,2026-2027
ROCHE-001,Gazyva,Roche,,已批准(美国/欧盟 2025),狼疮性肾炎(Lupus Nephritis),N/A,抗CD20单抗(II型),N/A,0.0,N/A,,,,,,,,High,Immunology,obinutuzumab,Approved,唯一在III期研究中显示完全肾脏缓解获益的抗CD20单抗,已上市
ROCHE-002,Gazyva,Roche,,Phase 3 MAJESTY研究阳性,膜性肾病(Membranous Nephropathy),N/A,抗CD20单抗,N/A,0.0,N/A,,,,,,,,High,Immunology,obinutuzumab,Phase 3 Complete,第四个III期阳性研究，扩大肾脏病领域应用,2026
ROCHE-003,Gazyva,Roche,,Phase 3 POSTERITY研究,儿童狼疮性肾炎,N/A,抗CD20单抗,N/A,0.0,N/A,,,,,,,,Medium,Immunology,obinutuzumab,Phase 3,扩展至儿童患者,2027
ROCHE-004,Gazyva,Roche,,Phase 3 ALLEGORY研究,系统性红斑狼疮(SLE),N/A,抗CD20单抗,N/A,0.0,N/A,,,,,,,,Medium,Immunology,obinutuzumab,Phase 3,扩展至全身性SLE,2027
ROCHE-005,Venclexta,Roche,,Phase 3 CANOVA研究,复发/难治性多发性骨髓瘤(t11;14阳性),N/A,Bcl-2选择性抑制剂,N/A,0.0,N/A,,,,,,,,High,Oncology,venetoclax,Phase 3,与泊马度胺+地塞米松联用,2026
ROCHE-006,Venclexta,Roche,,Phase 3 VERONA研究完成,高危骨髓增生异常综合征(MDS),N/A,Bcl-2选择性抑制剂,N/A,0.0,N/A,,,,,,,,High,Oncology,venetoclax,Phase 3 Complete,联合阿扎胞苷用于初治高危MDS,2026
NVS-001,Cosentyx,Novartis,,Phase 3,巨细胞动脉炎(GCA),N/A,IL-17A抑制剂,N/A,0.0,N/A,,,,,,,,High,Immunology,secukinumab,Phase 3,可能成为首个获批的GCA生物制剂,2026-2027
NVS-002,Cosentyx,Novartis,,Phase 3,风湿性多肌痛(PMR),N/A,IL-17A抑制剂,N/A,0.0,N/A,,,,,,,,High,Immunology,secukinumab,Phase 3,可能成为首个免激素生物制剂,2026-2027
NVS-003,Cosentyx,Novartis,,已批准(美国 2026-03),儿童化脓性汗腺炎(≥12岁),N/A,IL-17A抑制剂,N/A,0.0,N/A,,,,,,,,Medium,Immunology,secukinumab,Approved US,儿科适应症扩展,已上市
NVS-004,Ilaris,Novartis,,sBLA审评中,非小细胞肺癌辅助治疗,N/A,IL-1β抑制剂,N/A,0.0,N/A,,,,,,,,High,Oncology,canakinumab,Registration,扩展至肿瘤辅助治疗领域,2026
NVS-005,Xolair,Novartis,,已批准(美国 2024-02),食物过敏(≥1岁),N/A,抗IgE单抗,N/A,0.0,N/A,,,,,,,,High,Immunology,omalizumab,Approved US,首个获批用于食物过敏的药物,已上市
LLY-001,Taltz,Eli Lilly,,Phase 3b TOGETHER-PsO研究阳性,银屑病关节炎合并肥胖/超重,N/A,IL-17A抑制剂,N/A,0.0,N/A,,,,,,,,High,Immunology,ixekizumab,Phase 3 Complete,与Zepbound(tirzepatide)联用显示优于单药,2026
LLY-002,Olumiant,Eli Lilly,,Phase 3 BRAVE-AA-PEDS研究完成,儿童重度斑秃(6-18岁),N/A,JAK1/2抑制剂,N/A,0.0,N/A,,,,,,,,High,Dermatology,baricitinib,Phase 3 Complete,71%患者一年实现头皮毛发再生,2026
LLY-003,Omvoh,Eli Lilly,,已批准(美国 2025-01),克罗恩病(CD),N/A,IL-23 p19抑制剂,N/A,0.0,N/A,,,,,,,,High,Immunology,mirikizumab-mrkz,Approved US,首个也是唯一获批用于IBD的IL-23 p19拮抗剂显示4年持续疗效,已上市
LLY-004,Omvoh,Eli Lilly,,已批准(中国NMPA 2026-02),溃疡性结肠炎(UC) - 中国,N/A,IL-23 p19抑制剂,N/A,0.0,N/A,,,,,,,,High,Immunology,mirikizumab-mrkz,Approved China,中国双适应症获批(UC+CD),2026 Q1 China
PFE-001,Litfulo,Pfizer,,Phase 2,溃疡性结肠炎,N/A,JAK3/TEC抑制剂,N/A,0.0,N/A,,,,,,,,Medium,Immunology,ritlecitinib,Phase 2,扩展至IBD领域,2027+
PFE-002,Dazukibart,Pfizer,,Phase 3,皮肌炎/多发性肌炎,N/A,抗IFN-β单抗,N/A,0.0,N/A,,,,,,,,High,Immunology,PF-06823859,Phase 3,孤儿药认定，快速通道资格,2026-2027
BMS-001,Sotyktu,Bristol Myers Squibb,,已批准(美国 2025-09),银屑病关节炎,N/A,选择性TYK2抑制剂,N/A,0.0,N/A,,,,,,,,High,Immunology,deucravacitinib,Approved US,首个口服TYK2抑制剂获批用于PsA,已上市
UCB-001,Bimzelx,UCB,,已批准(美国 2024-09),银屑病关节炎(PsA),N/A,IL-17A/IL-17F双重抑制剂,N/A,0.0,N/A,,,,,,,,High,Immunology,bimekizumab-bkzx,Approved US,首个也是唯一获批用于PsA的IL-17A/F双重抑制剂,已上市
UCB-002,Bimzelx,UCB,,已批准(美国 2024-09),非放射学中轴型脊柱关节炎(nr-axSpA),N/A,IL-17A/IL-17F双重抑制剂,N/A,0.0,N/A,,,,,,,,High,Immunology,bimekizumab-bkzx,Approved US,覆盖中轴型脊柱关节炎全谱系,已上市
WAVE2-TL1A-009,Afimkibart (RO7790121),Roche/Genentech,,Phase 2/3,UC | CD,TL1A,Dual anti-inflammatory and anti-fibrotic effects by blocking TL1A/DR3 signaling,Europe,0.9,"{""clinicaltrials"": ""https://clinicaltrials.gov/search?term=Afimkibart"", ""company"": ""https://www.roche.com"", ""news"": ""https://www.genentech-medinfo.com/conferences/ibd.html""}",NCT05995211,,,,,"Basel, Switzerland",,P0,,,,,
WAVE2-TL1A-010,RO7837195 (p40 x TL1A bispecific),Roche/Genentech,,Phase 1,UC,TL1A/p40,Dual blockade of IL-12/IL-23 pathway and TL1A signaling,Europe,0.81,"{""clinicaltrials"": ""https://clinicaltrials.gov/search?term=RO7837195"", ""company"": ""https://www.roche.com""}",NCT05995211,,,,,"Basel, Switzerland",,P1,,,,,
WAVE2-IL23-015,Mirikizumab (Omvoh),Eli Lilly,,Phase 3/Approved,UC | CD,IL-23 p19,Selective inhibition of IL-23 pathway,United States,0.96,"{""clinicaltrials"": ""https://clinicaltrials.gov/search?term=mirikizumab"", ""company"": ""https://www.lilly.com"", ""fda_url"": ""https://www.fda.gov/news-events/press-announcements/fda-approves-lillys-omvoh-mirikizumab-mrkz-crohns-disease""}",NCT03524092,,,,,"Indianapolis, IN",,P0,,,,,
WAVE2-IL23-016,Brazikumab,Boehringer Ingelheim,,Phase 2/3,CD | UC,IL-23 p19,Selective IL-23 pathway inhibition,Europe,0.84,"{""clinicaltrials"": ""https://clinicaltrials.gov/search?term=brazikumab"", ""company"": ""https://www.boehringer-ingelheim.com""}",NCT05189358,,,,,"Ingelheim, Germany",,P1,,,,,
WAVE2-FCRN-001,Efgartigimod (Vyvgart),ArgenX,,Phase 3/Approved,gMG | CIDP,FcRn,Accelerates IgG catabolism by blocking FcRn-IgG interaction,Europe,0.96,"{""clinicaltrials"": ""https://clinicaltrials.gov/search?term=efgartigimod"", ""company"": ""https://www.argenx.com"", ""fda_url"": ""https://www.fda.gov/news-events/press-announcements/fda-approves-vyvgart-generalized-myasthenia-gravis""}",NCT04265581,,,,,"Breda, Netherlands",,P0,,,,,
WAVE2-FCRN-002,Nipocalimab (IMAAVY),Johnson & Johnson (Janssen),,Phase 3/Approved,gMG | Sjogren's Disease,FcRn,Blocks FcRn to reduce circulating IgG autoantibodies,United States,0.96,"{""clinicaltrials"": ""https://clinicaltrials.gov/search?term=nipocalimab"", ""company"": ""https://www.janssen.com"", ""news"": ""https://www.prnewswire.com/news-releases/fda-approves-nipocalimab""}",NCT04951622,,,,,"New Brunswick, NJ",,P0,,,,,
WAVE2-FCRN-003,Rozanolixizumab (Rystiggo),UCB,,Phase 3/Approved,gMG,FcRn,Blocks FcRn to accelerate IgG degradation,Europe,0.93,"{""clinicaltrials"": ""https://clinicaltrials.gov/search?term=rozanolixizumab"", ""company"": ""https://www.ucb.com""}",NCT04119531,,,,,"Brussels, Belgium",,P0,,,,,
WAVE2-FCRN-004,Batoclimab,Immunovant,,Phase 3,Graves Disease | gMG,FcRn,Blocks FcRn to reduce pathogenic IgG antibodies,United States,0.87,"{""clinicaltrials"": ""https://clinicaltrials.gov/search?term=batoclimab"", ""company"": ""https://www.immunovant.com""}",NCT04101557,,,,,"New York, NY",,P1,,,,,
WAVE2-FCRN-005,IMVT-1402,Immunovant,,Phase 2,Graves Disease | RA,FcRn,Improved FcRn blockade with extended duration,United States,0.81,"{""clinicaltrials"": ""https://clinicaltrials.gov/search?term=IMVT-1402"", ""company"": ""https://www.immunovant.com""}",NCT05451303,,,,,"New York, NY",,P1,,,,,
WAVE2-C5A-001,Avacopan (Tavneos),Amgen (formerly ChemoCentryx),,Phase 3/Approved,ANCA-associated vasculitis,C5aR,Blocks C5a-mediated neutrophil activation and chemotaxis,United States,0.95,"{""clinicaltrials"": ""https://clinicaltrials.gov/search?term=avacopan"", ""company"": ""https://www.amgen.com"", ""fda_url"": ""https://www.fda.gov/drugs/news-events-human-drugs/fda-approves-tavneos-anca-associated-vasculitis""}",NCT02994927,,,,,"Thousand Oaks, CA",,P0,,,,,
WAVE2-C5A-002,IFX-1 (Vilobelimab),InflaRx,,Phase 2,AAV | HS,C5a,Neutralizes C5a anaphylatoxin,Europe,0.82,"{""clinicaltrials"": ""https://clinicaltrials.gov/search?term=IFX-1"", ""company"": ""https://www.inflarx.com""}",NCT03712345,,,,,"Jena, Germany",,P1,,,,,
WAVE2-C5A-003,INF904,InflaRx,,Preclinical,Autoimmune diseases,C5aR,Small molecule C5a receptor inhibition,Europe,0.75,"{""company"": ""https://www.inflarx.com""}",,,,,,"Jena, Germany",,P2,,,,,
WAVE2-BAFF-001,Telitacicept (泰它西普),RemeGen (荣昌生物),,Phase 3/Approved (CN),SLE | RA | gMG,BAFF/APRIL,Dual inhibition of BAFF and APRIL,China,0.92,"{""clinicaltrials"": ""https://clinicaltrials.gov/search?term=telitacicept"", ""company"": ""https://www.remegen.cn"", ""news"": ""https://www.remegen.com/news/telitacicept-sle-approved""}",NCT05306574,,,,,"Yantai, China",,P0,,,,,
WAVE2-BAFF-002,Atacicept,Vera Therapeutics,,Phase 3,IgAN | SLE | LN,BAFF/APRIL,Dual BAFF/APRIL inhibition,United States,0.89,"{""clinicaltrials"": ""https://clinicaltrials.gov/search?term=atacicept"", ""company"": ""https://www.veratx.com""}",NCT04716231,,,,,"San Francisco, CA",,P0,,,,,
WAVE2-BAFF-003,Povetacicept (ALPN-303),Vertex Pharmaceuticals (Alpine Immune Sciences),,Phase 3,IgAN,BAFF/APRIL,Enhanced BAFF/APRIL inhibition with extended dosing,United States,0.87,"{""clinicaltrials"": ""https://clinicaltrials.gov/search?term=povetacicept"", ""company"": ""https://www.vrtx.com""}",NCT05732402,,,,,"Boston, MA",,P0,,,,,
WAVE2-BAFF-004,Sibeprenlimab (VIS649),Otsuka Pharmaceutical,,Phase 3,IgAN,APRIL,Blocks APRIL-mediated B cell survival,Japan,0.89,"{""clinicaltrials"": ""https://clinicaltrials.gov/search?term=sibeprenlimab"", ""company"": ""https://www.otsuka.co.jp""}",NCT05248646,,,,,"Tokyo, Japan",,P0,,,,,
WAVE2-TYK2-001,Deucravacitinib (Sotyktu),Bristol Myers Squibb,,Phase 3/Approved,Psoriasis | PsA | SLE,TYK2,Selective TYK2 inhibition via unique binding site,United States,0.96,"{""clinicaltrials"": ""https://clinicaltrials.gov/search?term=deucravacitinib"", ""company"": ""https://www.bms.com"", ""fda_url"": ""https://www.fda.gov/news-events/press-announcements/fda-approves-sotyktu-psoriasis""}",NCT03624127,,,,,"Princeton, NJ",,P0,,,,,
WAVE2-TYK2-002,NDI-034858 (TAK-279),Takeda (Nimbus Therapeutics),,Phase 3,Psoriasis | PsA,TYK2,Selective oral TYK2 inhibition,Japan,0.85,"{""clinicaltrials"": ""https://clinicaltrials.gov/search?term=NDI-034858"", ""company"": ""https://www.takeda.com""}",NCT05713337,,,,,"Osaka, Japan",,P1,,,,,
WAVE2-TYK2-003,ICP-332,InnoCare Pharma (诺诚健华),,Phase 3,AD | Psoriasis,TYK2,Oral TYK2 inhibition for autoimmune diseases,China,0.82,"{""clinicaltrials"": ""https://clinicaltrials.gov/search?term=ICP-332"", ""company"": ""https://www.innocarepharma.com""}",NCT06197686,,,,,"Beijing, China",,P1,,,,,
WAVE2-RIPK1-001,GSK2982772,GlaxoSmithKline,,Phase 2,RA | UC | Psoriasis,RIPK1,Blocks RIPK1-mediated necroptosis and inflammation,Europe,0.83,"{""clinicaltrials"": ""https://clinicaltrials.gov/search?term=GSK2982772"", ""company"": ""https://www.gsk.com""}",NCT02858492,,,,,"London, UK",,P1,,,,,
WAVE2-RIPK1-002,DNL758 (SAR443122),Sanofi/Denali Therapeutics,,Phase 2,UC | Cutaneous Lupus,RIPK1,Blocks peripheral RIPK1 signaling,Europe,0.81,"{""clinicaltrials"": ""https://clinicaltrials.gov/search?term=SAR443122"", ""company"": ""https://www.sanofi.com""}",NCT04307292,,,,,"Paris, France",,P1,,,,,
WAVE2-RIPK1-003,R552 (LY3871801),Rigel Pharmaceuticals/Eli Lilly,,Phase 2,RA,RIPK1,Selective RIPK1 inhibition for autoimmune disease,United States,0.82,"{""clinicaltrials"": ""https://clinicaltrials.gov/search?term=R552+RIPK1"", ""company"": ""https://www.rigel.com""}",NCT05848258,,,,,"South San Francisco, CA",,P1,,,,,
WAVE2-CKIT-001,Masitinib,AB Science,,Phase 3,Systemic Mastocytosis | MCAS,c-Kit,Blocks c-Kit and stem cell factor signaling,Europe,0.86,"{""clinicaltrials"": ""https://clinicaltrials.gov/search?term=masitinib+mastocytosis"", ""company"": ""https://www.ab-science.com""}",NCT04333108,,,,,"Paris, France",,P1,,,,,
WAVE2-CKIT-002,Avapritinib (Ayvakit),Blueprint Medicines,,Phase 2/Approved,Advanced Systemic Mastocytosis,c-Kit D816V,Targets KIT D816V mutation in mast cells,United States,0.93,"{""clinicaltrials"": ""https://clinicaltrials.gov/search?term=avapritinib"", ""company"": ""https://www.blueprintmedicines.com""}",NCT03580655,,,,,"Cambridge, MA",,P0,,,,,
WAVE2-CKIT-003,Bezuclastinib (CGT9486),Cogent Biosciences,,Phase 2,Advanced SM | ISM,c-Kit D816V,Minimal brain penetration KIT inhibitor,United States,0.81,"{""clinicaltrials"": ""https://clinicaltrials.gov/search?term=bezuclastinib"", ""company"": ""https://www.cogentbio.com""}",NCT04996875,,,,,"Cambridge, MA",,P1,,,,,
WAVE2-AD-001,Lebrikizumab,Eli Lilly,,Phase 3/Approved,Atopic Dermatitis,IL-13,Selective IL-13 inhibition,United States,0.93,"{""clinicaltrials"": ""https://clinicaltrials.gov/search?term=lebrikizumab"", ""company"": ""https://www.lilly.com""}",NCT04178967,,,,,"Indianapolis, IN",,P0,,,,,
WAVE2-AD-002,Nemolizumab,Galderma,,Phase 3/Approved,Atopic Dermatitis | Prurigo Nodularis,IL-31R,Blocks IL-31 signaling to reduce itch,Europe,0.93,"{""clinicaltrials"": ""https://clinicaltrials.gov/search?term=nemolizumab"", ""company"": ""https://www.galderma.com""}",NCT03985943,,,,,"Lausanne, Switzerland",,P0,,,,,
WAVE2-AD-003,Rocatinlimab (AMG 451),Amgen/Kyowa Kirin,,Phase 3,Atopic Dermatitis,OX40,Blocks OX40-OX40L interaction to inhibit pathogenic T cells,United States,0.89,"{""clinicaltrials"": ""https://clinicaltrials.gov/search?term=rocatinlimab"", ""company"": ""https://www.amgen.com""}",NCT05280411,,,,,"Thousand Oaks, CA",,P0,,,,,
WAVE2-ASTHMA-001,Tezepelumab (Tezspire),Amgen/AstraZeneca,,Phase 3/Approved,Severe Asthma,TSLP,Blocks TSLP upstream of type 2 inflammation,United States,0.96,"{""clinicaltrials"": ""https://clinicaltrials.gov/search?term=tezepelumab"", ""company"": ""https://www.amgen.com""}",NCT03347279,,,,,"Thousand Oaks, CA",,P0,,,,,
WAVE2-ASTHMA-002,Etokimab,AnaptysBio,,Phase 2,Asthma | COPD,IL-33,Blocks IL-33 alarmin signaling,United States,0.82,"{""clinicaltrials"": ""https://clinicaltrials.gov/search?term=etokimab"", ""company"": ""https://www.anaptysbio.com""}",NCT05070552,,,,,"San Diego, CA",,P1,,,,,
WAVE2-IBD-001,Etrasimod (Velsipity),Pfizer (Arena Pharmaceuticals),,Phase 3/Approved,UC | CD,S1P1/4/5,Regulates immune cell trafficking,United States,0.93,"{""clinicaltrials"": ""https://clinicaltrials.gov/search?term=etrasimod"", ""company"": ""https://www.pfizer.com""}",NCT03945188,,,,,"New York, NY",,P0,,,,,
WAVE2-IBD-002,Ozanimod (Zeposia),Bristol Myers Squibb,,Phase 3/Approved,UC | CD,S1P1/5,Selective S1P receptor modulation,United States,0.96,"{""clinicaltrials"": ""https://clinicaltrials.gov/search?term=ozanimod"", ""company"": ""https://www.bms.com""}",NCT02435992,,,,,"Princeton, NJ",,P0,,,,,
WAVE2-SLE-001,Anifrolumab (Saphnelo),AstraZeneca,,Phase 3/Approved,SLE,IFNAR,Blocks type I interferon signaling,Europe,0.96,"{""clinicaltrials"": ""https://clinicaltrials.gov/search?term=anifrolumab"", ""company"": ""https://www.astrazeneca.com""}",NCT02446912,,,,,"Cambridge, UK",,P0,,,,,
WAVE2-SLE-002,Obinutuzumab,Roche/Genentech,,Phase 3,Lupus Nephritis,CD20,Enhanced B cell depletion,Europe,0.89,"{""clinicaltrials"": ""https://clinicaltrials.gov/search?term=obinutuzumab+lupus"", ""company"": ""https://www.roche.com""}",NCT04221477,,,,,"Basel, Switzerland",,P0,,,,,
WAVE2-CHINA-001,匹康奇拜单抗 (IBI-112),Innovent Biologics (信达生物),,Phase 3/NDA,Psoriasis | UC,IL-23 p19,Quarterly dosing IL-23 inhibition,China,0.89,"{""clinicaltrials"": ""https://clinicaltrials.gov/search?term=IBI-112"", ""company"": ""https://www.innoventbio.com""}",NCT05128857,,,,,"Suzhou, China",,P0,,,,,
WAVE2-CHINA-002,IBI-311 (替妥尤单抗),Innovent Biologics (信达生物),,Phase 3/Approved,Thyroid Eye Disease,IGF-1R,Blocks IGF-1R signaling in TED,China,0.92,"{""clinicaltrials"": ""https://clinicaltrials.gov/search?term=IBI-311"", ""company"": ""https://www.innoventbio.com""}",NCT05040455,,,,,"Suzhou, China",,P0,,,,,
WAVE2-CHINA-003,IBI-3002,Innovent Biologics (信达生物),,Phase 1,Asthma | AD,IL-4Rα/TSLP,Dual blockade of IL-4Rα and TSLP pathways,China,0.76,"{""company"": ""https://www.innoventbio.com""}",,,,,,"Suzhou, China",,P1,,,,,
WAVE2-CHINA-004,AK101 (依若奇单抗),Akeso Biopharma (康方生物),,Phase 3/NDA,Psoriasis | UC,IL-12/IL-23 p40,Blocks IL-12 and IL-23 pathways,China,0.89,"{""clinicaltrials"": ""https://clinicaltrials.gov/search?term=AK101+Akeso"", ""company"": ""https://www.akesobio.com""}",NCT04905246,,,,,"Zhongshan, China",,P0,,,,,
WAVE2-CHINA-005,AK111 (古莫奇单抗),Akeso Biopharma (康方生物),,Phase 3,Psoriasis | AS,IL-17,IL-17 pathway inhibition,China,0.87,"{""clinicaltrials"": ""https://clinicaltrials.gov/search?term=AK111+Akeso"", ""company"": ""https://www.akesobio.com""}",NCT05132098,,,,,"Zhongshan, China",,P1,,,,,
WAVE2-CHINA-006,CM310 (司普奇拜单抗),Keymed Biosciences (康诺亚),,Phase 3/Approved,Atopic Dermatitis | CRSwNP,IL-4Rα,Dual blockade of IL-4 and IL-13,China,0.93,"{""clinicaltrials"": ""https://clinicaltrials.gov/search?term=CM310"", ""company"": ""https://www.keymedbio.com""}",NCT05286499,,,,,"Chengdu, China",,P0,,,,,
WAVE2-CHINA-007,CM326,Keymed Biosciences (康诺亚),,Phase 2,Asthma | AD | CRSwNP,TSLP,Upstream blockade of type 2 inflammation,China,0.87,"{""clinicaltrials"": ""https://clinicaltrials.gov/search?term=CM326"", ""company"": ""https://www.keymedbio.com""}",NCT05558071,,,,,"Chengdu, China",,P1,,,,,
WAVE2-EUROPE-001,Zetomipzomib,Kezar Life Sciences,,Phase 2,SLE | LN,Immunoproteasome,Selective immunoproteasome inhibition,Europe,0.81,"{""clinicaltrials"": ""https://clinicaltrials.gov/search?term=zetomipzomib"", ""company"": ""https://www.kezarlifesciences.com""}",NCT05047201,,,,,"South San Francisco, CA",,P1,,,,,
WAVE2-JAPAN-001,Zigakibart (ALPN-303 related),Alpine Immune Sciences/Vertex,,Phase 3,IgAN,APRIL,Blocks APRIL-mediated B cell activation,Japan,0.85,"{""clinicaltrials"": ""https://clinicaltrials.gov/search?term=zigakibart"", ""company"": ""https://www.alpineimmunesciences.com""}",NCT05732402,,,,,"Seattle, WA (partnered with Asian companies)",,P1,,,,,
WAVE2-IL17-020,Bimekizumab (Bimzelx),UCB,,Phase 3/Approved,Psoriasis | PsA | AS,IL-17A/IL-17F,Blocks both IL-17A and IL-17F,Europe,0.96,"{""clinicaltrials"": ""https://clinicaltrials.gov/search?term=bimekizumab"", ""company"": ""https://www.ucb.com""}",NCT03370133,,,,,"Brussels, Belgium",,P0,,,,,
WAVE2-JAK-020,Filgotinib (Jyseleca),Gilead/Galapagos,,Phase 3/Approved,UC | RA,JAK1,JAK1 pathway inhibition,Europe,0.93,"{""clinicaltrials"": ""https://clinicaltrials.gov/search?term=filgotinib"", ""company"": ""https://www.gilead.com""}",NCT02914561,,,,,"Mechelen, Belgium",,P0,,,,,
WAVE2-JAK-021,Peficitinib,Daiichi Sankyo,,Phase 3/Approved (JP),RA | PsA,JAK1/3,Inhibits JAK1 and JAK3,Japan,0.89,"{""clinicaltrials"": ""https://clinicaltrials.gov/search?term=peficitinib"", ""company"": ""https://www.daiichisankyo.com""}",NCT02350428,,,,,"Tokyo, Japan",,P1,,,,,
WAVE2-IL5-001,Depemokimab,GSK,,Phase 3,Severe Asthma | Eosinophilic Esophagitis,IL-5,Long-acting IL-5 inhibition,Europe,0.86,"{""clinicaltrials"": ""https://clinicaltrials.gov/search?term=depemokimab"", ""company"": ""https://www.gsk.com""}",NCT04719983,,,,,"London, UK",,P1,,,,,
WAVE2-S1P-003,Ponesimod,Janssen,,Phase 3/Approved,Multiple Sclerosis,S1P1,Selective S1P1 receptor modulation,Europe,0.89,"{""clinicaltrials"": ""https://clinicaltrials.gov/search?term=ponesimod"", ""company"": ""https://www.janssen.com""}",NCT02425656,,,,,"Beerse, Belgium",,P1,,,,,
WAVE2-CD40L-001,Dapirolizumab pegol,Biogen/UCB,,Phase 3,SLE,CD40L,Blocks CD40-CD40L costimulation,Europe,0.86,"{""clinicaltrials"": ""https://clinicaltrials.gov/search?term=dapirolizumab"", ""company"": ""https://www.biogen.com""}",NCT04294667,,,,,"Cambridge, MA/Brussels, Belgium",,P1,,,,,
WAVE2-IL2-001,Rezpegaldesleukin (LY3471851),Eli Lilly,,Phase 2,AD | Psoriasis,IL-2/IL-15 receptor,Activates regulatory T cells (Tregs),United States,0.82,"{""clinicaltrials"": ""https://clinicaltrials.gov/search?term=rezpegaldesleukin"", ""company"": ""https://www.lilly.com""}",NCT05134662,,,,,"Indianapolis, IN",,P1,,,,,
WAVE2-INTEGRIN-001,Vedolizumab (Entyvio),Takeda,,Phase 3/Approved,UC | CD,α4β7 integrin,Gut-selective anti-inflammatory,Japan,0.96,"{""clinicaltrials"": ""https://clinicaltrials.gov/search?term=vedolizumab"", ""company"": ""https://www.takeda.com""}",NCT00783651,,,,,"Osaka, Japan",,P0,,,,,
W3_CB_001,舶望 BW-00112,舶望制药,,Preclinical,心血管疾病、高血脂,siRNA,siRNA药物，靶向PCSK9，降低LDL-C,China,0.0,"{""company_url"": ""https://www.argobiopharma.com"", ""clinicaltrials_url"": """", ""publication_url"": """"}",,IND申请预计2025-2026,预计2026年进入临床,https://www.pharmcube.com/news/detail/0e95ce12990d0d9562106a785d664a86,,,,,,,临床前开发中,,
W3_CB_002,舶望 BW-Autoimmune-01,舶望制药,,Preclinical,自身免疫性疾病,未披露,siRNA药物，靶向炎症相关基因,China,0.0,N/A,,靶点验证,预计2026-2027年IND,https://bydrug.pharmcube.com/news/detail/0e95ce12990d0d9562106a785d664a86,,,,,,,临床前研究,,
W3_CB_003,来凯 LAE103,来凯医药,,Preclinical,肌肉萎缩疾病,ActRIIB,ActRIIB选择性抗体，抑制肌生长抑制素通路,China,0.0,N/A,,IND申请,2025年申报IND,https://laekna.com/new/450.html,,,,,,,IND-enabling研究,,
W3_CB_004,来凯 LAE123,来凯医药,,Preclinical,肌肉萎缩疾病,ActRIIA/IIB,ActRIIA/IIB双靶点抑制剂，促进肌肉再生,China,0.0,N/A,,推进至PCC,2025年底PCC,https://laekna.com/new/450.html,,,,,,,PCC阶段,,
W3_CB_005,来凯 LAE117,来凯医药,,Preclinical,自身免疫性疾病,NK/T调节剂,NK/T细胞调节剂,China,0.0,N/A,,候选药物确定,2025-2026年,https://www.hangyan.co/charts/3280490363793442110,,,,,,,先导化合物优化,,
W3_CB_006,来凯 LAE119,来凯医药,,Preclinical,自身免疫性疾病,PARP1,PARP1抑制剂,China,0.0,N/A,,先导化合物筛选,待定,https://www.hangyan.co/charts/3280490363793442110,,,,,,,早期研发,,
W3_CB_007,康宁杰瑞 JSKN016,康宁杰瑞,,Preclinical,自身免疫相关肿瘤,HER3/TROP2,HER3/TROP2双抗ADC,China,0.0,N/A,,I期临床,2024-2025年,https://www.alphamabonc.com/fanti/html/news/2730.html,,,,,,,IND申请2024年获批,,
W3_CB_008,康宁杰瑞 KN052,康宁杰瑞,,Preclinical,自身免疫性疾病,PD-L1/OX40,PD-L1/OX40双特异性抗体,China,0.0,N/A,,IND申请,待定,https://www.alphamabonc.com/html/news/2755.html,,,,,,,临床前研究,,
W3_CB_009,百奥泰 BAT4406F,百奥泰,,Phase 1,视神经脊髓炎,CD20,抗CD20单克隆抗体，创新生物药,China,0.0,N/A,,I期数据,2025年,https://www.hangyan.co/charts/3409015901129803403,,,,,,,I期临床,,
W3_CB_010,百奥泰 BAT2306,百奥泰,,Phase 3,银屑病、强直性脊柱炎、非射线照相中轴型脊柱关节炎,IL-17A,司库奇尤单抗生物类似药,China,0.0,N/A,,III期数据读出,2025-2026年,https://www.hangyan.co/charts/3409015901129803403,,,,,,,国际III期临床,,
W3_CB_011,百奥泰 BAT2506,百奥泰,,Phase 3,类风湿性关节炎、银屑病关节炎、强直性脊柱炎、溃疡性结肠炎,TNF-α,戈利木单抗生物类似药,China,0.0,N/A,,NDA申请,2025年,https://www.hangyan.co/charts/3409015901129803403,,,,,,,全球III期临床,,
W3_CB_012,复宏汉霖 HLX14,复宏汉霖,,Preclinical,自身免疫性骨病,RANKL,抗RANKL单克隆抗体,China,0.0,N/A,,IND申请,待定,https://www.henlius.com,,,,,,,临床前研究,,
W3_CB_013,复宏汉霖 HLX36,复宏汉霖,,Preclinical,自身免疫性疾病,未披露,创新双抗,China,0.0,N/A,,候选药物确定,待定,https://www.henlius.com,,,,,,,早期研发,,
W3_CB_014,迈威 9MW3811,迈威生物,,Preclinical,自身免疫性疾病,IL-11,抗IL-11单克隆抗体,China,0.0,N/A,,IND申请,2025-2026年,https://www.mabwell.com,,,,,,,临床前研究,,
W3_CB_015,迈威 9MW1411,迈威生物,,Preclinical,自身免疫性皮肤病,未披露,创新抗体,China,0.0,N/A,,IND申请,待定,https://www.mabwell.com,,,,,,,临床前研究,,
W3_CB_016,三生国健 621,三生国健,,Preclinical,慢性阻塞性肺病,IL-33,抗IL-33单克隆抗体,China,0.0,N/A,,IND申请,2025-2026年,http://mp.weixin.qq.com/s?__biz=Mzg2NTcwNDMzNg==,,,,,,,临床前研发,,
W3_CB_017,三生国健 620,三生国健,,Preclinical,实体瘤,VSIG-4,抗VSIG-4单克隆抗体,China,0.0,N/A,,IND申请,待定,http://mp.weixin.qq.com/s?__biz=Mzg2NTcwNDMzNg==,,,,,,,临床前研发,,
W3_CB_018,德琪 ATG-201,德琪医药,,Preclinical,B细胞驱动的自身免疫性疾病,CD19/CD3,CD19xCD3 T细胞衔接器,China,0.0,N/A,,IND申请,2025Q4,https://www.antengene.com,,,,,,,临床前研究，预计2025Q4提交IND,,
W3_CB_019,德琪 ATG-207,德琪医药,,Preclinical,T细胞驱动的自身免疫性疾病,未披露,双功能大分子药物，诱导T细胞耗竭,China,0.0,N/A,,数据公布,2026年,https://www.antengene.com,,,,,,,临床前研究，2026年学术会议公布数据,,
W3_CB_020,费米子 FZ007-119,费米子,,Preclinical,银屑病、炎症性肠病、类风湿性关节炎,TYK2,TYK2 JH2选择性抑制剂，选择性超过万倍,China,0.0,N/A,,I期临床,2024-2025年,https://www.vbdata.cn/1518955248,,,,,,,IND获批2024年2月,,
W3_CB_021,费米子 FZ-Auto-01,费米子,,Preclinical,自身免疫性疾病,未披露,AI驱动小分子药物,China,0.0,N/A,,先导化合物优化,待定,https://www.vbdata.cn/1518955248,,,,,,,临床前研究,,
W3_CB_022,康诺亚 CM355,康诺亚,,Phase 1/2,B细胞非霍奇金淋巴瘤,CD3/CD20,CD3/CD20双特异性抗体,China,0.0,N/A,,临床数据,2025年,https://www.keymedbio.com,,,,,,,临床I/II期,,
W3_CB_023,康诺亚 CM336,康诺亚,,Preclinical,多发性骨髓瘤,BCMA/CD3,BCMA/CD3双特异性抗体,China,0.0,N/A,,IND申请,待定,https://www.keymedbio.com,,,,,,,临床前研究,,
W3_CB_024,科伦博泰 SKB571,科伦博泰,,Preclinical,自身免疫性疾病,未披露,创新双抗ADC,China,0.0,N/A,,IND申请,待定,https://www.kelun-biotech.com,,,,,,,临床前研究,,
W3_CB_025,翰森 HS-10290,翰森制药,,Preclinical,自身免疫性疾病,未披露,创新小分子,China,0.0,N/A,,IND申请,待定,https://www.hansoh.cn,,,,,,,临床前研究,,
W3_CB_026,和黄医药 HMPL-523,和黄医药,,Phase 2,免疫性血小板减少症、温抗体型自身免疫溶血性贫血,Syk,Syk抑制剂,China,0.0,N/A,,II期数据,2025年,https://www.hutch-med.com,,,,,,,II期临床,,
W3_CB_027,和黄医药 HMPL-306,和黄医药,,Preclinical,自身免疫性疾病相关肿瘤,IDH1/2,IDH1/2双重抑制剂,China,0.0,N/A,,IND申请,待定,https://www.hutch-med.com,,,,,,,临床前研究,,
W3_CB_028,石药集团 SYSA-1803,石药集团,,Preclinical,自身免疫性胃肠疾病,Claudin 18.2,Claudin 18.2 ADC,China,0.0,N/A,,IND申请,待定,https://www.cspc.com.hk,,,,,,,临床前研究,,
W3_CB_029,中国生物制药 TQB2930,正大天晴,,Phase 1,自身免疫性疾病,未披露,创新双抗,China,0.0,N/A,,I期数据,2025年,https://www.ctq.com.cn,,,,,,,I期临床,,
W3_CB_030,神州细胞 SCTB35,神州细胞,,Phase 1/2,系统性红斑狼疮,CD3/CD20,CD3/CD20双特异性T细胞衔接器,China,0.0,N/A,,临床数据,2025-2026年,https://xueqiu.com/4797094524/311724808,,,,,,,I/II期临床,,
W3_CB_031,泽璟 ZG0895,泽璟制药,,Phase 1/2,自身免疫性疾病,TLR8,TLR8激动剂,China,0.0,N/A,,临床数据,2025年,https://www.zelgen.com,,,,,,,I/II期临床,,
W3_CB_032,泽璟 ZGGS18,泽璟制药,,Phase 1/2,自身免疫性疾病,VEGF/TGF-β,VEGF/TGF-β双抗,China,0.0,N/A,,临床数据,2025年,https://www.zelgen.com,,,,,,,I/II期临床,,
W3_CB_033,泽璟 ZGGS15,泽璟制药,,Phase 1/2,自身免疫性疾病,LAG-3/TIGIT,LAG-3/TIGIT双抗,China,0.0,N/A,,临床数据,2025年,https://www.zelgen.com,,,,,,,I/II期临床,,
W3_CB_034,艾力斯 AFX-01,艾力斯医药,,Preclinical,自身免疫性疾病,未披露,创新小分子,China,0.0,N/A,,IND申请,待定,https://www.ars-pharma.com,,,,,,,临床前研究,,
W3_CB_035,先声 SIM0254,先声药业,,Preclinical,自身免疫性疾病,未披露,创新小分子,China,0.0,N/A,,IND申请,待定,https://www.simcere.com,,,,,,,临床前研究,,
W3_TG_001,Epcoritamab,AbbVie/Genmab,,Preclinical,系统性红斑狼疮,CD3/CD20,CD3/CD20双特异性T细胞衔接器，深度清除B细胞,美国,0.0,N/A,,IND申请,2025-2026年,https://bydrug.pharmcube.com/news/detail/c30ea23a95fbd39a8f6a99c533cd239b,,,,,,,临床前评估自免适应症,,
W3_TG_002,Mosunetuzumab-SLE,Roche,,Phase 1,系统性红斑狼疮,CD3/CD20,CD3/CD20双特异性抗体，皮下注射,United States,0.0,N/A,,I期数据读出,2025年,https://bydrug.pharmcube.com/news/detail/c30ea23a95fbd39a8f6a99c533cd239b,,,,,,,I期临床进行中,,
W3_TG_003,Imrotamab,IGM Biosciences,,Phase 3,类风湿性关节炎,CD3/CD20,CD3/CD20双特异性抗体,美国,0.0,N/A,,III期数据,2025-2026年,https://file.iyanbao.com/pdf/8e03b-632bf7ca-6d18-4625-be41-e39a8239bae4.pdf,,,,,,,III期临床,,
W3_TG_004,GB261,嘉和生物/TRC 2004,,Phase 1,自身免疫性疾病,CD3/CD20,超低亲和力CD3/CD20双抗，差异化设计,China,0.0,N/A,,临床数据,2025-2026年,https://xueqiu.com/4797094524/299879180,,,,,,,I期临床，2024年授权出海,,
W3_TG_005,CMG1A46,恩沐生物/GSK,,Phase 1,系统性红斑狼疮、狼疮性肾炎,CD3/CD19/CD20,CD3/CD19/CD20三抗，TAA与CD3为2:1价态设计,全球,0.0,N/A,,自免适应症IND,2025年,https://xueqiu.com/4797094524/310154695,,,,,,,I期临床，2025年进入自免临床,,
W3_TG_006,CN201,同润生物/默沙东,,Phase 2,自身免疫性疾病,CD3/CD19,CD3/CD19双特异性抗体,全球,0.0,N/A,,II期数据,2025-2026年,https://xueqiu.com/4797094524/310154695,,,,,,,II期临床，2024年授权,,
W3_TG_007,A-319,亿一生物,,Phase 1,系统性红斑狼疮,CD3/CD19,CD3/CD19双特异性抗体,China,0.0,N/A,,临床数据,2025年,https://file.iyanbao.com/pdf/8e03b-632bf7ca-6d18-4625-be41-e39a8239bae4.pdf,,,,,,,I期临床,,
W3_TG_008,Ivonescimab,康方生物/Akeso,,Approved,自身免疫相关肿瘤,PD-1/VEGF,PD-1/VEGF双特异性抗体，全球首创,China,0.0,N/A,,适应症扩展,持续扩展,https://www.prnewswire.com/news-releases/akesos-2024-results,,,,,,,已获批上市（中国）,,
W3_TG_009,SSGJ-707,三生制药/辉瑞,,Phase 2/3,肿瘤、潜在自免应用,PD-1/VEGF,PD-1/VEGF双特异性抗体,China,0.0,N/A,,III期数据,2025-2026年,http://mp.weixin.qq.com/s?__biz=MzIzMDE1NjU4MA==,,,,,,,II/III期临床，2025年授权辉瑞,,
W3_TG_010,LM-299,礼新医药/默沙东,,Phase 1,肿瘤,PD-1/VEGF,PD-1/VEGF双特异性抗体，差异化分子设计,全球,0.0,N/A,,临床数据,2025-2026年,https://en.genomeditech.com/news/detail?id=275,,,,,,,I期临床，2024年授权默沙东,,
W3_TG_011,JS207,君实生物,,Preclinical,自身免疫性疾病相关肿瘤,PD-1/VEGF,PD-1/VEGF双特异性抗体,China,0.0,N/A,,IND申请,待定,https://www.junshipharma.com,,,,,,,临床前研究,,
W3_TG_012,RC148,荣昌生物,,Preclinical,自身免疫性疾病,PD-1/VEGF,PD-1/VEGF双特异性抗体,China,0.0,N/A,,IND申请,待定,https://www.remegen.com,,,,,,,临床前研究,,
W3_TG_013,Dupilumab-follow-on,多家,,Preclinical,特应性皮炎、哮喘,IL-4Rα,IL-4Rα抑制剂，对标度普利尤单抗,全球,0.0,N/A,,IND申请,2025-2027年,https://w.bioon.com.cn/article/c1ef2958350e,,,,,,,多款产品临床前开发,,
W3_TG_014,CM512,康诺亚,,Phase 2,特应性皮炎、哮喘,IL-13/TSLP,IL-13/TSLP双特异性抗体,China,0.0,N/A,,II期数据,2025-2026年,https://pdf.dfcfw.com/pdf/H3_AP202507171710585327_1.pdf,,,,,,,II期临床，2024年授权Belenos,,
W3_TG_015,IBI3002,信达生物,,Phase 1,特应性皮炎、哮喘,IL-4Rα/TSLP,IL-4Rα/TSLP双特异性抗体，全球首创,China,0.0,N/A,,I期数据,2025年,https://pdf.dfcfw.com/pdf/H3_AP202507171710585327_1.pdf,,,,,,,I期临床,,
W3_TG_016,ZL-1503,再鼎医药,,Preclinical,特应性皮炎,IL-13/IL-31,IL-13/IL-31双特异性抗体，同时抑制炎症和瘙痒,全球,0.0,N/A,,IND申请,2025年,https://www.pharnexcloud.com/zixun/lcyj_20676,,,,,,,临床前研究，2024年EADV口头报告,,
W3_TG_017,PX128,Proteologix/J&J,,Phase 1,特应性皮炎、哮喘,IL-13/TSLP,IL-13/TSLP双特异性抗体,全球,0.0,N/A,,I期数据,2025-2026年,http://mp.weixin.qq.com/s?__biz=Mzg5OTA3NjM3Mw==,,,,,,,I期临床，2024年J&J收购,,
W3_TG_018,PX130,Proteologix/J&J,,Preclinical,特应性皮炎,IL-13/IL-22,IL-13/IL-22双特异性抗体,全球,0.0,N/A,,IND申请,2025年,http://mp.weixin.qq.com/s?__biz=Mzg5OTA3NjM3Mw==,,,,,,,临床前研究，2024年J&J收购,,
W3_TG_019,Lunsekimig,Sanofi,,Phase 2,特应性皮炎、哮喘,TSLP/IL-13,TSLP/IL-13双特异性抗体,全球,0.0,N/A,,II期数据,2025-2026年,https://pdf.dfcfw.com/pdf/H3_AP202502071642860570_1.pdf,,,,,,,II期临床,,
W3_TG_020,PF-07275315,Pfizer,,Phase 2,特应性皮炎,IL-4/IL-13/TSLP,IL-4/IL-13/TSLP三特异性抗体,全球,0.0,N/A,,II期数据,2025-2026年,https://bydrug.pharmcube.com/news/detail/d573b2e6e499825940a43a40d7298979,,,,,,,II期临床,,
W3_TG_021,PF-07264660,Pfizer,,Phase 2,特应性皮炎,IL-4/IL-13/IL-33,IL-4/IL-13/IL-33三特异性抗体,全球,0.0,N/A,,II期数据,2025-2026年,https://bydrug.pharmcube.com/news/detail/d573b2e6e499825940a43a40d7298979,,,,,,,II期临床,,
W3_TG_022,Tezepelumab-extend,Amgen/AstraZeneca,,Phase 3,特应性皮炎、COPD,TSLP,TSLP单克隆抗体，适应症扩展,全球,0.0,N/A,,III期数据,2025-2026年,https://pdf.dfcfw.com/pdf/H3_AP202502071642860570_1.pdf,,,,,,,III期临床,,
W3_TG_023,SHR-1905,恒瑞医药/One Bio,,Phase 2,哮喘、慢性鼻窦炎伴鼻息肉,TSLP,TSLP单克隆抗体,China,0.0,N/A,,II期数据,2025年,https://pdf.dfcfw.com/pdf/H3_AP202502071642860570_1.pdf,,,,,,,II期临床,,
W3_TG_024,CM326,康诺亚,,Phase 2,特应性皮炎、哮喘、慢性鼻窦炎伴鼻息肉,TSLP,TSLP单克隆抗体,China,0.0,N/A,,II期数据,2025年,https://pdf.dfcfw.com/pdf/H3_AP202502071642860570_1.pdf,,,,,,,II期临床,,
W3_TG_025,TQC2731,正大天晴,,Phase 2,哮喘、慢性鼻窦炎伴鼻息肉、特应性皮炎,TSLP,TSLP单克隆抗体，长效,China,0.0,N/A,,II期数据,2025年,https://pdf.dfcfw.com/pdf/H3_AP202502071642860570_1.pdf,,,,,,,II期临床，每月1次给药,,
W3_TG_026,Meplazumab,中国生物制药,,Phase 1,哮喘,IL-5,抗IL-5单克隆抗体,China,0.0,N/A,,I期数据,2025年,https://pdf.dfcfw.com/pdf/H3_AP202411281641100230_1.pdf,,,,,,,I期临床,,
W3_TG_027,Secukinumab-bio,多家,,Phase 3,银屑病、强直性脊柱炎,IL-17A,司库奇尤单抗生物类似药,全球,0.0,N/A,,NDA申请,2025-2026年,https://www.hangyan.co/charts/3409015901129803403,,,,,,,III期临床,,
W3_TG_028,Ixekizumab-bio,多家,,Phase 3,银屑病,IL-17A,依奇珠单抗生物类似药,全球,0.0,N/A,,NDA申请,2025-2026年,https://www.hangyan.co/charts/3409015901129803403,,,,,,,III期临床,,
W3_TG_029,Guselkumab-bio,中国生物制药,,Phase 3,银屑病,IL-23p19,古塞奇尤单抗生物类似药,China,0.0,N/A,,NDA申请,2025-2026年,https://pdf.dfcfw.com/pdf/H3_AP202411281641100230_1.pdf,,,,,,,III期临床,,
W3_TG_030,Risankizumab-bio,多家,,Phase 3,银屑病、克罗恩病,IL-23p19,瑞莎珠单抗生物类似药,全球,0.0,N/A,,NDA申请,2025-2026年,https://pdf.dfcfw.com/pdf/H3_AP202411281641100230_1.pdf,,,,,,,III期临床,,
W3_TG_031,Adalimumab-biosimilar,多家,,Approved,类风湿性关节炎、强直性脊柱炎、银屑病、克罗恩病,TNF-α,阿达木单抗生物类似药,全球,0.0,N/A,,持续商业化,持续,https://www.hangyan.co/charts/3409015901129803403,,,,,,,已上市/NDA审查中,,
W3_TG_032,ABBV-230,AbbVie/OSE Immunotherapeutics,,Phase 1,慢性炎症,ChemR23,ChemR23激动性抗体，促进炎症消退,全球,0.0,N/A,,I期数据,2025年,https://www.fiercebiotech.com/biotech/abbvie-hands-back-phase-1-duties-chronic-inflammation-drug-partner-ose,,,,,,,I期临床,,
W3_TG_033,Nimble IL23R-inhibitor,AbbVie/Nimble,,Preclinical,银屑病、炎症性肠病,IL-23R,口服多肽IL-23R抑制剂,全球,0.0,N/A,,IND申请,2025-2026年,https://news.abbvie.com/2024-12-13-AbbVie-to-Acquire-Nimble-Therapeutics,,,,,,,临床前研究，2024年收购,,
W3_TG_034,NM26,Numab/J&J,,Phase 2,特应性皮炎,IL-4Rα/IL-31,IL-4Rα/IL-31双特异性抗体,全球,0.0,N/A,,II期数据（已终止）,2025年,https://www.fiercebiotech.com/biotech/jj-scoops-another-atopic-dermatitis-drug-for-125b,,,,,,,II期临床，2024年J&J收购,,
W3_TG_035,Rocatinlimab,Amgen/Kyowa Kirin,,Phase 3,特应性皮炎,OX40,抗OX40人源单克隆抗体，清除致病性T细胞,全球,0.0,N/A,,III期数据,2026-2027年,https://www.delveinsight.com/blog/atopic-dermatitis-treatment-pipeline,,,,,,,III期临床（ROCKET项目）,,
W3_TG_036,Amlitelimab,Sanofi,,Phase 3,特应性皮炎,OX40L,抗OX40L单克隆抗体,全球,0.0,N/A,,III期数据,2025-2026年,https://www.sanofi.com,,,,,,,III期临床,,
W3_TG_037,Nemolizumab,Galderma,,Approved,特应性皮炎、结节性痒疹,IL-31R,抗IL-31受体A单克隆抗体,全球,0.0,N/A,,适应症扩展,持续,https://www.delveinsight.com/blog/atopic-dermatitis-treatment-pipeline,,,,,,,已获批,,
W3_TG_038,MRT-6160,Monte Rosa/Novartis,,Phase 1,类风湿性关节炎、炎症性肠病、多发性硬化,VAV1,VAV1分子胶降解剂，口服,全球,0.0,N/A,,I期数据,2025年,https://www.monterosatx.com/pipeline/,,,,,,,I期临床，2024年授权Novartis,,
W3_IN_001,Rezpegaldesleukin,Nektar Therapeutics,,Phase IIb,特应性皮炎,IL-2,调节性T细胞刺激剂，恢复免疫耐受,美国,0.0,N/A,,IIb期数据,2025年,https://www.delveinsight.com/blog/atopic-dermatitis-treatment-pipeline,,,,,,,IIb期临床,,
W3_IN_002,Lebrikizumab-AD,Eli Lilly,,Approved,特应性皮炎,IL-13,IL-13选择性单克隆抗体,全球,0.0,N/A,,适应症扩展,持续,https://www.delveinsight.com/blog/atopic-dermatitis-treatment-pipeline,,,,,,,已获批（欧洲）,,
W3_IN_003,Tralokinumab-AD,LEO Pharma,,Approved,特应性皮炎,IL-13,IL-13单克隆抗体,全球,0.0,N/A,,适应症扩展,持续,https://www.delveinsight.com/blog/atopic-dermatitis-treatment-pipeline,,,,,,,已获批,,
W3_IN_004,Tapinarof,Dermavant Sciences,,Phase 3,特应性皮炎,AHR,外用芳烃受体调节剂,美国,0.0,N/A,,NDA申请,2025-2026年,https://www.delveinsight.com/blog/atopic-dermatitis-treatment-pipeline,,,,,,,III期临床,,
W3_IN_005,Roflumilast cream,Arcutis Biotherapeutics,,Approved,特应性皮炎,PDE4,磷酸二酯酶4抑制剂，外用,美国,0.0,N/A,,适应症扩展,持续,https://www.delveinsight.com/blog/atopic-dermatitis-treatment-pipeline,,,,,,,已获批（0.15%浓度）,,
W3_IN_006,Cobomarsen,miRagen/Servier,,Phase 2,特应性皮炎,miR-155,反义寡核苷酸，抑制miR-155,全球,0.0,N/A,,II期数据,2025年,https://www.delveinsight.com/blog/atopic-dermatitis-treatment-pipeline,,,,,,,II期临床,,
W3_IN_007,Cendakimab,AstraZeneca,,Phase 3,嗜酸性粒细胞性食管炎,IL-13,IL-13单克隆抗体,全球,0.0,N/A,,NDA申请,2025年,https://www.astrazeneca.com,,,,,,,III期临床,,
W3_IN_008,Mepolizumab-extend,GSK,,Approved,嗜酸性粒细胞性食管炎,IL-5,IL-5单克隆抗体，适应症扩展,全球,0.0,N/A,,其他适应症,持续,https://www.gsk.com,,,,,,,已获批,,
W3_IN_009,Benralizumab-asthma,AstraZeneca,,Approved,重症哮喘,IL-5Rα,IL-5受体α单克隆抗体,全球,0.0,N/A,,适应症扩展,持续,https://www.astrazeneca.com,,,,,,,已获批,,
W3_IN_010,Depemokimab,GSK,,Phase 3,重症哮喘,IL-5,长效IL-5单克隆抗体，6个月一次给药,全球,0.0,N/A,,NDA申请,2025年,https://www.gsk.com,,,,,,,III期临床,,
W3_IN_011,MG-014,麦济生物,,Phase 1,哮喘、COPD,TSLP,长效抗TSLP单克隆抗体，6个月给药间隔,China,0.0,N/A,,I期数据,2025年,http://mp.weixin.qq.com/s?__biz=Mzg3OTc3NjczMw==,,,,,,,I期临床,,
W3_IN_012,Obefazimod,Abivax,,Phase 3,溃疡性结肠炎,未公开,小分子调节剂，修复肠道屏障,欧洲,0.0,N/A,,III期数据,2025年,https://www.abivax.com/pipeline/,,,,,,,III期临床,,
W3_IN_013,NXEO033744,Nxera Pharma,,Phase 1,炎症性肠病,EP4,EP4激动剂,美国,0.0,N/A,,I期数据,2025年,https://investors.nxera.life/common/pdf/20250829_ESG_Report_2024_EN.pdf,,,,,,,I期临床,,
W3_IN_014,WTX-921,Werewolf Therapeutics,,Preclinical,炎症性肠病,IL-10,条件激活IL-10 INDUKINE分子,美国,0.0,N/A,,IND申请,2025-2026年,http://pdf.secdatabase.com/853/0001785530-25-000013.pdf,,,,,,,临床前研究,,
W3_IN_015,NM81,Numab Therapeutics/Kaken,,Preclinical,溃疡性结肠炎、克罗恩病,α4β7/TL1A,α4β7/TL1A双特异性抗体,全球,0.0,N/A,,IND申请,2025-2026年,https://forbion.com/news-insights/news/numab-therapeutics-and-kaken-pharmaceutical,,,,,,,临床前研究，2025年合作,,
W3_IN_016,HXN-1002,Earendil Labs/Sanofi,,Preclinical,溃疡性结肠炎、克罗恩病,α4β7/TL1A,α4β7/TL1A双特异性抗体,全球,0.0,N/A,,IND申请,2025-2026年,https://www.labiotech.eu/best-biotech/immunology-inflammation-deals/,,,,,,,临床前研究，2025年授权,,
W3_IN_017,HXN-1003,Earendil Labs/Sanofi,,Preclinical,炎症性肠病,TL1A/IL23,TL1A/IL23双特异性抗体,全球,0.0,N/A,,IND申请,2025-2026年,https://www.labiotech.eu/best-biotech/immunology-inflammation-deals/,,,,,,,临床前研究，2025年授权,,
W3_IN_018,PTG-200,Protagonist/Janssen,,Phase 1,克罗恩病、溃疡性结肠炎,IL-23R,口服IL-23受体拮抗剂多肽,全球,0.0,N/A,,I期数据,2025年,https://www.contractpharma.com/top-company-profile/johnson-johnson/,,,,,,,I期临床,,
W3_IN_019,MRT-6160-IBD,Monte Rosa/Novartis,,Phase 1,溃疡性结肠炎,VAV1,VAV1分子胶降解剂，口服,全球,0.0,N/A,,I期数据,2025年,https://www.biospace.com/monte-rosa-therapeutics-presents-preclinical-data,,,,,,,I期临床,,
W3_IN_020,RXC008,Redx Pharma,,Phase 1,纤维化性克罗恩病,ROCK,GI靶向ROCK抑制剂,英国,0.0,N/A,,I期数据,2025年,https://www.redxpharma.com/wp-content/uploads/2023/12/Redx-Annual-Results-RNS-December-2023.pdf,,,,,,,I期临床,,
W3_IN_021,YTB323,Novartis,,Phase 3,系统性红斑狼疮、狼疮性肾炎,CD19,CD19 CAR-T细胞治疗，深度B细胞清除,全球,0.0,N/A,,III期数据,2027年+,https://www.novartis.com/sites/novartis_com/files/novartis-immunology-portfolio-update-presentation.pdf,,,,,,,III期临床,,
W3_IN_022,Lupkynis-lupus,Aurinia Pharmaceuticals,,Approved,狼疮性肾炎,Calcineurin,钙调神经磷酸酶抑制剂,全球,0.0,N/A,,适应症扩展,持续,https://www.auriniapharma.com,,,,,,,已获批,,
W3_IN_023,Daxdilimab,Horizon/AbbVie,,Phase 3,泛发性脓疱型银屑病,IL-36R,IL-36受体拮抗剂,全球,0.0,N/A,,NDA申请,2025年,https://www.horizontherapeutics.com,,,,,,,III期临床,,
W3_IN_024,Spesolimab-extend,Boehringer Ingelheim,,Phase 2,溃疡性结肠炎,IL-36R,IL-36受体拮抗剂，适应症扩展,全球,0.0,N/A,,II期数据,2025-2026年,https://www.boehringer-ingelheim.com,,,,,,,II期临床,,
W3_IN_025,Bimekizumab-extend,UCB,,Approved,银屑病、银屑病关节炎,IL-17A/F,IL-17A/F双重抑制剂,全球,0.0,N/A,,适应症扩展,持续,https://www.ucb.com,,,,,,,已获批,,
W3_IN_026,Netakimab,BIOCAD,,Approved,银屑病、强直性脊柱炎,IL-17A,IL-17A单克隆抗体,全球,0.0,N/A,,欧美注册,2025-2026年,https://www.biocad.ru,,,,,,,已获批（俄罗斯等）,,
W3_IN_027,Olokizumab,R-Pharm,,Approved,类风湿性关节炎,IL-6,IL-6单克隆抗体,全球,0.0,N/A,,欧美注册,2025-2026年,https://r-pharm.com,,,,,,,已获批（俄罗斯）,,
W3_IN_028,Sirukumab,GSK/Janssen,,Phase 3,类风湿性关节炎,IL-6,IL-6单克隆抗体,全球,0.0,N/A,,NDA申请,2025年,https://www.gsk.com,,,,,,,III期临床,,
W3_IN_029,Namilumab,Kinevent,,Phase IIb,类风湿性关节炎,GM-CSF,GM-CSF单克隆抗体,全球,0.0,N/A,,III期启动,2025-2026年,https://www.kinevent.com,,,,,,,IIb期临床,,
W3_IN_030,VIB4920,Biolinerx/AstraZeneca,,Phase 2,系统性红斑狼疮、干燥综合征,CD40L,CD40L小分子抑制剂,全球,0.0,N/A,,II期数据,2025年,https://www.biolinerx.com,,,,,,,II期临床,,
W3_IN_031,Dazukibart,Pfizer,,Phase 3,皮肌炎、多发性肌炎,IFN-β,IFN-β单克隆抗体,全球,0.0,N/A,,III期数据,2025-2026年,https://cdn.pfizer.com/pfizercom/product-pipeline/Q4%202024%20Pipeline%20Update_vFINAL2_0.pdf,,,,,,,III期临床,,
W3_IN_032,PF-06835375,Pfizer,,Phase 2,免疫性血小板减少症、狼疮,CXCR5,CXCR5单克隆抗体,全球,0.0,N/A,,II期数据,2025-2026年,https://cdn.pfizer.com/pfizercom/product-pipeline/Q4%202024%20Pipeline%20Update_vFINAL2_0.pdf,,,,,,,II期临床,,
W3_MNC_001,ABBV-230,AbbVie,,Phase 1,慢性炎症性疾病,ChemR23,ChemR23激动性单克隆抗体，促进炎症消退和组织修复,全球,0.0,N/A,,I期数据,2025年,https://www.fiercebiotech.com/biotech/abbvie-hands-back-phase-1-duties-chronic-inflammation-drug-partner-ose,,,,,,,I期临床，OSE负责,,
W3_MNC_002,Nimble IL-23R peptide,AbbVie/Nimble,,Preclinical,银屑病、炎症性肠病,IL-23R,口服多肽IL-23R抑制剂,全球,0.0,N/A,,IND申请,2025-2026年,https://news.abbvie.com/2024-12-13-AbbVie-to-Acquire-Nimble-Therapeutics,,,,,,,临床前，2024年收购Nimble,,
W3_MNC_003,Riliprubart,Sanofi,,Phase 2,自身免疫性疾病,C1s,C1s补体抑制剂,全球,0.0,N/A,,II期数据,2025年,https://www.sanofi.com,,,,,,,II期临床,,
W3_MNC_004,SAR444459,Sanofi,,Phase 1,系统性红斑狼疮,IRF5,IRF5靶向小分子,全球,0.0,N/A,,I期数据,2025-2026年,https://www.sanofi.com,,,,,,,I期临床,,
W3_MNC_005,Tolebrutinib,Sanofi,,Phase 3,多发性硬化、重症肌无力,BTK,脑渗透性BTK抑制剂,全球,0.0,N/A,,III期数据,2025-2026年,https://www.sanofi.com,,,,,,,III期临床,,
W3_MNC_006,Frexalimab,Sanofi,,Phase 2/3,多发性硬化、干燥综合征,CD40L,抗CD40L单克隆抗体,全球,0.0,N/A,,II期数据,2025-2026年,https://www.sanofi.com,,,,,,,II/III期临床,,
W3_MNC_007,Lunsumio-SLE,Roche,,Phase 1,系统性红斑狼疮,CD3/CD20,CD3/CD20双特异性抗体,全球,0.0,N/A,,I期数据,2025年,https://assets.roche.com/f/176343/x/a460ba236d/pharmahy25.pdf,,,,,,,I期临床，皮下剂型,,
W3_MNC_008,Enspryng-extend,Roche,,Phase 3,自身免疫性脑炎、MOG-AD,IL-6R,抗IL-6受体单克隆抗体，适应症扩展,全球,0.0,N/A,,III期数据,2025-2026年,https://assets.roche.com/f/176343/x/a460ba236d/pharmahy25.pdf,,,,,,,III期临床,,
W3_MNC_009,Gazyva-lupus,Roche/Biogen,,Phase 3,狼疮性肾炎、膜性肾病,CD20,奥比妥珠单抗，适应症扩展,全球,0.0,N/A,,III期数据,2025年,https://assets.roche.com/f/176343/x/a460ba236d/pharmahy25.pdf,,,,,,,III期临床,,
W3_MNC_010,YTB323,Novartis,,Phase 3,系统性红斑狼疮、狼疮性肾炎,CD19,CD19 CAR-T细胞治疗,全球,0.0,N/A,,III期数据,2027年+,https://www.novartis.com/sites/novartis_com/files/novartis-immunology-portfolio-update-presentation.pdf,,,,,,,III期临床,,
W3_MNC_011,Ianalumab,Novartis,,Phase 3,干燥综合征、SLE、ITP,BAFF-R,BAFF受体单克隆抗体，双重作用机制,全球,0.0,N/A,,III期数据,2025-2026年,https://www.novartis.com/sites/novartis_com/files/novartis-immunology-portfolio-update-presentation.pdf,,,,,,,III期临床,,
W3_MNC_012,Rhapsido,Novartis,,Approved,慢性自发性荨麻疹、MS、MG,BTK,选择性BTK抑制剂，口服,全球,0.0,N/A,,适应症扩展,持续,https://www.novartis.com/sites/novartis_com/files/novartis-immunology-portfolio-update-presentation.pdf,,,,,,,已获批（CSU）,,
W3_MNC_013,MRT-6160,Novartis/Monte Rosa,,Phase 1,类风湿性关节炎、炎症性肠病、MS,VAV1,VAV1分子胶降解剂，口服,全球,0.0,N/A,,I期数据,2025年,https://www.biopharminternational.com/view/monte-rosa-and-novartis-partner,,,,,,,I期临床，2024年授权,,
W3_MNC_014,Monte Rosa-undisclosed,Novartis/Monte Rosa,,Preclinical,免疫介导疾病,未披露,分子胶降解剂,全球,0.0,N/A,,IND申请,2025-2026年,https://www.biopharminternational.com/view/monte-rosa-and-novartis-partner,,,,,,,临床前，2025年合作,,
W3_MNC_015,Nipocalimab,Johnson & Johnson,,Phase 3,重症肌无力、类风湿关节炎、SLE、HDFN,FcRn,抗FcRn单克隆抗体，阻断IgG循环,全球,0.0,N/A,,NDA申请,2025-2026年,https://www.biopharmadive.com/news/johnson-johnson-autoimmune-nipocalimab-results/706550/,,,,,,,III期临床,,
W3_MNC_016,PX128,Johnson & Johnson/Proteologix,,Phase 1,特应性皮炎、哮喘,IL-13/TSLP,IL-13/TSLP双特异性抗体,全球,0.0,N/A,,I期数据,2025-2026年,https://www.fiercebiotech.com/biotech/jj-scoops-another-atopic-dermatitis-drug-for-125b,,,,,,,I期临床，2024年收购,,
W3_MNC_017,PX130,Johnson & Johnson/Proteologix,,Preclinical,特应性皮炎,IL-13/IL-22,IL-13/IL-22双特异性抗体,全球,0.0,N/A,,IND申请,2025年,https://www.fiercebiotech.com/biotech/jj-scoops-another-atopic-dermatitis-drug-for-125b,,,,,,,临床前，2024年收购,,
W3_MNC_018,NM26,Johnson & Johnson/Numab,,Phase 2,特应性皮炎,IL-4Rα/IL-31,IL-4Rα/IL-31双特异性抗体,全球,0.0,N/A,,N/A,N/A,https://www.fiercebiotech.com/biotech/jj-scoops-another-atopic-dermatitis-drug-for-125b,,,,,,,II期临床（已终止）,,
W3_MNC_019,JNJ-2113,Johnson & Johnson,,Phase 3,银屑病,IL-23R,首个靶向口服IL-23受体多肽,全球,0.0,N/A,,III期数据,2025-2026年,https://www.contractpharma.com/top-company-profile/johnson-johnson/,,,,,,,III期临床（FRONTIER研究）,,
W3_MNC_020,Tremfya-extend,Johnson & Johnson,,Approved,溃疡性结肠炎、克罗恩病,IL-23p19,古塞奇尤单抗，适应症扩展,全球,0.0,N/A,,更多适应症,持续,https://www.jnj.com,,,,,,,已获批（UC）,,
W3_MNC_021,Mirikizumab,Eli Lilly,,Approved,溃疡性结肠炎、克罗恩病、银屑病,IL-23p19,IL-23p19单克隆抗体,全球,0.0,N/A,,适应症扩展,持续,https://www.lilly.com,,,,,,,已获批（UC）,,
W3_MNC_022,Peresolimab,Eli Lilly,,Phase 2,类风湿性关节炎,PD-1,PD-1激动性抗体,全球,0.0,N/A,,II期数据,2025年,https://www.lilly.com,,,,,,,II期临床,,
W3_MNC_023,Olamkicept,Eli Lilly,,Phase 2,炎症性肠病,IL-6,IL-6反式信号抑制剂,全球,0.0,N/A,,II期数据,2025-2026年,https://www.lilly.com,,,,,,,II期临床,,
W3_MNC_024,Zeposia-extend,BMS,,Approved,溃疡性结肠炎、克罗恩病,S1P,S1P受体调节剂，适应症扩展,全球,0.0,N/A,,更多适应症,持续,https://www.bms.com,,,,,,,已获批（UC）,,
W3_MNC_025,Deucravacitinib-extend,BMS,,Phase 2,系统性红斑狼疮、银屑病关节炎,TYK2,TYK2变构抑制剂，适应症扩展,全球,0.0,N/A,,II期数据,2025-2026年,https://www.bms.com,,,,,,,II期临床,,
W3_MNC_026,Brepocitinib,Priovant/Roche,,Phase 2,皮肌炎、狼疮,TYK2/JAK1,TYK2/JAK1双重抑制剂,全球,0.0,N/A,,II期数据,2025年,https://www.roche.com,,,,,,,II期临床,,
W3_MNC_027,Fenebrutinib,Roche,,Phase 3,多发性硬化、重症肌无力,BTK,非共价可逆BTK抑制剂,全球,0.0,N/A,,III期数据,2025-2026年,https://www.roche.com,,,,,,,III期临床,,
W3_MNC_028,Inebilizumab-extend,AstraZeneca,,Phase 3,重症肌无力,CD19,CD19单克隆抗体，适应症扩展,全球,0.0,N/A,,III期数据,2025-2026年,https://www.astrazeneca.com,,,,,,,III期临床,,
W3_EJ_001,GRT-001,Granite Bio,,Phase 1,自身免疫性疾病、炎症,促炎单核细胞,靶向促炎单核细胞的first-in-class单克隆抗体,德国/瑞士,0.0,N/A,,I期数据,2025年,https://www.thepharmanavigator.com/news/granite-bio-emerges-from-stealth,,,,,,,Ia期临床，2025年公布,,
W3_EJ_002,GRT-002,Granite Bio,,Preclinical,过敏和自身免疫反应,IL-3,IL-3抑制剂，first-in-class单克隆抗体,德国/瑞士,0.0,N/A,,IND申请,2025-2026年,https://www.thepharmanavigator.com/news/granite-bio-emerges-from-stealth,,,,,,,临床前研究,,
W3_EJ_003,CAN10,Cantargia,,Phase 1,系统性硬化症、心肌炎、银屑病,IL1RAP,IL1RAP结合抗体，同时阻断IL-1、IL-33、IL-36,瑞典/德国,0.0,N/A,,I期数据,2024-2025年,https://cantargia.com/en/press-releases/cantargia-expands-clinical-pipeline,,,,,,,I期临床，2023年启动,,
W3_EJ_004,Namilumab,Kinevent,,Phase IIb,类风湿性关节炎、银屑病关节炎,GM-CSF,GM-CSF单克隆抗体,英国,0.0,N/A,,III期启动,2025-2026年,https://www.kinevent.com,,,,,,,IIb期临床,,
W3_EJ_005,Zelasudil,Redx Pharma,,Phase IIa,纤维化性疾病、慢性移植物抗宿主病,ROCK2,选择性ROCK2抑制剂,英国,0.0,N/A,,II期数据,2025年,https://www.redxpharma.com/wp-content/uploads/2023/12/Redx-Annual-Results-RNS-December-2023.pdf,,,,,,,IIa期临床,,
W3_EJ_006,RXC008,Redx Pharma,,Phase 1,纤维化性克罗恩病,ROCK,GI靶向ROCK抑制剂,英国,0.0,N/A,,I期数据,2025年,https://www.redxpharma.com/wp-content/uploads/2023/12/Redx-Annual-Results-RNS-December-2023.pdf,,,,,,,I期临床,,
W3_EJ_007,Vidofludimus calcium,Immunic,,Phase 3,多发性硬化、溃疡性结肠炎,DHODH/Nurr1,DHODH抑制剂+Nurr1激活剂，双重机制,Germany,0.0,N/A,,III期数据,2025-2026年,https://imux.com/immunic-highlights-2024-accomplishments,,,,,,,III期临床（RRMS）,,
W3_EJ_008,IMU-856,Immunic,,Phase 2,乳糜泻、胃肠道疾病,SIRT6,SIRT6靶向，修复肠道屏障,Germany,0.0,N/A,,II期启动,2025年,https://imux.com/immunic-highlights-2024-accomplishments,,,,,,,准备II期临床,,
W3_EJ_009,IMU-381,Immunic,,Preclinical,胃肠道疾病,未披露,下一代小分子,Germany,0.0,N/A,,IND申请,待定,https://imux.com/immunic-highlights-2024-accomplishments,,,,,,,临床前测试,,
W3_EJ_010,Rezpegaldesleukin,Nektar Therapeutics,,Phase IIb,特应性皮炎、斑秃,IL-2,调节性T细胞刺激剂,United States,0.0,N/A,,IIb期数据,2025年,https://www.nektar.com,,,,,,,IIb期临床,,
W3_EJ_011,NKTR-0165,Nektar Therapeutics,,Preclinical,炎症性疾病,TNFR2,TNFR2激动性抗体，促进Treg增殖,United States,0.0,N/A,,IND申请,2025-2026年,https://www.prnewswire.com/news-releases/nektar-therapeutics-presents-first-preclinical-data,,,,,,,临床前研究,,
W3_EJ_012,JNT-517,Jnana Therapeutics/大冢制药,,Phase 1,苯丙酮尿症、自身免疫性疾病,SLC6A19,SLC6A19变构抑制剂，first-in-class小分子,United States,0.0,N/A,,I期数据,2025年,https://bydrug.pharmcube.com/news/detail/5ffe0b06afce46bbda4e830acb906626,,,,,,,I期临床，2024年大冢收购,,
W3_EJ_013,Sibeprenlimab,Visterra/大冢制药,,Phase 3,IgA肾病,APRIL,抗APRIL单克隆抗体,全球,0.0,N/A,,III期数据,2025-2026年,https://bydrug.pharmcube.com/news/detail/5ffe0b06afce46bbda4e830acb906626,,,,,,,III期临床,,
W3_EJ_014,Donidalorsen,大冢制药,,Phase III/Approved,遗传性血管性水肿,PKK,PKK siRNA,全球,0.0,N/A,,获批,2025年,https://www.otsuka.com,,,,,,,III期/申报上市,,
W3_EJ_015,Voclosporin-lupus,大冢制药/Aurinia,,Approved,狼疮性肾炎,Calcineurin,钙调神经磷酸酶抑制剂,全球,0.0,N/A,,适应症扩展,持续,https://www.otsuka.com,,,,,,,已获批,,
W3_EJ_016,Rocatinlimab,Kyowa Kirin/Amgen,,Phase 3,特应性皮炎,OX40,抗OX40人源单克隆抗体,日本/全球,0.0,N/A,,III期数据,2026-2027年,https://www.delveinsight.com/blog/atopic-dermatitis-treatment-pipeline,,,,,,,III期临床（ROCKET项目）,,
W3_EJ_017,KHK4083,Kyowa Kirin,,Phase 3,特应性皮炎,OX40L,抗OX40L单克隆抗体,日本/全球,0.0,N/A,,III期数据,2025-2026年,https://www.kyowakirin.com,,,,,,,III期临床,,
W3_EJ_018,Amgiverse,安斯泰来,,Phase 3,胃癌,CLDN18.2,CLDN18.2单克隆抗体,日本/全球,0.0,N/A,,III期数据,2025-2026年,https://www.astellas.com,,,,,,,III期临床,,
W3_EJ_019,ASP1834,安斯泰来,,Preclinical,自身免疫性疾病,未披露,创新小分子,Japan,0.0,N/A,,IND申请,待定,https://www.astellas.com,,,,,,,临床前研究,,
W3_EJ_020,DS-2741a,第一三共,,Preclinical,自身免疫性疾病,未披露,创新抗体,Japan,0.0,N/A,,IND申请,待定,https://www.daiichisankyo.com,,,,,,,临床前研究,,
W3_EJ_021,Enhertu-extend,第一三共/AstraZeneca,,Phase 3,实体瘤,HER2,HER2 ADC，适应症扩展,全球,0.0,N/A,,III期数据,持续,https://www.daiichisankyo.com,,,,,,,III期临床,,
W3_EJ_022,Dato-DXd,第一三共/AstraZeneca,,Phase 3,实体瘤,TROP2,TROP2 ADC,全球,0.0,N/A,,III期数据,2025-2026年,https://www.daiichisankyo.com,,,,,,,III期临床,,
W3_EJ_023,BIIB059,Biogen,,Phase 2,系统性红斑狼疮、皮肤红斑狼疮,BDCA2,抗BDCA2单克隆抗体,United States,0.0,N/A,,II期数据,2025年,https://www.biogen.com,,,,,,,II期临床,,
W3_EJ_024,Daxdilimab,Horizon/AbbVie,,Phase 3,泛发性脓疱型银屑病,IL-36R,IL-36受体拮抗剂,全球,0.0,N/A,,NDA申请,2025年,https://www.horizontherapeutics.com,,,,,,,III期临床,,
W3_EJ_025,BMS-986426,BMS,,Phase 2,系统性红斑狼疮,BAFF,BAFF靶向多肽,全球,0.0,N/A,,II期数据,2025年,https://www.bms.com,,,,,,,II期临床,,
W3_CH_001,恒瑞 SHR-1905,恒瑞医药,,Preclinical,哮喘 | 嗜酸性粒细胞性食管炎,IL-5,抗IL-5单克隆抗体，阻断IL-5与受体结合，抑制嗜酸性粒细胞活化、增殖和存活,China,0.85,"{""clinicaltrials_url"": """", ""company_url"": ""https://www.hengrui.com"", ""publication_url"": """"}",,,,,,,,,,,,,
W3_CH_002,恒瑞 SHR-1819,恒瑞医药,,Preclinical,特应性皮炎 | 哮喘,IL-4Rα,抗IL-4Rα单克隆抗体，阻断IL-4和IL-13信号通路，抑制Th2型炎症反应,China,0.85,"{""clinicaltrials_url"": """", ""company_url"": ""https://www.hengrui.com"", ""publication_url"": """"}",,,,,,,,,,,,,
W3_CH_003,恒瑞 SHR-2002,恒瑞医药,,Preclinical,银屑病 | 银屑病关节炎 | 系统性红斑狼疮,TYK2,选择性TYK2变构抑制剂，结合TYK2的假激酶域(JH2)，阻断IL-12、IL-23和I型干扰素信号通路,China,0.82,"{""clinicaltrials_url"": """", ""company_url"": ""https://www.hengrui.com"", ""publication_url"": """"}",,,,,,,,,,,,,
W3_CH_004,恒瑞 SHR-2101,恒瑞医药,,Preclinical,银屑病 | 强直性脊柱炎,IL-17A,抗IL-17A单克隆抗体，阻断IL-17A与受体结合，抑制Th17细胞介导的炎症反应,China,0.8,"{""clinicaltrials_url"": """", ""company_url"": ""https://www.hengrui.com"", ""publication_url"": """"}",,,,,,,,,,,,,
W3_CH_005,恒瑞 SHR-2267,恒瑞医药,,Preclinical,类风湿关节炎 | 幼年特发性关节炎,IL-6,抗IL-6单克隆抗体，阻断IL-6与受体结合，抑制急性期反应和炎症级联,China,0.78,"{""clinicaltrials_url"": """", ""company_url"": ""https://www.hengrui.com"", ""publication_url"": """"}",,,,,,,,,,,,,
W3_CH_006,恒瑞 SHR-2307,恒瑞医药,,Preclinical,银屑病 | 克罗恩病,IL-23p19,抗IL-23p19单克隆抗体，选择性阻断IL-23信号通路，抑制Th17细胞分化,China,0.78,"{""clinicaltrials_url"": """", ""company_url"": ""https://www.hengrui.com"", ""publication_url"": """"}",,,,,,,,,,,,,
W3_CH_007,恒瑞 SHR-2456,恒瑞医药,,Preclinical,类风湿关节炎 | 特应性皮炎,JAK1,高选择性JAK1抑制剂，阻断JAK-STAT信号通路，抑制多种炎症细胞因子信号,China,0.78,"{""clinicaltrials_url"": """", ""company_url"": ""https://www.hengrui.com"", ""publication_url"": """"}",,,,,,,,,,,,,
W3_CH_008,恒瑞 SHR-2004,恒瑞医药,,Preclinical,系统性红斑狼疮 | 干燥综合征,CD40L,抗CD40L单克隆抗体，阻断CD40-CD40L共刺激信号，抑制T细胞活化和B细胞分化,China,0.75,"{""clinicaltrials_url"": """", ""company_url"": ""https://www.hengrui.com"", ""publication_url"": """"}",,,,,,,,,,,,,
W3_CH_009,信达 IBI311,信达生物,,Preclinical,甲状腺眼病,IGF-1R,抗IGF-1R单克隆抗体，阻断IGF-1和IGF-2信号，抑制眼眶成纤维细胞活化和脂肪生成,China,0.87,"{""clinicaltrials_url"": """", ""company_url"": ""https://www.innoventbio.com"", ""publication_url"": """"}",,,,,,,,,,,,,
W3_CH_010,信达 IBI353,信达生物,,Preclinical,银屑病 | 特应性皮炎,PDE4,磷酸二酯酶4抑制剂，增加细胞内cAMP水平，抑制炎症介质释放,China,0.83,"{""clinicaltrials_url"": """", ""company_url"": ""https://www.innoventbio.com"", ""publication_url"": """"}",,,,,,,,,,,,,
W3_CH_011,信达 IBI356,信达生物,,Preclinical,特应性皮炎 | 哮喘,OX40L,抗OX40L单克隆抗体，阻断OX40-OX40L共刺激信号，抑制T细胞活化和记忆T细胞形成,China,0.83,"{""clinicaltrials_url"": """", ""company_url"": ""https://www.innoventbio.com"", ""publication_url"": """"}",,,,,,,,,,,,,
W3_CH_012,信达 IBI3002,信达生物,,Preclinical,哮喘 | 特应性皮炎,IL-4Rα/TSLP,全球首创双特异性抗体，同时靶向IL-4Rα和TSLP，双重阻断Th2型炎症通路,China,0.87,"{""clinicaltrials_url"": """", ""company_url"": ""https://www.innoventbio.com"", ""publication_url"": """"}",,,,,,,,,,,,,
W3_CH_013,信达 IBI355,信达生物,,Preclinical,系统性红斑狼疮 | 干燥综合征,CD40L,抗CD40L单克隆抗体，阻断CD40-CD40L共刺激信号，抑制T-B细胞相互作用,China,0.83,"{""clinicaltrials_url"": """", ""company_url"": ""https://www.innoventbio.com"", ""publication_url"": """"}",,,,,,,,,,,,,
W3_CH_014,百济 BGB-23339,百济神州,,Preclinical,银屑病 | 炎症性肠病 | 系统性红斑狼疮,TYK2,高选择性TYK2变构抑制剂，为百济神州首款自主研发的炎症免疫类候选药物,China,0.83,"{""clinicaltrials_url"": """", ""company_url"": ""https://www.beigene.com.cn"", ""publication_url"": """"}",,,,,,,,,,,,,
W3_CH_015,百济 BGB-15025,百济神州,,Preclinical,自身免疫性疾病 | 肿瘤,HPK1,HPK1小分子抑制剂，调节免疫检查点信号，增强抗肿瘤免疫反应,China,0.8,"{""clinicaltrials_url"": """", ""company_url"": ""https://www.beigene.com.cn"", ""publication_url"": """"}",,,,,,,,,,,,,
W3_CH_016,百济 BGB-24714,百济神州,,Preclinical,自身免疫性疾病,SMAC,SMAC模拟物，诱导凋亡蛋白抑制因子降解，促进细胞凋亡,China,0.75,"{""clinicaltrials_url"": """", ""company_url"": ""https://www.beigene.com.cn"", ""publication_url"": """"}",,,,,,,,,,,,,
W3_CH_017,百济 BGB-A445,百济神州,,Preclinical,自身免疫性疾病,OX40,抗OX40激动性单克隆抗体，激活OX40信号通路，增强T细胞免疫反应,China,0.78,"{""clinicaltrials_url"": """", ""company_url"": ""https://www.beigene.com.cn"", ""publication_url"": """"}",,,,,,,,,,,,,
W3_CH_018,百济 BGB-A425,百济神州,,Preclinical,自身免疫性疾病,TIM-3,抗TIM-3单克隆抗体，阻断TIM-3与其配体结合，调节免疫耐受,China,0.75,"{""clinicaltrials_url"": """", ""company_url"": ""https://www.beigene.com.cn"", ""publication_url"": """"}",,,,,,,,,,,,,
W3_CH_019,君实 JS005-Preclinical,君实生物,,Preclinical,银屑病 | 强直性脊柱炎,IL-17A,抗IL-17A单克隆抗体Preclinical版本，与临床阶段JS005对应,China,0.83,"{""clinicaltrials_url"": """", ""company_url"": ""https://www.junshipharma.com"", ""publication_url"": """"}",,,,,,,,,,,,,
W3_CH_020,君实 JS207-Preclinical,君实生物,,Preclinical,自身免疫性疾病相关肿瘤,PD-1/VEGF,双特异性抗体，同时阻断PD-1和VEGF通路，调节免疫微环境,China,0.8,"{""clinicaltrials_url"": """", ""company_url"": ""https://www.junshipharma.com"", ""publication_url"": """"}",,,,,,,,,,,,,
W3_CH_021,君实 JS107,君实生物,,Preclinical,自身免疫性胃肠疾病,CLDN18.2,抗CLDN18.2抗体偶联药物，靶向递送细胞毒药物,China,0.8,"{""clinicaltrials_url"": """", ""company_url"": ""https://www.junshipharma.com"", ""publication_url"": """"}",,,,,,,,,,,,,
W3_CH_022,君实 JS015,君实生物,,Preclinical,自身免疫性骨病,DKK1,抗DKK1单克隆抗体，激活Wnt信号通路，促进骨形成,China,0.8,"{""clinicaltrials_url"": """", ""company_url"": ""https://www.junshipharma.com"", ""publication_url"": """"}",,,,,,,,,,,,,
W3_CH_023,君实 JS203,君实生物,,Preclinical,自身免疫性疾病 | B细胞淋巴瘤,CD20/CD3,双特异性T细胞衔接器，重定向T细胞杀伤CD20阳性B细胞,China,0.83,"{""clinicaltrials_url"": """", ""company_url"": ""https://www.junshipharma.com"", ""publication_url"": """"}",,,,,,,,,,,,,
W3_CH_024,康方 AK135,康方生物,,Preclinical,炎症性疾病 | 自身炎症性疾病,IL-1RAP,抗IL-1RAP单克隆抗体，阻断IL-1信号通路，抑制炎症反应,China,0.83,"{""clinicaltrials_url"": """", ""company_url"": ""https://www.akesobio.com"", ""publication_url"": """"}",,,,,,,,,,,,,
W3_CH_025,康方 AK137,康方生物,,Preclinical,自身免疫性疾病,CD73xLAG3,双特异性抗体，同时靶向CD73和LAG3，调节免疫抑制微环境,China,0.8,"{""clinicaltrials_url"": """", ""company_url"": ""https://www.akesobio.com"", ""publication_url"": """"}",,,,,,,,,,,,,
W3_CH_026,康方 AK139,康方生物,,Preclinical,特应性皮炎 | 哮喘,IL-4Rα/ST2,双特异性抗体，同时靶向IL-4Rα和ST2，双重抑制Th2型炎症,China,0.8,"{""clinicaltrials_url"": """", ""company_url"": ""https://www.akesobio.com"", ""publication_url"": """"}",,,,,,,,,,,,,
W3_CH_027,康方 AK114,康方生物,,Preclinical,炎症性疾病 | 痛风,IL-1 beta,抗IL-1β单克隆抗体，阻断IL-1β介导的炎症级联反应,China,0.8,"{""clinicaltrials_url"": """", ""company_url"": ""https://www.akesobio.com"", ""publication_url"": """"}",,,,,,,,,,,,,
W3_CH_028,康诺亚 CM338,康诺亚,,Preclinical,IgA肾病 | 狼疮性肾炎,MASP-2,抗MASP-2单克隆抗体，抑制凝集素补体通路激活，减少免疫复合物沉积,China,0.87,"{""clinicaltrials_url"": """", ""company_url"": ""https://www.keymedbio.com"", ""publication_url"": """"}",,,,,,,,,,,,,
W3_CH_029,康诺亚 CM536,康诺亚,,Preclinical,特应性皮炎,未披露,临床前阶段创新分子，针对特应性皮炎新机制,China,0.77,"{""clinicaltrials_url"": """", ""company_url"": ""https://www.keymedbio.com"", ""publication_url"": """"}",,,,,,,,,,,,,
W3_CH_030,康诺亚 CM551,康诺亚,,Preclinical,炎症性肠病,未披露,临床前阶段创新分子，针对炎症性肠病新机制,China,0.77,"{""clinicaltrials_url"": """", ""company_url"": ""https://www.keymedbio.com"", ""publication_url"": """"}",,,,,,,,,,,,,
W3_CH_031,康诺亚 CM572,康诺亚,,Preclinical,多发性硬化症,未披露,临床前阶段创新分子，针对多发性硬化症,China,0.77,"{""clinicaltrials_url"": """", ""company_url"": ""https://www.keymedbio.com"", ""publication_url"": """"}",,,,,,,,,,,,,
W3_CH_032,荣昌 RC28-Preclinical,荣昌生物,,Preclinical,糖尿病性黄斑水肿 | 湿性年龄相关性黄斑变性,VEGF/FGF,全球首创VEGF/FGF双靶点融合蛋白，同时阻断两种血管生成因子信号,China,0.87,"{""clinicaltrials_url"": """", ""company_url"": ""https://www.remegen.com"", ""publication_url"": """"}",,,,,,,,,,,,,
W3_CH_033,荣昌 RC88,荣昌生物,,Preclinical,自身免疫性疾病相关肿瘤,MSLN,抗MSLN抗体偶联药物，靶向间皮素阳性细胞,China,0.83,"{""clinicaltrials_url"": """", ""company_url"": ""https://www.remegen.com"", ""publication_url"": """"}",,,,,,,,,,,,,
W3_CH_034,荣昌 RC148,荣昌生物,,Preclinical,自身免疫性疾病,PD-1/VEGF,双特异性抗体，同时靶向PD-1和VEGF，调节免疫和血管生成,China,0.8,"{""clinicaltrials_url"": """", ""company_url"": ""https://www.remegen.com"", ""publication_url"": """"}",,,,,,,,,,,,,
W3_CH_035,先声 SIM0278,先声药业,,Preclinical,自身免疫性疾病,未披露,临床前阶段创新分子，针对自身免疫性疾病,China,0.75,"{""clinicaltrials_url"": """", ""company_url"": ""https://www.simcere.com"", ""publication_url"": """"}",,,,,,,,,,,,,
W3_CH_036,先声 SIM0335,先声药业,,Preclinical,炎症性疾病,未披露,临床前阶段创新分子，针对炎症性疾病,China,0.75,"{""clinicaltrials_url"": """", ""company_url"": ""https://www.simcere.com"", ""publication_url"": """"}",,,,,,,,,,,,,
W3_CH_037,再鼎 ZL-1503,再鼎医药,,Preclinical,特应性皮炎,IL-13/IL-31,双特异性抗体，同时靶向IL-13和IL-31，抑制炎症和瘙痒通路,China,0.88,"{""clinicaltrials_url"": """", ""company_url"": ""https://www.zailaboratory.com"", ""publication_url"": ""https://www.zailaboratory.com/news/zai-lab-to-present-preclinical-data-of-zl-1503""}",,,,,,,,,,,,,
W3_CH_038,复星 FCN-159,复星医药,,Preclinical,自身免疫性疾病,MEK1/2,MEK1/2小分子抑制剂，阻断RAS-RAF-MEK-ERK信号通路,China,0.78,"{""clinicaltrials_url"": """", ""company_url"": ""https://www.fosunpharma.com"", ""publication_url"": """"}",,,,,,,,,,,,,
W3_CH_039,石药 SYSA-1802,石药集团,,Preclinical,自身免疫性疾病相关肿瘤,PD-1,抗PD-1单克隆抗体，解除T细胞免疫抑制,China,0.78,"{""clinicaltrials_url"": """", ""company_url"": ""https://www.cspc.com.hk"", ""publication_url"": """"}",,,,,,,,,,,,,
W3_CH_040,天晴 TQ-B3139,正大天晴,,Preclinical,自身免疫性疾病,c-Met/ALK,c-Met/ALK多靶点抑制剂，调节免疫炎症反应,China,0.75,"{""clinicaltrials_url"": """", ""company_url"": ""https://www.ctq.com.cn"", ""publication_url"": """"}",,,,,,,,,,,,,
W3_TGT_001,VRDN-008,Viridian Therapeutics,,Preclinical,全身型重症肌无力 | 免疫性血小板减少症 | 慢性炎症性脱髓鞘性多发性神经病,FcRn,双特异性FcRn抑制剂，含Fc片段和白蛋白结合域，延长半衰期，实现更深更持久的IgG抑制，半衰期是efgartigimod的3倍,美国,0.9,"{""clinicaltrials_url"": """", ""company_url"": ""https://www.viridiantherapeutics.com"", ""publication_url"": """"}",,,,,,,,,,,,,
W3_TGT_002,Nipocalimab-Preclinical,Johnson & Johnson,,Preclinical,全身型重症肌无力 | 温抗体型自身免疫性溶血性贫血 | 胎儿新生儿同种免疫性血小板减少症,FcRn,抗FcRn单克隆抗体Preclinical版本，阻断IgG与FcRn结合，加速IgG降解,美国,0.87,"{""clinicaltrials_url"": """", ""company_url"": ""https://www.janssen.com"", ""publication_url"": """"}",,,,,,,,,,,,,
W3_TGT_003,Orlanolimab,Momenta Pharmaceuticals/J&J,,Preclinical,自身免疫性疾病,FcRn,抗FcRn单克隆抗体，阻断IgG回收，降低致病性IgG水平,美国,0.78,"{""clinicaltrials_url"": """", ""company_url"": ""https://www.momentapharma.com"", ""publication_url"": """"}",,,,,,,,,,,,,
W3_TGT_004,Batoclimab,Immunovant,,Preclinical,自身免疫性疾病,FcRn,抗FcRn单克隆抗体，降低循环IgG水平，治疗IgG介导的自身免疫病,美国,0.83,"{""clinicaltrials_url"": """", ""company_url"": ""https://www.immunovant.com"", ""publication_url"": """"}",,,,,,,,,,,,,
W3_TGT_005,IMVT-1402,Immunovant,,Preclinical,自身免疫性疾病,FcRn,新一代抗FcRn单克隆抗体，改进的半衰期和给药便利性,美国,0.8,"{""clinicaltrials_url"": """", ""company_url"": ""https://www.immunovant.com"", ""publication_url"": """"}",,,,,,,,,,,,,
W3_TGT_006,Efgartigimod类似物-1,Argenx (早期研究),,Preclinical,自身免疫性疾病,FcRn,基于efgartigimod平台的改良Fc片段，优化药代动力学特征,欧洲,0.78,"{""clinicaltrials_url"": """", ""company_url"": ""https://www.argenx.com"", ""publication_url"": """"}",,,,,,,,,,,,,
W3_TGT_007,口服FcRn抑制剂-1,未披露 (多家研发中),,Preclinical,自身免疫性疾病,FcRn,小分子化合物，口服给药，阻断FcRn-IgG相互作用,美国,0.68,"{""clinicaltrials_url"": """", ""company_url"": """", ""publication_url"": """"}",,,,,,,,,,,,,
W3_TGT_008,口服FcRn抑制剂-2,未披露 (多家研发中),,Preclinical,自身免疫性疾病,FcRn,小分子化合物，口服给药，阻断FcRn介导的IgG回收,美国,0.68,"{""clinicaltrials_url"": """", ""company_url"": """", ""publication_url"": """"}",,,,,,,,,,,,,
W3_TGT_009,DNL758,Denali Therapeutics/Sanofi,,Preclinical,类风湿关节炎 | 银屑病 | 炎症性肠病,RIPK1,外周限制性RIPK1小分子抑制剂，不穿透血脑屏障，阻断炎症和细胞坏死信号,美国,0.87,"{""clinicaltrials_url"": """", ""company_url"": ""https://www.denalitherapeutics.com"", ""publication_url"": """"}",,,,,,,,,,,,,
W3_TGT_010,GSK'095,GSK,,Preclinical,肿瘤 | 自身免疫性疾病,RIPK1,RIPK1小分子抑制剂，与免疫检查点抑制剂联合用于肿瘤和自身免疫病,英国,0.78,"{""clinicaltrials_url"": """", ""company_url"": ""https://www.gsk.com"", ""publication_url"": """"}",,,,,,,,,,,,,
W3_TGT_011,R552,Rigel Pharmaceuticals,,Preclinical,自身免疫性疾病,RIPK1,苯并氧杂卓酮类RIPK1抑制剂，外周限制性，治疗自身免疫病,美国,0.82,"{""clinicaltrials_url"": """", ""company_url"": ""https://www.rigel.com"", ""publication_url"": """"}",,,,,,,,,,,,,
W3_TGT_012,RIPK1抑制剂-Preclinical-1,Sanofi/Denali (早期),,Preclinical,神经退行性疾病 | 自身免疫性疾病,RIPK1,早期阶段RIPK1小分子抑制剂，针对多种炎症性疾病,美国,0.75,"{""clinicaltrials_url"": """", ""company_url"": ""https://www.sanofi.com"", ""publication_url"": """"}",,,,,,,,,,,,,
W3_TGT_013,RIPK1抑制剂-Preclinical-2,Takeda,,Preclinical,炎症性疾病,RIPK1,武田制药早期RIPK1抑制项目,Japan,0.7,"{""clinicaltrials_url"": """", ""company_url"": ""https://www.takeda.com"", ""publication_url"": """"}",,,,,,,,,,,,,
W3_TGT_014,Brepocitinib-Preclinical,Priovant Therapeutics,,Preclinical,银屑病 | 溃疡性结肠炎,TYK2/JAK1,双重TYK2/JAK1抑制剂，结合催化域，广谱JAK抑制活性,美国,0.87,"{""clinicaltrials_url"": """", ""company_url"": ""https://www.priovant.com"", ""publication_url"": """"}",,,,,,,,,,,,,
W3_TGT_015,Zasocitinib,Takeda,,Preclinical,银屑病 | 银屑病关节炎,TYK2,高选择性TYK2变构抑制剂，类似deucravacitinib机制,Japan,0.87,"{""clinicaltrials_url"": """", ""company_url"": ""https://www.takeda.com"", ""publication_url"": """"}",,,,,,,,,,,,,
W3_TGT_016,ESK-001,Alumis,,Preclinical,银屑病 | 系统性红斑狼疮,TYK2,高选择性TYK2变构抑制剂，针对JH2假激酶域,美国,0.87,"{""clinicaltrials_url"": """", ""company_url"": ""https://www.alumistx.com"", ""publication_url"": """"}",,,,,,,,,,,,,
W3_TGT_017,GLPG3667,Galapagos,,Preclinical,自身免疫性疾病,TYK2,TYK2小分子抑制剂，针对免疫介导疾病,比利时,0.82,"{""clinicaltrials_url"": """", ""company_url"": ""https://www.glpg.com"", ""publication_url"": """"}",,,,,,,,,,,,,
W3_TGT_018,OST-122,Oncostellae,,Preclinical,肿瘤 | 自身免疫性疾病,TYK2,TYK2小分子抑制剂，调节免疫和肿瘤微环境,美国,0.78,"{""clinicaltrials_url"": """", ""company_url"": ""https://www.oncostellae.com"", ""publication_url"": """"}",,,,,,,,,,,,,
W3_TGT_019,NEU-111,Neuron23,,Preclinical,神经免疫性疾病,TYK2,TYK2小分子抑制剂，针对神经系统自身免疫病,美国,0.78,"{""clinicaltrials_url"": """", ""company_url"": ""https://www.neuron23.com"", ""publication_url"": """"}",,,,,,,,,,,,,
W3_TGT_020,PF-06826647,Pfizer,,Preclinical,溃疡性结肠炎,TYK2/JAK2,双重TYK2/JAK2抑制剂，结合催化域活性位点,美国,0.83,"{""clinicaltrials_url"": """", ""company_url"": ""https://www.pfizer.com"", ""publication_url"": """"}",,,,,,,,,,,,,
W3_TGT_021,Amiselimod,GSK,,Preclinical,多发性硬化 | 溃疡性结肠炎,S1P1,下一代S1P1受体选择性调节剂，减少淋巴细胞从淋巴结迁出,英国,0.82,"{""clinicaltrials_url"": """", ""company_url"": ""https://www.gsk.com"", ""publication_url"": """"}",,,,,,,,,,,,,
W3_TGT_022,Ceralifimod,Celgene/BMS,,Preclinical,多发性硬化,S1P1/S1P5,S1P1和S1P5双受体调节剂，保留S1P1功能同时靶向S1P5,美国,0.82,"{""clinicaltrials_url"": """", ""company_url"": ""https://www.bms.com"", ""publication_url"": """"}",,,,,,,,,,,,,
W3_TGT_023,GSK2018682,GSK,,Preclinical,多发性硬化,S1P5,选择性S1P5受体调节剂，可能具有中枢保护作用,英国,0.78,"{""clinicaltrials_url"": """", ""company_url"": ""https://www.gsk.com"", ""publication_url"": """"}",,,,,,,,,,,,,
W3_TGT_024,脑渗透性S1P抑制剂-1,未披露,,Preclinical,多发性硬化 | 神经炎症,S1P1/S1P5,可穿透血脑屏障的S1P调节剂，直接作用于中枢神经系统的S1P受体,美国,0.68,"{""clinicaltrials_url"": """", ""company_url"": """", ""publication_url"": """"}",,,,,,,,,,,,,
W3_TGT_025,脑渗透性S1P抑制剂-2,未披露,,Preclinical,多发性硬化 | 神经炎症,S1P1/S1P5,具有改善血脑屏障穿透性的S1P调节剂，针对中枢神经系统疾病,欧洲,0.68,"{""clinicaltrials_url"": """", ""company_url"": """", ""publication_url"": """"}",,,,,,,,,,,,,
W3_TGT_026,Briquilimab,Jasper Therapeutics,,Preclinical,哮喘 | 慢性荨麻疹,c-Kit,抗c-Kit单克隆抗体，阻断干细胞因子与c-Kit结合，诱导肥大细胞凋亡,美国,0.87,"{""clinicaltrials_url"": """", ""company_url"": ""https://www.jaspertherapeutics.com"", ""publication_url"": """"}",,,,,,,,,,,,,
W3_TGT_027,BLU-808,Blueprint Medicines,,Preclinical,慢性荨麻疹 | 哮喘,c-Kit,高选择性野生型c-Kit小分子抑制剂，强效抑制肥大细胞,美国,0.87,"{""clinicaltrials_url"": """", ""company_url"": ""https://www.blueprintmedicines.com"", ""publication_url"": """"}",,,,,,,,,,,,,
W3_TGT_028,Barzolvolimab,Celldex Therapeutics,,Preclinical,慢性诱导性荨麻疹,c-Kit,抗c-Kit单克隆抗体，减少皮肤肥大细胞数量,美国,0.83,"{""clinicaltrials_url"": """", ""company_url"": ""https://www.celldex.com"", ""publication_url"": """"}",,,,,,,,,,,,,
W3_TGT_029,CDX-0159,Celldex Therapeutics,,Preclinical,慢性荨麻疹,c-Kit,抗c-Kit单克隆抗体，减少肥大细胞数量，改善疾病控制,美国,0.83,"{""clinicaltrials_url"": """", ""company_url"": ""https://www.celldex.com"", ""publication_url"": """"}",,,,,,,,,,,,,
W3_TGT_030,Masitinib-Preclinical,AB Science,,Preclinical,阿尔茨海默病 | 肥大细胞疾病,c-Kit/PDGFRα,c-Kit和PDGFRα双重抑制剂，调节肥大细胞和神经炎症,France,0.82,"{""clinicaltrials_url"": """", ""company_url"": ""https://www.ab-science.com"", ""publication_url"": """"}",,,,,,,,,,,,,
W3_TGT_031,AL002,Alector,,Preclinical,阿尔茨海默病 | 神经退行性疾病,TREM2,人源化TREM2激动性抗体，增强小胶质细胞吞噬功能，调节神经炎症,美国,0.87,"{""clinicaltrials_url"": """", ""company_url"": ""https://www.alector.com"", ""publication_url"": """"}",,,,,,,,,,,,,
W3_TGT_032,MCC950,Inflazome,,Preclinical,阿尔茨海默病 | 帕金森病 | 炎症性疾病,NLRP3,选择性NLRP3炎症小体抑制剂，减少IL-1β产生，改善神经炎症,爱尔兰,0.87,"{""clinicaltrials_url"": """", ""company_url"": ""https://www.inflazome.com"", ""publication_url"": """"}",,,,,,,,,,,,,
W3_TGT_033,STING抑制剂-Preclinical-1,多家研发中,,Preclinical,自身免疫性疾病 | 神经炎症,STING,STING小分子抑制剂，阻断cGAS-STING通路，减少I型干扰素产生,美国,0.72,"{""clinicaltrials_url"": """", ""company_url"": """", ""publication_url"": """"}",,,,,,,,,,,,,
W3_TGT_034,cGAS抑制剂-Preclinical,多家研发中,,Preclinical,自身免疫性疾病 | 神经退行性疾病,cGAS,cGAS小分子抑制剂，阻断cGAMP产生，抑制STING通路激活,美国,0.72,"{""clinicaltrials_url"": """", ""company_url"": """", ""publication_url"": """"}",,,,,,,,,,,,,
W3_TGT_035,NLRP3抑制剂-Preclinical-2,Novartis,,Preclinical,炎症性疾病 | 心血管代谢疾病,NLRP3,NLRP3小分子抑制剂，减少IL-1β和IL-18释放,Switzerland,0.78,"{""clinicaltrials_url"": """", ""company_url"": ""https://www.novartis.com"", ""publication_url"": """"}",,,,,,,,,,,,,
W3_IND_001,ZL-1503,Zai Lab/再鼎医药,,Preclinical,特应性皮炎,IL-13/IL-31,双特异性抗体同时靶向IL-13和IL-31，抑制炎症和瘙痒通路，为特应性皮炎提供新治疗选择,China,0.92,"{""clinicaltrials_url"": """", ""company_url"": ""https://www.zailaboratory.com"", ""publication_url"": ""https://www.zailaboratory.com/news/zai-lab-to-present-preclinical-data-of-zl-1503""}",,,,,,,,,,,,,
W3_IND_002,Nemolizumab-Preclinical,Galderma,,Preclinical,特应性皮炎 | 结节性痒疹,IL-31Rα,抗IL-31Rα单克隆抗体Preclinical版本，直接靶向瘙痒信号通路,Switzerland,0.87,"{""clinicaltrials_url"": """", ""company_url"": ""https://www.galderma.com"", ""publication_url"": """"}",,,,,,,,,,,,,
W3_IND_003,Lebrikizumab-Preclinical,Eli Lilly,,Preclinical,特应性皮炎,IL-13,抗IL-13单克隆抗体Preclinical版本，高亲和力阻断IL-13信号,美国,0.87,"{""clinicaltrials_url"": """", ""company_url"": ""https://www.lilly.com"", ""publication_url"": """"}",,,,,,,,,,,,,
W3_IND_004,Tralokinumab-Preclinical,LEO Pharma,,Preclinical,特应性皮炎,IL-13,抗IL-13单克隆抗体Preclinical版本，阻止IL-13与受体结合,丹麦,0.87,"{""clinicaltrials_url"": """", ""company_url"": ""https://www.leo-pharma.com"", ""publication_url"": """"}",,,,,,,,,,,,,
W3_IND_005,JAK/TYK2局部制剂-1,多家研发中,,Preclinical,特应性皮炎,JAK1/TYK2,外用制剂，选择性抑制JAK1和TYK2，减少系统性暴露,美国,0.73,"{""clinicaltrials_url"": """", ""company_url"": """", ""publication_url"": """"}",,,,,,,,,,,,,
W3_IND_006,JAK/TYK2局部制剂-2,多家研发中,,Preclinical,特应性皮炎,JAK1/TYK2,外用制剂，选择性抑制JAK/TYK2信号，改善皮肤炎症,欧洲,0.73,"{""clinicaltrials_url"": """", ""company_url"": """", ""publication_url"": """"}",,,,,,,,,,,,,
W3_IND_007,IL-4/IL-13新机制分子-1,未披露,,Preclinical,特应性皮炎,IL-4/IL-13通路新靶点,针对IL-4/IL-13通路的新机制分子，可能提供差异化治疗效果,美国,0.68,"{""clinicaltrials_url"": """", ""company_url"": """", ""publication_url"": """"}",,,,,,,,,,,,,
W3_IND_008,IL-4/IL-13新机制分子-2,未披露,,Preclinical,特应性皮炎,IL-4/IL-13通路新靶点,针对IL-4/IL-13通路的新机制小分子或生物制剂,欧洲,0.68,"{""clinicaltrials_url"": """", ""company_url"": """", ""publication_url"": """"}",,,,,,,,,,,,,
W3_IND_009,SPY002,Spyre Therapeutics,,Preclinical,溃疡性结肠炎 | 克罗恩病,TL1A,抗TL1A单克隆抗体，半衰期延长技术，预计Q8W-Q12W皮下给药,美国,0.92,"{""clinicaltrials_url"": """", ""company_url"": ""https://www.spyre.com"", ""publication_url"": """"}",,,,,,,,,,,,,
W3_IND_010,SPY003,Spyre Therapeutics,,Preclinical,克罗恩病 | 溃疡性结肠炎,IL-23p19,抗IL-23p19单克隆抗体，半衰期约30天，支持Q8W-Q12W给药,美国,0.92,"{""clinicaltrials_url"": """", ""company_url"": ""https://www.spyre.com"", ""publication_url"": """"}",,,,,,,,,,,,,
W3_IND_011,SPY001,Spyre Therapeutics,,Preclinical,溃疡性结肠炎 | 克罗恩病,α4β7,抗α4β7单克隆抗体，半衰期延长技术，高浓度皮下制剂,美国,0.92,"{""clinicaltrials_url"": """", ""company_url"": ""https://www.spyre.com"", ""publication_url"": """"}",,,,,,,,,,,,,
W3_IND_012,微生物组疗法-IBD-1,多家研发中,,Preclinical,炎症性肠病,肠道微生物组,工程化细菌或粪菌移植，调节肠道菌群平衡，恢复免疫稳态,美国,0.73,"{""clinicaltrials_url"": """", ""company_url"": """", ""publication_url"": """"}",,,,,,,,,,,,,
W3_IND_013,微生物组疗法-IBD-2,多家研发中,,Preclinical,克罗恩病,肠道微生物组,特定菌株组合，恢复肠道菌群多样性，减少炎症反应,欧洲,0.73,"{""clinicaltrials_url"": """", ""company_url"": """", ""publication_url"": """"}",,,,,,,,,,,,,
W3_IND_014,TL1A新靶点分子-1,多家研发中,,Preclinical,溃疡性结肠炎,TL1A,新型TL1A靶向分子，差异化作用机制,美国,0.72,"{""clinicaltrials_url"": """", ""company_url"": """", ""publication_url"": """"}",,,,,,,,,,,,,
W3_IND_015,IL-23新机制分子,多家研发中,,Preclinical,克罗恩病,IL-23通路,针对IL-23通路的创新机制，可能提供更好疗效或安全性,美国,0.72,"{""clinicaltrials_url"": """", ""company_url"": """", ""publication_url"": """"}",,,,,,,,,,,,,
W3_IND_016,Povetacicept,Alpine Immune Sciences,,Preclinical,系统性红斑狼疮 | 狼疮性肾炎,TACI (BAFF/APRIL),高亲和力BAFF/APRIL双重抑制剂，IC50比telitacicept强50倍以上,美国,0.92,"{""clinicaltrials_url"": """", ""company_url"": ""https://www.alpineimmune.com"", ""publication_url"": """"}",,,,,,,,,,,,,
W3_IND_017,Atacicept,Merck KGaA,,Preclinical,系统性红斑狼疮,TACI (BAFF/APRIL),BAFF/APRIL双重抑制剂，Preclinical阶段研究版本,Germany,0.87,"{""clinicaltrials_url"": """", ""company_url"": ""https://www.merckgroup.com"", ""publication_url"": """"}",,,,,,,,,,,,,
W3_IND_018,Dapirolizumab Pegol,UCB,,Preclinical,系统性红斑狼疮,CD40L,PEG化抗CD40L Fab片段，无Fc区减少血小板激活风险,比利时,0.87,"{""clinicaltrials_url"": """", ""company_url"": ""https://www.ucb.com"", ""publication_url"": """"}",,,,,,,,,,,,,
W3_IND_019,IFNAR抑制剂-1,多家研发中,,Preclinical,系统性红斑狼疮,IFNAR,阻断I型干扰素与受体结合，抑制干扰素通路过度激活,美国,0.73,"{""clinicaltrials_url"": """", ""company_url"": """", ""publication_url"": """"}",,,,,,,,,,,,,
W3_IND_020,IFNAR抑制剂-2,多家研发中,,Preclinical,系统性红斑狼疮,IFNAR,靶向I型干扰素受体，减少SLE中的干扰素信号,欧洲,0.73,"{""clinicaltrials_url"": """", ""company_url"": """", ""publication_url"": """"}",,,,,,,,,,,,,
W3_IND_021,BAFF/APRIL新机制分子,未披露,,Preclinical,系统性红斑狼疮,BAFF/APRIL通路,创新的BAFF/APRIL通路调节机制,美国,0.68,"{""clinicaltrials_url"": """", ""company_url"": """", ""publication_url"": """"}",,,,,,,,,,,,,
W3_IND_022,口服IL-17抑制剂-1,多家研发中,,Preclinical,银屑病,IL-17,小分子口服IL-17抑制剂，提供非注射给药选择,美国,0.73,"{""clinicaltrials_url"": """", ""company_url"": """", ""publication_url"": """"}",,,,,,,,,,,,,
W3_IND_023,口服IL-17抑制剂-2,多家研发中,,Preclinical,银屑病,IL-17,小分子口服IL-17信号通路抑制剂,欧洲,0.73,"{""clinicaltrials_url"": """", ""company_url"": """", ""publication_url"": """"}",,,,,,,,,,,,,
W3_IND_024,口服IL-23抑制剂-1,多家研发中,,Preclinical,银屑病 | 银屑病关节炎,IL-23,小分子口服IL-23通路抑制剂,美国,0.73,"{""clinicaltrials_url"": """", ""company_url"": """", ""publication_url"": """"}",,,,,,,,,,,,,
W3_IND_025,外用生物制剂-银屑病-1,多家研发中,,Preclinical,银屑病,IL-17/IL-23,可外用给药的生物制剂，直接作用于皮肤病变部位,美国,0.68,"{""clinicaltrials_url"": """", ""company_url"": """", ""publication_url"": """"}",,,,,,,,,,,,,
W3_IND_026,外用生物制剂-银屑病-2,多家研发中,,Preclinical,银屑病,IL-17/IL-23,创新的外用生物制剂递送技术,欧洲,0.68,"{""clinicaltrials_url"": """", ""company_url"": """", ""publication_url"": """"}",,,,,,,,,,,,,
W3_IND_027,IL-17新给药途径-1,多家研发中,,Preclinical,银屑病,IL-17,创新的IL-17抑制剂递送方式，如口服或外用,美国,0.68,"{""clinicaltrials_url"": """", ""company_url"": """", ""publication_url"": """"}",,,,,,,,,,,,,
W3_IND_028,IL-23新给药途径-1,多家研发中,,Preclinical,银屑病 | 银屑病关节炎,IL-23,创新的IL-23抑制剂递送方式,美国,0.68,"{""clinicaltrials_url"": """", ""company_url"": """", ""publication_url"": """"}",,,,,,,,,,,,,
W3_IND_029,银屑病新靶点-1,未披露,,Preclinical,银屑病,新型炎症靶点,针对银屑病发病机制的新靶点,美国,0.63,"{""clinicaltrials_url"": """", ""company_url"": """", ""publication_url"": """"}",,,,,,,,,,,,,
W3_IND_030,银屑病关节炎新靶点-1,未披露,,Preclinical,银屑病关节炎,新型炎症靶点,针对银屑病关节炎发病机制的新靶点,美国,0.63,"{""clinicaltrials_url"": """", ""company_url"": """", ""publication_url"": """"}",,,,,,,,,,,,,
W4E001,Cobitolimod,InDex Pharmaceutical,,Phase 3,溃疡性结肠炎,TLR9,N/A,N/A,0.0,N/A,,,,,瑞典创新药代表，DIMS技术平台,,,,,,,,
W4E002,Arfolitixorin,Isofol Medical,,Phase 2,结直肠癌 | 潜在自免应用,叶酸受体,N/A,N/A,0.0,N/A,,,,,新型叶酸类似物，优化给药方案,,,,,,,,
W4E003,Ianalumab,Novartis,,Phase 3,干燥综合征 | SLE | SSc | LN,BAFF-R,N/A,N/A,0.0,N/A,,,,,B细胞驱动疾病布局，SLE和干燥综合征领先,,,,,,,,
W4E004,Remibrutinib,Novartis,,Approved,慢性自发性荨麻疹,BTK,N/A,N/A,0.0,N/A,,,,,首个BTK抑制剂获批CSU，Rhapsido品牌,,,,,,,,
W4E005,Depemokimab,GSK,,Phase 3,哮喘 | EGPA,IL-5,N/A,N/A,0.0,N/A,,,,,超长效IL-5抗体，6个月给药一次,,,,,,,,
W4E006,Tozorakimab,AstraZeneca,,Phase 2,哮喘 | COPD,IL-33,N/A,N/A,0.0,N/A,,,,,IL-33驱动疾病，FRONTIER项目,,,,,,,,
W4E007,Amlitelimab,Sanofi/Kymab,,Phase 2/3,特应性皮炎 | 哮喘,OX40L,N/A,N/A,0.0,N/A,,,,,非耗竭机制，TIDE-Asthma研究60周数据,,,,,,,,
W4E008,Lunsekimig,Sanofi,,Phase 2,哮喘 | COPD | CRSwNP,"IL-13, TSLP",N/A,N/A,0.0,N/A,,,,,IL-13/TSLP双抗，AIRCULES/AIRLYMPUS研究,,,,,,,,
W4E009,Itepekimab,Sanofi,,Phase 2,COPD | 慢性鼻窦炎,IL-33,N/A,N/A,0.0,N/A,,,,,IL-33抗体，COPD扩展,,,,,,,,
W4E010,Riliprubart,Sanofi,,Phase 3,C1INH缺乏症 | 阵发性睡眠性血红蛋白尿,C1s,N/A,N/A,0.0,N/A,,,,,补体抑制剂，罕见病与自免,,,,,,,,
W4E011,Enpatoran,Bayer,,Phase 2,SLE | 皮肌炎 | CLE,"TLR7, TLR8",N/A,N/A,0.0,N/A,,,,,口服TLR7/8抑制剂，干扰素通路,,,,,,,,
W4E012,M5742,Merck KGaA,,Phase 1/2,自免疾病,待披露,N/A,N/A,0.0,N/A,,,,,默克自免早期管线,,,,,,,,
W4E013,KY1005,Kymab/Sanofi,,Phase 2,特应性皮炎,OX40L,N/A,N/A,0.0,N/A,,,,,OX40L抗体，促进Treg扩增,,,,,,,,
W4E014,Povetacicept,Alpine Immune Sciences,,Phase 2/3,IgA肾病 | SLE,"BAFF, APRIL",N/A,N/A,0.0,N/A,,,,,BAFF/APRIL双重抑制剂,,,,,,,,
W4E015,Nipocalimab,Johnson & Johnson/Momenta,,Phase 3,重症肌无力 | 胎儿新生儿溶血症 | 温抗体型自身免疫性溶血性贫血,FcRn,N/A,N/A,0.0,N/A,,,,,FcRn抑制剂，多款适应症III期,,,,,,,,
W4J001,HBM9378,Harbour BioMed/Windward Bio,,Phase 2,哮喘,TSLP,N/A,N/A,0.0,N/A,,,,,超长效TSLP单抗，日本权益合作,,,,,,,,
W4J002,KPL-716,Kiniksa Pharmaceuticals,,Phase 2,结节性痒疹 | 特应性皮炎,OSMR,N/A,N/A,0.0,N/A,,,,,OSMR抑制剂，瘙痒适应症,,,,,,,,
W4J003,MORKL-101,Morklab,,Preclinical,炎症性肠病,待披露,N/A,N/A,0.0,N/A,,,,,韩国创新IBD管线,,,,,,,,
W4J004,YTB323,Novartis,,Phase 1/2,SLE,CD19,N/A,N/A,0.0,N/A,,,,,下一代CAR-T，自免领域拓展,,,,,,,,
W4J005,Etrasimod,Pfizer/Arena,,Approved,溃疡性结肠炎,S1P受体,N/A,N/A,0.0,N/A,,,,,S1P调节剂，UC已获批,,,,,,,,
W4I001,REZPEG,Nektar Therapeutics,,Phase 2,特应性皮炎 | 银屑病,IL-2受体,N/A,N/A,0.0,N/A,,,,,调节性T细胞刺激剂，恢复免疫耐受,,,,,,,,
W4I002,ARQ-151,Arcutis Biotherapeutics,,Phase III(婴儿AD),特应性皮炎,PDE4,N/A,N/A,0.0,N/A,,,,,0.05%乳膏，婴儿AD适应症,,,,,,,,
W4I003,EVO301,Evommune,,Phase IIa,特应性皮炎,MRGPRX2,N/A,N/A,0.0,N/A,,,,,MRGPRX2拮抗剂，瘙痒靶向,,,,,,,,
W4I004,TQH2722,Chia Tai Tianqing/正大天晴,,Phase 3,特应性皮炎,IL-4Rα,N/A,N/A,0.0,N/A,,,,,国产IL-4Rα抗体,,,,,,,,
W4I005,VC005,Vcare/江苏威凯尔,,Phase 3,特应性皮炎,JAK1,N/A,N/A,0.0,N/A,,,,,高选择性JAK1抑制剂,,,,,,,,
W4I006,Celseed-COPD,CSL Behring,,Phase 2,COPD,IL-33,N/A,N/A,0.0,N/A,,,,,COPD领域IL-33布局,,,,,,,,
W4I007,Tezepelumab-COPD,AstraZeneca/Amgen,,Phase IIa,COPD,TSLP,N/A,N/A,0.0,N/A,,,,,COURSE研究，COPD扩展,,,,,,,,
W4I008,Dupilumab-COPD,Regeneron/Sanofi,,Phase 3,COPD,IL-4Rα,N/A,N/A,0.0,N/A,,,,,已获批COPD，首个生物制剂,,,,,,,,
W4I009,Piclidenoson,Can-Fite Biopharma,,Phase 3,银屑病,A3腺苷受体,N/A,N/A,0.0,N/A,,,,,口服A3AR激动剂,,,,,,,,
W4I010,SFA-002,SFA Therapeutics,,Phase 2,银屑病,IDO,N/A,N/A,0.0,N/A,,,,,IDO抑制剂,,,,,,,,
W4I011,MP1032,BioMendex,,Phase 2,银屑病,HDAC,N/A,N/A,0.0,N/A,,,,,HDAC6抑制剂，外用,,,,,,,,
W4I012,608,三生制药,,Phase 3,银屑病,IL-17A,N/A,N/A,0.0,N/A,,,,,IL-17A抗体，更长给药间隔Q8W,,,,,,,,
W4I013,Sonelokimab,MoonLake Immunotherapeutics,,Phase 3,银屑病,"IL-17A, IL-17F",N/A,N/A,0.0,N/A,,,,,IL-17A/F+白蛋白纳米抗体,,,,,,,,
W4I014,Hypericin,Huabo Biopharm,,Phase 2,银屑病,光敏机制,N/A,N/A,0.0,N/A,,,,,金丝桃素光动力治疗,,,,,,,,
W4P001,ZW1528,Zymeworks,,Preclinical,COPD | AIID,待披露,N/A,N/A,0.0,N/A,,,,,预计2026年下半年提交IND，COPD重点管线,,,,,,,,
W4P002,ATG-201,Antengene,,Preclinical,系统性红斑狼疮 | 类风湿性关节炎,"CD19, CD3",N/A,N/A,0.0,N/A,,,,,CD19xCD3 TCE，更低细胞因子释放，IND目标2025Q4,,,,,,,,
W4P003,ATG-207,Antengene,,Preclinical,1型糖尿病 | 强直性脊柱炎 | 特应性皮炎,T细胞耗竭靶点,N/A,N/A,0.0,N/A,,,,,同类首创，诱导T细胞分化和耗竭，2026年会议数据披露,,,,,,,,
W4P004,CD24 ADC,Antengene,,Preclinical,自身免疫病,CD24,N/A,N/A,0.0,N/A,,,,,自免ADC早期管线,,,,,,,,
W4P005,SYX-5219,Sitryx Therapeutics,,Preclinical/IND Enabling,特应性皮炎,PKM2,N/A,N/A,0.0,N/A,,,,,PKM2调节剂，同类首创，预计2026Q1启动AD患者Phase 1b,,,,,,,,
W4P006,CJRB-201,CJ Bioscience,,Preclinical,炎症性肠病 | 克罗恩病,Faecalibacterium菌株,N/A,N/A,0.0,N/A,,,,,基于AI平台发现的益生菌，诱导Treg细胞，2026年FIH,,,,,,,,
W4P007,LFD-200,Lifordi,,Preclinical,自身免疫病,VISTA,N/A,N/A,0.0,N/A,,,,,VISTA靶向ADC，获得Sanofi Ventures 4200万美元投资,,,,,,,,
W4P008,HBM7575,Harbour BioMed/和铂医药,,Preclinical,哮喘 | CRSwNP,TSLP,N/A,N/A,0.0,N/A,,,,,下一代TSLP双抗，超长效，预计2025年内IND,,,,,,,,
W4P009,DB-2304,InnoCare/诺诚健华,,Preclinical,系统性红斑狼疮,BDCA2,N/A,N/A,0.0,N/A,,,,,自免ADC，DIMAC平台，已进入Phase 2临床,,,,,,,,
W4P010,MRT-6160,Monte Rosa Therapeutics,,Preclinical,自身免疫病 | 炎症性疾病,VAV1,N/A,N/A,0.0,N/A,,,,,已授权Novartis，VAV1降解剂进入临床,,,,,,,,
W4P011,ICP-PROTAC-01,InnoCare/诺诚健华,,Preclinical,恶性肿瘤 | 自身免疫病,待披露,N/A,N/A,0.0,N/A,,,,,PROTAC平台管线，预计2026年递交5-7项IND,,,,,,,,
W4P012,ICP-MG-02,InnoCare/诺诚健华,,Preclinical,自身免疫病,待披露,N/A,N/A,0.0,N/A,,,,,分子胶平台早期管线,,,,,,,,
W4P013,HBM7020,Harbour BioMed/和铂医药,,Preclinical,多发性硬化症 | 重症肌无力,"BCMA, CD3",N/A,N/A,0.0,N/A,,,,,BCMAxCD3 TCE，自免疾病潜在同类最佳,,,,,,,,
W4P014,R7026,Harbour BioMed/和铂医药,,Preclinical,多种自身免疫疾病,"BCMA, CD19, CD3",N/A,N/A,0.0,N/A,,,,,BCMAxCD19xCD3三抗，下一代TCE,,,,,,,,
W4P015,SHR-4597,Hengrui/恒瑞医药,,Phase 1,哮喘,IL-4Rα,N/A,N/A,0.0,N/A,,,,,全球首创吸入式IL-4Rα ADC，Phase 2启动,,,,,,,,
W4P016,BR2060,Boerui Biotech/博锐生物,,Preclinical,哮喘 | 特应性皮炎,IL-4Rα,N/A,N/A,0.0,N/A,,,,,IL-4Rα ADC，2026年1月CDE受理IND,,,,,,,,
W4P017,SIM0708,Simcere/先声药业,,Preclinical,自身免疫病,IL-4Rα,N/A,N/A,0.0,N/A,,,,,IL-4Rα ADC临床前管线,,,,,,,,
W4P018,VX-548,Vertex,,Preclinical扩展,急性疼痛 | 慢性疼痛 | 炎症性疾病,NaV1.8,N/A,N/A,0.0,N/A,,,,,疼痛管线向自免扩展探索,,,,,,,,
W4P019,BX005,BiomX,,Phase 1/2,特应性皮炎,金黄色葡萄球菌,N/A,N/A,0.0,N/A,,,,,靶向S.aureus的噬菌体鸡尾酒，外用,,,,,,,,
W4P020,QY201,E-nitiate Biopharma/恩启生物,,Phase 2,特应性皮炎 | 银屑病,"JAK1, TYK2",N/A,N/A,0.0,N/A,,,,,高选择性JAK1/TYK2双重抑制剂，快速止痒,,,,,,,,
W4P021,STMC-103H,Siolta Therapeutics,,Phase 2,特应性皮炎 | 食物过敏 | 过敏性哮喘,肠道微生物组,N/A,N/A,0.0,N/A,,,,,ADORED研究进行中，预防过敏疾病,,,,,,,,
W4P022,APG279,Apogee Therapeutics,,Phase 1,特应性皮炎,"IL-13, OX40L",N/A,N/A,0.0,N/A,,,,,zumilokibart+APG990组合，潜在同类首创,,,,,,,,
W4P023,APG273,Apogee Therapeutics,,Preclinical,哮喘 | COPD,"IL-13, TSLP",N/A,N/A,0.0,N/A,,,,,IL-13+TSLP组合，突破单药天花板,,,,,,,,
W4P024,AZD6793,AstraZeneca,,Phase 1,COPD,IRAK4,N/A,N/A,0.0,N/A,,,,,新型IRAK4抑制剂，COPD临床前数据积极,,,,,,,,
W4P025,Gremubamab,AstraZeneca/MedImmune,,Phase 2,支气管扩张症,"Psl, PcrV",N/A,N/A,0.0,N/A,,,,,铜绿假单胞菌双抗，GREAT-2研究,,,,,,,,
W4P026,ICP-332,InnoCare/诺诚健华,,Phase 3,特应性皮炎 | 白癜风 | 结节性痒疹,"TYK2, JAK1",N/A,N/A,0.0,N/A,,,,,TYK2/JAK1抑制剂，口服便利,,,,,,,,
W4P027,ICP-488,InnoCare/诺诚健华,,Phase 3,银屑病,TYK2,N/A,N/A,0.0,N/A,,,,,TYK2抑制剂，银屑病III期进行中,,,,,,,,
W4P028,ZURLETRECTINIB,InnoCare/诺诚健华,,NDA/Preclinical扩展,实体瘤 | 潜在自免扩展,TRK,N/A,N/A,0.0,N/A,,,,,泛TRK抑制剂，2025年下半年递交儿童NDA,,,,,,,,
W4P029,B7-H3 ADC,InnoCare/诺诚健华,,Phase 1,实体瘤 | 潜在自免,B7-H3,N/A,N/A,0.0,N/A,,,,,自研ADC平台首个管线，差异化linker-payload,,,,,,,,
W4P030,Soquelitinib,Corvus Pharmaceuticals,,Phase 1,特应性皮炎,ITK,N/A,N/A,0.0,N/A,,,,,ITK抑制剂，调节Th1/Th2/Th17平衡,,,,,,,,
W4T001,ABBV-3373后续,AbbVie,,Preclinical,类风湿性关节炎,TNF,N/A,N/A,0.0,N/A,,,,,吸取ABBV-3373/154终止教训，新一代TNF-ADC,,,,,,,,
W4T002,KT-474,Kymera Therapeutics,,Phase 2,化脓性汗腺炎 | AD,IRAK4,N/A,N/A,0.0,N/A,,,,,IRAK4降解剂，炎症性疾病,,,,,,,,
W4T003,KT-621,Kymera Therapeutics,,Phase 1,自免疾病,STAT3,N/A,N/A,0.0,N/A,,,,,STAT3降解剂,,,,,,,,
W4T004,KT-294,Kymera Therapeutics,,Preclinical,炎症性疾病,TYK2,N/A,N/A,0.0,N/A,,,,,TYK2降解剂，自免布局,,,,,,,,
W4T005,NX-5948,Nurix Therapeutics,,Phase 1,自免疾病,BTK,N/A,N/A,0.0,N/A,,,,,口服BTK降解剂，授权Sanofi,,,,,,,,
W4T006,NX-2137,Nurix Therapeutics,,Preclinical,自免疾病,BTK,N/A,N/A,0.0,N/A,,,,,新一代BTK降解剂,,,,,,,,
W4T007,ARV-102,Arvinas/Pfizer,,Phase 1,帕金森病 | 潜在自免,LRRK2,N/A,N/A,0.0,N/A,,,,,CNS渗透性，血脑屏障穿透,,,,,,,,
W4T008,ARV-471,Arvinas/Pfizer,,Phase 3,乳腺癌,ER,N/A,N/A,0.0,N/A,,,,,首个Phase 3成功的PROTAC,,,,,,,,
W4T009,BMS-986435,Bristol Myers Squibb,,Phase 1,自免疾病,TBD,N/A,N/A,0.0,N/A,,,,,CELMoD平台，自免应用探索,,,,,,,,
W4T010,CFT1946,C4 Therapeutics,,Phase 1,实体瘤 | 潜在自免,BRAF,N/A,N/A,0.0,N/A,,,,,Torpedo平台,,,,,,,,
W4T011,EDP1815,Evelo Biosciences,,Phase 2,银屑病,肠道微生物组,N/A,N/A,0.0,N/A,,,,,微生物组外泌体，系统免疫调节,,,,,,,,
W4T012,Brentuximab Vedotin,Seagen/Takeda,,Phase II(自免扩展),弥漫性皮肤硬皮病,CD30,N/A,N/A,0.0,N/A,,,,,已获批肿瘤药物向自免拓展,,,,,,,,
W4T013,IMG-007,Inmagene,,Phase IIb,特应性皮炎,OX40,N/A,N/A,0.0,N/A,,,,,长效OX40抗体，52周研究,,,,,,,,
W4T014,MEDI9929,AstraZeneca/MedImmune,,Preclinical,哮喘,TSLP,N/A,N/A,0.0,N/A,,,,,早期TSLP管线,,,,,,,,
W4T015,BHV-1300,Biohaven,,Phase 1,IgG介导自免疾病,IgG,N/A,N/A,0.0,N/A,,,,,IgG降低>80%，潜在同类首创,,,,,,,,
W5R_001,Mosunetuzumab,Roche,,Phase 1,SLE,CD20/CD3,N/A,N/A,0.0,N/A,,,,,,,,,,,,,
W5R_002,Imvotamab (IGM-2323),IGM Biosciences,,Phase 1,"SLE, RA",CD20/CD3 (IgM),N/A,N/A,0.0,N/A,,,,,,,,,,,,,
W5R_003,Plamotamab,Xencor,,Phase 1b/2a,RA,CD20/CD3,N/A,N/A,0.0,N/A,,,,,,,,,,,,,
W5R_004,JS203,君实生物,,Phase 1,B-NHL (自免拓展),CD20/CD3,N/A,N/A,0.0,N/A,,,,,,,,,,,,,
W5R_005,ICP-B02 (CM355),InnoCare/Prolium,,临床阶段,Autoimmune,CD20/CD3,N/A,N/A,0.0,N/A,,,,,,,,,,,,,
W5R_006,Tezepelumab,AstraZeneca/Amgen,,Approved,"哮喘, AD",TSLP,N/A,N/A,0.0,N/A,,,,,,,,,,,,,
W5R_007,Busakitug (BSI-045B),Aclaris/Biosion,,Phase 2,AD,TSLP,N/A,N/A,0.0,N/A,,,,,,,,,,,,,
W5R_008,CM512,Keymed Biosciences,,Phase 2,"AD, 哮喘",TSLP/IL-13,N/A,N/A,0.0,N/A,,,,,,,,,,,,,
W5R_009,CS2015,CStone Pharma,,Preclinical/IND,"AD, 哮喘, COPD",OX40L/TSLP,N/A,N/A,0.0,N/A,,,,,,,,,,,,,
W5R_010,CDX-622,Celldex,,Phase 1,"AD, 哮喘, EoE",TSLP/c-Kit,N/A,N/A,0.0,N/A,,,,,,,,,,,,,
W5R_011,Dupilumab,Sanofi/Regeneron,,Approved,"AD, 哮喘, CRSwNP",IL-4Rα,N/A,N/A,0.0,N/A,,,,,,,,,,,,,
W5R_012,Manfidokimab (AK120),Akeso,,Phase 3 (NDA准备),AD,IL-4Rα,N/A,N/A,0.0,N/A,,,,,,,,,,,,,
W5R_013,AK139,Akeso,,Phase 2 (7项适应症),"COPD, 哮喘, AD",IL-4Rα/ST2,N/A,N/A,0.0,N/A,,,,,,,,,,,,,
W5R_014,NM26-2198,Numab Therapeutics,,Phase 1,AD,IL-4Rα/IL-31,N/A,N/A,0.0,N/A,,,,,,,,,,,,,
W5R_015,ZW1528,Zymeworks,,IND 2026,COPD,IL-4Rα/IL-33,N/A,N/A,0.0,N/A,,,,,,,,,,,,,
W5R_016,Deucravacitinib (Sotyktu),BMS,,Approved/Phase 3,"银屑病, PsA, SLE",TYK2,N/A,N/A,0.0,N/A,,,,,,,,,,,,,
W5R_017,Soficitinib (ICP-332),InnoCare,,Phase 3 (AD),"AD, PN, 白癜风",TYK2/JAK1,N/A,N/A,0.0,N/A,,,,,,,,,,,,,
W5R_018,VTX958,Ventyx Biosciences,,Phase 2,CD,TYK2,N/A,N/A,0.0,N/A,,,,,,,,,,,,,
W5R_019,Envudeucitinib,Alumis,,Phase 3 (银屑病),"银屑病, SLE, NIU",TYK2,N/A,N/A,0.0,N/A,,,,,,,,,,,,,
W5R_020,Brepocitinib,Priovant/Roivant,,Phase 3 (NDA 2026),"皮肌炎, NIU",TYK2/JAK1,N/A,N/A,0.0,N/A,,,,,,,,,,,,,
W5R_021,Risankizumab (Skyrizi),AbbVie,,Approved,"CD, UC, PsA",IL-23 p19,N/A,N/A,0.0,N/A,,,,,,,,,,,,,
W5R_022,Guselkumab (Tremfya),J&J,,Approved (UC 2024),"UC, CD, PsA",IL-23 p19,N/A,N/A,0.0,N/A,,,,,,,,,,,,,
W5R_023,Mirikizumab (Omvoh),Eli Lilly,,Approved,"CD, UC",IL-23 p19,N/A,N/A,0.0,N/A,,,,,,,,,,,,,
W5R_024,Icotrokinra (JNJ-77242113),J&J/Protagonist,,Phase 3,"银屑病, CD",IL-23R (口服肽),N/A,N/A,0.0,N/A,,,,,,,,,,,,,
W5R_025,SHR-1139,Hengrui,,Phase 2 (2025年3月启动),银屑病,IL-23 dual,N/A,N/A,0.0,N/A,,,,,,,,,,,,,
W5R_026,Rocatinlimab (AMG 451),Amgen/Kyowa Kirin,,Phase 3,AD,OX40,N/A,N/A,0.0,N/A,,,,,,,,,,,,,
W5R_027,Amlitelimab,Sanofi,,Phase 3,"AD, 哮喘",OX40L,N/A,N/A,0.0,N/A,,,,,,,,,,,,,
W5R_028,NAV-240,Navigator Medicines,,Phase 2,"HS, CD, UC",OX40L/TNFα,N/A,N/A,0.0,N/A,,,,,,,,,,,,,
W5R_029,IBI356,Innovent,,Phase 1,AD,OX40L,N/A,N/A,0.0,N/A,,,,,,,,,,,,,
W5R_030,Dapirolizumab Pegol,Biogen/UCB,,Phase 3,SLE,CD40L,N/A,N/A,0.0,N/A,,,,,,,,,,,,,
W5R_031,Lu AG22515,Lundbeck/AprilBio,,Phase 1,TED (甲状腺眼病),CD40L,N/A,N/A,0.0,N/A,,,,,,,,,,,,,
W5R_032,IBI355,Innovent,,Phase 1,Sjögren's,CD40L,N/A,N/A,0.0,N/A,,,,,,,,,,,,,
W5R_033,Telitacicept,RemeGen/Vor Bio,,Approved (中国)/Phase 3 (全球),"SLE, RA, MG, Sjögren's",BAFF/APRIL,N/A,N/A,0.0,N/A,,,,,,,,,,,,,
W5R_034,Tibulizumab (ZB-106),Zura Bio,,Phase 2,"SSc, HS",IL-17A/BAFF,N/A,N/A,0.0,N/A,,,,,,,,,,,,,
W5R_035,CS2013,CStone,,Preclinical,"SLE, IgA肾病",BAFF/APRIL,N/A,N/A,0.0,N/A,,,,,,,,,,,,,
W5R_036,LBL-047,Leads Biolabs,,IND 2025,"SLE, 皮肌炎, IgA肾病",BDCA2/TACI (BAFF/APRIL trap),N/A,N/A,0.0,N/A,,,,,,,,,,,,,
W5R_037,Anifrolumab (Saphnelo),AstraZeneca,,Approved,"SLE, CLE",IFNAR,N/A,N/A,0.0,N/A,,,,,,,,,,,,,
W5R_038,Orelabrutinib,InnoCare,,Phase 3 (SLE获批),"SLE, MS, ITP",BTK,N/A,N/A,0.0,N/A,,,,,,,,,,,,,
W5R_039,Upadacitinib (Rinvoq),AbbVie,,Approved/Phase 3,"RA, PsA, AD, SLE",JAK1,N/A,N/A,0.0,N/A,,,,,,,,,,,,,
W5R_040,Baricitinib (Olumiant),Eli Lilly/Incyte,,Approved,"RA, AD, SLE",JAK1/2,N/A,N/A,0.0,N/A,,,,,,,,,,,,,
W5R_041,Obefazimod,Abivax,,Phase 3 (UC),"UC, CD",miRNA-124 upregulator,N/A,N/A,0.0,N/A,,,,,,,,,,,,,
W5R_042,RO7790121,Roche,,Phase 3,"UC, CD",TL1A,N/A,N/A,0.0,N/A,,,,,,,,,,,,,
W5R_043,Etrasimod,Pfizer,,Approved (UC),"UC, CD",S1P1 modulator,N/A,N/A,0.0,N/A,,,,,,,,,,,,,
W5R_044,Nemolizumab (Nemluvio),Galderma,,Approved 2025,"AD, PN",IL-31R,N/A,N/A,0.0,N/A,,,,,,,,,,,,,
W5R_045,Lebrikizumab,Eli Lilly,,Approved,AD,IL-13,N/A,N/A,0.0,N/A,,,,,,,,,,,,,
W5R_046,Sonelokimab,MoonLake,,Phase 3,"PsA, HS, 银屑病",IL-17A/F,N/A,N/A,0.0,N/A,,,,,,,,,,,,,
W5R_047,Bimekizumab (Bimzelx),UCB,,Approved,"PsA, AS, 银屑病",IL-17A/F,N/A,N/A,0.0,N/A,,,,,,,,,,,,,
W5R_048,Rozibafusp alfa,Biogen,,Phase 2,SLE,ICOSL/BAFF,N/A,N/A,0.0,N/A,,,,,,,,,,,,,
W5R_049,HXN-1002,Earendil Labs/Sanofi,,Preclinical,"UC, CD",α4β7/TL1A,N/A,N/A,0.0,N/A,,,,,,,,,,,,,
W5R_050,Rovadicitinib,Sino Biopharm/Sanofi,,Phase 2,"MF, cGVHD, 自免",JAK/ROCK,N/A,N/A,0.0,N/A,,,,,,,,,,,,,
WAVE6-CN-001,ATG-201 (CD19/CD3 TCE),德琪医药,,Preclinical,系统性红斑狼疮 | 类风湿关节炎 | 其他B细胞介导自免疾病,CD19/CD3 (TCE双抗),N/A,China,0.94,"{""company"": ""https://www.antengene.com"", ""press_release"": ""https://www.pharmcube.com/newsLibrary/detail?id=a3bd57b7394d13d9169d3760a1a7b58f"", ""deal_news"": ""https://finance.sina.com.cn/wm/2026-03-04/doc-inhpuwsp0198335.shtml""}",,,,,,上海,上市公司,P0,,,,,
WAVE6-CN-002,ATG-106 (CDH6/CD3 TCE),德琪医药,,Preclinical,卵巢癌 | 肾癌,CDH6/CD3 (TCE双抗),N/A,China,0.85,"{""company"": ""https://www.antengene.com""}",,,,,,上海,上市公司,P1,,,,,
WAVE6-CN-003,JSKN016 (HER3/TROP2双抗ADC),康宁杰瑞,,Preclinical,晚期恶性实体瘤,HER3/TROP2 (双抗ADC),N/A,China,0.88,"{""company"": ""https://www.alphamabonc.com"", ""clinicaltrials"": ""NCT05744427""}",,,,,,苏州,上市公司,P1,,,,,
WAVE6-CN-004,KN5501 (CD19 CAR-NK),康宁杰瑞,,Preclinical,系统性红斑狼疮 | 难治性自身免疫病,CD19 (CAR-NK),N/A,China,0.82,"{""company"": ""https://www.alphamabonc.com"", ""academic"": ""ACR 2024 Annual Meeting""}",,,,,,苏州,上市公司,P1,,,,,
WAVE6-CN-005,BADC-001 (双抗ADC),康宁杰瑞,,Preclinical,实体瘤 | 血液肿瘤,双特异性抗体ADC,N/A,China,0.81,"{""company"": ""https://www.alphamabonc.com"", ""press_release"": ""https://www.alphamabonc.com/html/news/2755.html""}",,,,,,苏州,上市公司,P1,,,,,
WAVE6-CN-006,BAT4306 (TL1A抗体),百奥泰,,Preclinical,溃疡性结肠炎 | 克罗恩病 | 炎症性肠病,TL1A,N/A,China,0.82,"{""company"": ""https://www.bio-thera.com""}",,,,,,广州,上市公司,P1,,,,,
WAVE6-CN-007,BAT4406 (FcRn抗体),百奥泰,,Preclinical,重症肌无力 | 免疫性血小板减少症 | 自身免疫性疾病,FcRn,N/A,China,0.79,"{""company"": ""https://www.bio-thera.com""}",,,,,,广州,上市公司,P1,,,,,
WAVE6-CN-008,HLX-AD002 (ADCC增强抗体),复宏汉霖,,Preclinical,自身免疫性疾病,未披露 (ADCC增强),N/A,China,0.75,"{""company"": ""https://www.henlius.com""}",,,,,,上海,上市公司,P1,,,,,
WAVE6-CN-009,6MW3211 (CD47/PD-L1双抗),迈威生物,,Preclinical,实体瘤 | 血液肿瘤,CD47/PD-L1 (双抗),N/A,China,0.79,"{""company"": ""https://www.mabwell.cn""}",,,,,,上海,上市公司,P1,,,,,
WAVE6-CN-010,SSGJ-706 (PD-1/VEGF双抗),三生国健,,Preclinical,肿瘤 | 自免疾病,PD-1/VEGF (双抗),N/A,China,0.77,"{""company"": ""https://www.3sbio.com""}",,,,,,上海,上市公司,P1,,,,,
WAVE6-CN-011,ATG-102 (LILRB4/CD3 TCE),德琪医药,,Preclinical,急性髓系白血病 | 实体瘤,LILRB4/CD3 (TCE双抗),N/A,China,0.78,"{""company"": ""https://www.antengene.com""}",,,,,,上海,上市公司,P1,,,,,
WAVE6-CN-012,ATG-021 (GPRC5D/CD3 TCE),德琪医药,,Preclinical,多发性骨髓瘤,GPRC5D/CD3 (TCE双抗),N/A,China,0.78,"{""company"": ""https://www.antengene.com""}",,,,,,上海,上市公司,P1,,,,,
WAVE6-CN-013,ATG-110 (LY6G6D/CD3 TCE),德琪医药,,Preclinical,微卫星稳定型结直肠癌,LY6G6D/CD3 (TCE双抗),N/A,China,0.78,"{""company"": ""https://www.antengene.com""}",,,,,,上海,上市公司,P1,,,,,
WAVE6-US-001,MRT-6160 (VAV1 Molecular Glue),Monte Rosa Therapeutics,,Preclinical,T细胞介导的自身免疫病 | 炎症性疾病,VAV1 (分子胶降解剂),N/A,美国,0.9,"{""company"": ""https://www.montetrarosa.com"", ""deal_news"": ""https://www.prnewswire.com/news-releases/monte-rosa-therapeutics-announces-exclusive-global-license-agreement-with-novartis-for-mrt-6160-302033329.html""}",,,,,,"Boston, MA",上市公司,P0,,,,,
WAVE6-US-002,KT-474 (IRAK4 PROTAC),Kymera Therapeutics,,Preclinical,化脓性汗腺炎 | 特应性皮炎 | 类风湿关节炎,IRAK4 (PROTAC),N/A,美国,0.91,"{""company"": ""https://www.kymeratx.com"", ""clinicaltrials"": ""NCT04772885"", ""deal_news"": ""https://www.kymeratx.com/news-releases/news-release-details/kymera-therapeutics-announces-collaboration-sanofi""}",,,,,,"Cambridge, MA",上市公司,P0,,,,,
WAVE6-US-003,KT-333 (STAT3 PROTAC),Kymera Therapeutics,,Preclinical,外周T细胞淋巴瘤 | 大颗粒淋巴细胞白血病 | 实体瘤,STAT3 (PROTAC),N/A,美国,0.87,"{""company"": ""https://www.kymeratx.com"", ""clinicaltrials"": ""NCT05274558""}",,,,,,"Cambridge, MA",上市公司,P1,,,,,
WAVE6-US-004,NX-5948 (BTK Degrader),Nurix Therapeutics,,Preclinical,B细胞淋巴瘤 | 系统性红斑狼疮 | 自身免疫病,BTK (PROTAC),N/A,美国,0.84,"{""company"": ""https://www.nurixtx.com""}",,,,,,"San Francisco, CA",上市公司,P1,,,,,
WAVE6-US-005,SIM0711 (IRAK4 PROTAC),先声药业 (Simcere),,Preclinical,自身免疫病 | 炎症性疾病,IRAK4 (PROTAC),N/A,China,0.82,"{""company"": ""https://www.simcere.com""}",,,,,,南京,上市公司,P1,,,,,
WAVE6-US-006,LNK009 (STAT6 PROTAC),凌科药业 (Link Pharma),,Preclinical,特应性皮炎 | 哮喘 | Th2驱动疾病,STAT6 (PROTAC),N/A,China,0.79,"{""company"": ""https://www.linkonpharma.com""}",,,,,,杭州,未上市,P1,,,,,
WAVE6-US-007,LNK-IRAK4 (IRAK4 PROTAC),凌科药业 (Link Pharma),,Preclinical,类风湿关节炎 | 炎症性肠病,IRAK4 (PROTAC),N/A,China,0.77,"{""company"": ""https://www.linkonpharma.com""}",,,,,,杭州,未上市,P1,,,,,
WAVE6-US-008,LNK-VAV1 (VAV1 Molecular Glue),凌科药业 (Link Pharma),,Preclinical,T细胞介导自免疾病,VAV1 (分子胶降解剂),N/A,China,0.74,"{""company"": ""https://www.linkonpharma.com""}",,,,,,杭州,未上市,P1,,,,,
WAVE6-US-009,Descartes-08 (mRNA CAR-T),Cartesian Therapeutics,,Preclinical,重症肌无力 | 系统性红斑狼疮,BCMA (mRNA CAR-T),N/A,美国,0.9,"{""company"": ""https://www.cartesiantherapeutics.com"", ""clinicaltrials"": ""NCT04146051""}",,,,,,"Gaithersburg, MD",上市公司,P0,,,,,
WAVE6-EU-001,Amlitelimab (OX40L抗体),赛诺菲 (Sanofi),,Preclinical,特应性皮炎 | 哮喘 | 硬皮病,OX40L,N/A,Europe,0.91,"{""company"": ""https://www.sanofi.com"", ""clinicaltrials"": ""NCT05052831""}",,,,,,"Paris, France",MNC,P0,,,,,
WAVE6-EU-002,Rocatinlimab (OX40抗体),安进/协和麒麟 (Amgen/Kyowa Kirin),,Preclinical,特应性皮炎 | 哮喘,OX40,N/A,United States,0.89,"{""company"": ""https://www.amgen.com"", ""clinicaltrials"": ""NCT03703102""}",,,,,,"Thousand Oaks, CA",MNC,P0,,,,,
WAVE6-EU-003,Frexalimab (CD40L抗体),赛诺菲 (Sanofi),,Preclinical,多发性硬化症 | 系统性红斑狼疮 | 干燥综合征,CD40L,N/A,Europe,0.89,"{""company"": ""https://www.sanofi.com"", ""clinicaltrials"": ""NCT06276328""}",,,,,,"Paris, France",MNC,P0,,,,,
WAVE6-EU-004,Dapirolizumab pegol (CD40L抗体),优时比 (UCB),,Preclinical,系统性红斑狼疮,CD40L,N/A,Europe,0.87,"{""company"": ""https://www.ucb.com"", ""clinicaltrials"": ""NCT04294697""}",,,,,,"Brussels, Belgium",MNC,P1,,,,,
WAVE6-EU-005,Povetacicept (BAFF/APRIL抑制剂),Alpine Immune Sciences,,Preclinical,系统性红斑狼疮 | 干燥综合征 | IgA肾病,BAFF/APRIL (TACI-Fc融合蛋白),N/A,美国,0.9,"{""company"": ""https://www.alpineimmunesciences.com"", ""deal_news"": ""https://www.businesswire.com/news/home/20240417214588/en/Viking-Therapeutics-Acquires-Alpine-Immune-Sciences""}",,,,,,"Seattle, WA",上市公司,P0,,,,,
WAVE6-EU-006,Ianalumab (BAFF-R抗体),诺华 (Novartis),,Preclinical,系统性红斑狼疮 | 多发性硬化症 | 干燥综合征,BAFF-R,N/A,Europe,0.89,"{""company"": ""https://www.novartis.com"", ""clinicaltrials"": ""NCT05170858""}",,,,,,"Basel, Switzerland",MNC,P0,,,,,
WAVE6-EU-007,Nipocalimab (FcRn抗体),强生 (Johnson & Johnson),,Preclinical,重症肌无力 | 类风湿关节炎 | 溶血性疾病 | 干燥综合征,FcRn,N/A,美国,0.91,"{""company"": ""https://www.jnj.com"", ""clinicaltrials"": ""NCT04960423""}",,,,,,"New Brunswick, NJ",MNC,P0,,,,,
WAVE6-EU-008,Rozanolixizumab (FcRn抗体),优时比 (UCB),,Preclinical,重症肌无力 | 免疫性血小板减少症 | 慢性炎症性脱髓鞘性多发性神经病,FcRn,N/A,Europe,0.89,"{""company"": ""https://www.ucb.com"", ""clinicaltrials"": ""NCT04124965""}",,,,,,"Brussels, Belgium",MNC,P0,,,,,
WAVE6-EU-009,Batoclimab (FcRn抗体),Immunovant/HanAll,,Preclinical,重症肌无力 | 甲状腺眼病 | 免疫性血小板减少症,FcRn,N/A,United States,0.87,"{""company"": ""https://www.immunovant.com""}",,,,,,"New York, NY",上市公司,P1,,,,,
WAVE6-EU-010,IMVT-1402 (FcRn抗体),Immunovant,,Preclinical,Graves病 | 类风湿关节炎 | 自身免疫病,FcRn,N/A,美国,0.84,"{""company"": ""https://www.immunovant.com""}",,,,,,"New York, NY",上市公司,P1,,,,,
WAVE6-EU-011,Efgartigimod (FcRn抗体),Argenx,,Preclinical,重症肌无力 | 慢性炎症性脱髓鞘性多发性神经病 | 免疫性血小板减少症 | 干燥综合征,FcRn,N/A,United States,0.93,"{""company"": ""https://www.argenx.com"", ""clinicaltrials"": ""NCT04289779""}",,,,,,"Breda, Netherlands",上市公司,P0,,,,,
WAVE6-TARGET-001,TEV-48574 (TL1A抗体),梯瓦制药 (Teva),,Preclinical,溃疡性结肠炎 | 克罗恩病,TL1A,N/A,United States,0.84,"{""company"": ""https://www.tevapharm.com""}",,,,,,"Petah Tikva, Israel",MNC,P1,,,,,
WAVE6-TARGET-002,Tulisokibart (TL1A抗体),Prometheus Biosciences (Merck),,Preclinical,溃疡性结肠炎 | 克罗恩病,TL1A,N/A,美国,0.89,"{""company"": ""https://www.merck.com"", ""clinicaltrials"": ""NCT05509284""}",,,,,,"San Diego, CA",MNC,P0,,,,,
WAVE6-TARGET-003,RG6631 (TL1A抗体),罗氏 (Roche),,Preclinical,溃疡性结肠炎 | 克罗恩病,TL1A,N/A,Europe,0.87,"{""company"": ""https://www.roche.com""}",,,,,,"Basel, Switzerland",MNC,P0,,,,,
WAVE6-TARGET-004,IMG-007 (OX40抗体),创胜集团 (Transcenta),,Preclinical,特应性皮炎,OX40,N/A,China,0.8,"{""company"": ""https://www.transcenta.com""}",,,,,,苏州,上市公司,P1,,,,,
WAVE6-TARGET-005,Telazorlimab (OX40抗体),Ichnos Sciences,,Preclinical,特应性皮炎,OX40,N/A,美国,0.8,"{""company"": ""https://www.ichnossciences.com""}",,,,,,"New York, NY",私营公司,P1,,,,,
WAVE6-TARGET-006,Abiprubart (CD40抗体),百时美施贵宝 (BMS),,Preclinical,类风湿关节炎,CD40,N/A,美国,0.8,"{""company"": ""https://www.bms.com""}",,,,,,"Princeton, NJ",MNC,P1,,,,,
WAVE6-TARGET-007,Iscalimab (CD40抗体),诺华 (Novartis),,Preclinical,系统性红斑狼疮,CD40,N/A,Europe,0.8,"{""company"": ""https://www.novartis.com""}",,,,,,"Basel, Switzerland",MNC,P1,,,,,
WAVE6-TARGET-008,Ravagalimab (CD40抗体),百时美施贵宝 (BMS),,Preclinical,溃疡性结肠炎,CD40,N/A,美国,0.8,"{""company"": ""https://www.bms.com""}",,,,,,"Princeton, NJ",MNC,P1,,,,,
WAVE6-TARGET-009,Dazodalibep (CD40L Tn3蛋白),Horizon Therapeutics (Amgen),,Preclinical,类风湿关节炎 | 干燥综合征 | 系统性红斑狼疮,CD40L,N/A,美国,0.84,"{""company"": ""https://www.amgen.com""}",,,,,,"Deerfield, IL",MNC,P1,,,,,
WAVE6-ACADEMIC-001,CD19-UCAR-T (通用型CAR-T),中科院/合作企业,,Preclinical,系统性红斑狼疮 | 自身免疫病,CD19 (通用型CAR-T),N/A,China,0.73,"{""academic"": ""中科院"", ""patent"": ""中国专利""}",,,,,,北京,学术机构,P1,,,,,
WAVE6-ACADEMIC-002,BCMA-CD19 CAR-T,清华/合作企业,,Preclinical,系统性红斑狼疮 | 狼疮性肾炎,BCMA/CD19 (双靶点CAR-T),N/A,China,0.85,"{""academic"": ""清华大学"", ""publication"": ""Ann Rheum Dis 2024""}",,,,,,北京,学术机构,P0,,,,,
WAVE6-ACADEMIC-003,PD-L1 CAR-NK,复旦/合作企业,,Preclinical,系统性红斑狼疮,PD-L1 (CAR-NK),N/A,China,0.76,"{""academic"": ""复旦大学"", ""academic_publication"": ""Front Immunol 2025""}",,,,,,上海,学术机构,P1,,,,,
WAVE6-ACADEMIC-004,BTK PROTAC (学术转化),浙大/合作企业,,Preclinical,类风湿关节炎 | 系统性红斑狼疮,BTK (PROTAC),N/A,China,0.71,"{""academic"": ""浙江大学""}",,,,,,杭州,学术机构,P1,,,,,
WAVE6-ACADEMIC-005,IRAK4 降解剂 (学术转化),川大/合作企业,,Preclinical,炎症性肠病 | 自身免疫病,IRAK4 (PROTAC/分子胶),N/A,China,0.68,"{""academic"": ""四川大学""}",,,,,,成都,学术机构,P1,,,,,
WAVE6-CN-014,BGB-16673 (BTK PROTAC),百济神州,,Preclinical,B细胞恶性肿瘤 | 自身免疫病,BTK (PROTAC),N/A,China,0.88,"{""company"": ""https://www.beigene.com""}",,,,,,北京,上市公司,P0,,,,,
WAVE6-CN-015,HZ-Q-001 (分子胶降解剂),海正药业/合作方,,Preclinical,肿瘤 | 自免疾病,未披露 (分子胶),N/A,China,0.71,"{""company"": ""https://www.hisunpharm.com""}",,,,,,台州,上市公司,P1,,,,,
WAVE6-CN-016,TQB2102 (HER2 ADC),正大天晴,,Preclinical,HER2表达肿瘤 | 自免疾病探索,HER2 (ADC),N/A,China,0.75,"{""company"": ""https://www.cttq.com""}",,,,,,南京,上市公司,P1,,,,,
WAVE6-CN-017,IBI354 (HER2 ADC),信达生物,,Preclinical,HER2表达肿瘤,HER2 (ADC),N/A,China,0.78,"{""company"": ""https://www.innoventbio.com""}",,,,,,苏州,上市公司,P1,,,,,
WAVE6-CN-018,SI-B001 (EGFR/HER3双抗),百利天恒,,Preclinical,实体瘤,EGFR/HER3 (双抗),N/A,China,0.75,"{""company"": ""https://www.baili-pharm.com""}",,,,,,成都,上市公司,P1,,,,,
WAVE6-CN-019,CM350 (GPC3/CD3 TCE),康诺亚,,Preclinical,肝癌,GPC3/CD3 (TCE双抗),N/A,China,0.75,"{""company"": ""https://www.keymedbio.com""}",,,,,,成都,上市公司,P1,,,,,
WAVE6-CN-020,CM336 (BCMA/CD3 TCE),康诺亚,,Preclinical,多发性骨髓瘤 | 自身免疫病,BCMA/CD3 (TCE双抗),N/A,China,0.78,"{""company"": ""https://www.keymedbio.com""}",,,,,,成都,上市公司,P1,,,,,
WAVE6-CN-021,SIM0500 (GPRC5D-BCMA-CD3三抗),先声药业,,Preclinical,多发性骨髓瘤 | 自免疾病探索,GPRC5D/BCMA/CD3 (三特异性抗体),N/A,China,0.8,"{""company"": ""https://www.simcere.com""}",,,,,,南京,上市公司,P1,,,,,
WAVE6-CN-022,SIM0505 (CDH6 ADC),先声药业,,Preclinical,卵巢癌,CDH6 (ADC),N/A,China,0.75,"{""company"": ""https://www.simcere.com""}",,,,,,南京,上市公司,P1,,,,,
WAVE6-CN-023,FZ002-037 (SSTR4激动剂),费米子科技,,Preclinical,慢性疼痛 | 神经性疾病,SSTR4 (小分子激动剂),N/A,China,0.77,"{""company"": ""https://www.fermionai.com"", ""deal_news"": ""先声药业合作""}",,,,,,广州,未上市,P1,,,,,
WAVE6-CN-024,STSA-1301 (FcRn抗体),舒泰神,,Preclinical,免疫性血小板减少症,FcRn,N/A,China,0.78,"{""company"": ""https://www.staidson.com""}",,,,,,北京,上市公司,P1,,,,,
WAVE6-CN-025,GB-002 (CD40抗体),嘉和生物,,Preclinical,肿瘤 | 自身免疫病,CD40,N/A,China,0.72,"{""company"": ""https://www.genorbiopharma.com""}",,,,,,上海,上市公司,P1,,,,,
WAVE6-CN-026,GB-003 (OX40抗体),嘉和生物,,Preclinical,肿瘤 | 自身免疫病,OX40,N/A,China,0.72,"{""company"": ""https://www.genorbiopharma.com""}",,,,,,上海,上市公司,P1,,,,,
WAVE6-CN-027,SKB264 (TROP2 ADC),科伦博泰,,Preclinical,实体瘤 | 自免探索,TROP2 (ADC),N/A,China,0.82,"{""company"": ""https://www.kelun-biotech.com""}",,,,,,成都,上市公司,P1,,,,,
WAVE6-CN-028,A167 (PD-L1抗体),科伦药业,,Preclinical,肿瘤 | 自身免疫病探索,PD-L1,N/A,China,0.75,"{""company"": ""https://www.kelun.com""}",,,,,,成都,上市公司,P1,,,,,
WAVE6-US-010,ARV-393 (BCL6 PROTAC),Arvinas,,Preclinical,非霍奇金淋巴瘤 | 血管免疫母细胞性T细胞淋巴瘤,BCL6 (PROTAC),N/A,美国,0.82,"{""company"": ""https://www.arvinas.com""}",,,,,,"New Haven, CT",上市公司,P1,,,,,
WAVE6-US-011,ARV-766 (AR PROTAC),Arvinas,,Preclinical,前列腺癌,AR (PROTAC),N/A,美国,0.85,"{""company"": ""https://www.arvinas.com"", ""deal_news"": ""Novartis partnership""}",,,,,,"New Haven, CT",上市公司,P1,,,,,
WAVE6-US-012,CC-90009 (GSPT1 Molecular Glue),BMS/Celgene,,Preclinical,急性髓系白血病,GSPT1 (CELMoD),N/A,美国,0.82,"{""company"": ""https://www.bms.com""}",,,,,,"Summit, NJ",MNC,P1,,,,,
WAVE6-US-013,FD-001 (GSPT1 Molecular Glue),成都分迪药业 (Chengdu Fendi),,Preclinical,急性髓系白血病 | 非霍奇金淋巴瘤 | 多发性骨髓瘤,GSPT1 (分子胶),N/A,China,0.78,"{""company"": ""http://www.pharmedesign.com.cn""}",,,,,,成都,未上市,P1,,,,,
WAVE6-US-014,GLB-002 (IKZF1/3 Molecular Glue),GluBio,,Preclinical,复发难治非霍奇金淋巴瘤,IKZF1/3 (分子胶),N/A,美国,0.78,"{""company"": ""https://www.glubio.com""}",,,,,,"San Diego, CA",未上市,P1,,,,,
WAVE6-CN-029,HSK29116 (BTK PROTAC),海思科,,Preclinical,B细胞淋巴瘤 | 自身免疫病,BTK (PROTAC),N/A,China,0.78,"{""company"": ""https://www.haisco.com""}",,,,,,成都,上市公司,P1,,,,,
WAVE6-CN-030,AC0676 (BTK PROTAC),冰洲石生物 (Accutar),,Preclinical,血液肿瘤 | 自身免疫病,BTK (PROTAC),N/A,China,0.75,"{""company"": ""https://www.accutarbio.com""}",,,,,,上海,未上市,P1,,,,,
WAVE6-CN-031,SIM0508 (Polθ抑制剂),先声药业,,Preclinical,肿瘤,Polθ (小分子抑制剂),N/A,China,0.73,"{""company"": ""https://www.simcere.com""}",,,,,,南京,上市公司,P1,,,,,
WAVE6-CN-032,DB-1419 (PD-L1/HER3双抗ADC),映恩生物,,Preclinical,实体瘤,PD-L1/HER3 (双抗ADC),N/A,China,0.78,"{""company"": ""https://www.dualitybio.com""}",,,,,,上海,未上市,P1,,,,,
WAVE6-CN-033,DB-1303 (HER2 ADC),映恩生物,,Preclinical,HER2表达肿瘤,HER2 (ADC),N/A,China,0.78,"{""company"": ""https://www.dualitybio.com""}",,,,,,上海,未上市,P1,,,,,
WAVE6-CN-034,JSKN033 (双抗ADC),康宁杰瑞,,Preclinical,实体瘤,双特异性抗体ADC,N/A,China,0.76,"{""company"": ""https://www.alphamabonc.com""}",,,,,,苏州,上市公司,P1,,,,,
WAVE6-CN-035,CM-Block1 (分子胶平台),康诺亚,,Preclinical,自免疾病探索,未披露 (分子胶),N/A,China,0.68,"{""company"": ""https://www.keymedbio.com""}",,,,,,成都,上市公司,P2,,,,,
WAVE6-CN-036,TCE自免管线1,智翔金泰,,Preclinical,自身免疫病,CD3/未披露 (TCE),N/A,China,0.71,"{""company"": ""https://www.genrixbio.com""}",,,,,,重庆,上市公司,P1,,,,,
WAVE6-CN-037,LNK01006 (TYK2抑制剂),凌科药业,,Preclinical,银屑病 | 炎症性肠病,TYK2 (小分子),N/A,China,0.78,"{""company"": ""https://www.linkonpharma.com""}",,,,,,杭州,未上市,P1,,,,,
WAVE6-CN-038,LNK01007 (TYK2抑制剂),凌科药业,,Preclinical,系统性红斑狼疮 | 银屑病,TYK2 (小分子),N/A,China,0.76,"{""company"": ""https://www.linkonpharma.com""}",,,,,,杭州,未上市,P1,,,,,
WAVE6-CN-039,SIM0501 (USP1抑制剂),先声药业,,Preclinical,肿瘤,USP1 (小分子),N/A,China,0.73,"{""company"": ""https://www.simcere.com""}",,,,,,南京,上市公司,P1,,,,,
WAVE6-CN-040,SIM0500-G (GPRC5D-BCMA-CD3),先声药业,,Preclinical,多发性骨髓瘤 | 自免疾病探索,GPRC5D/BCMA/CD3 (三抗),N/A,China,0.81,"{""company"": ""https://www.simcere.com"", ""deal_news"": ""AbbVie partnership option""}",,,,,,南京,上市公司,P1,,,,,
WAVE6-US-015,KT-413 (IRAK4 PROTAC),Kymera Therapeutics,,Preclinical,MYD88突变B细胞淋巴瘤,IRAK4 (PROTAC),N/A,美国,0.82,"{""company"": ""https://www.kymeratx.com""}",,,,,,"Cambridge, MA",上市公司,P1,,,,,
WAVE6-US-016,VRDN-006 (FcRn抗体),Viridian Therapeutics,,Preclinical,IgG介导的自身免疫病,FcRn,N/A,美国,0.8,"{""company"": ""https://www.viridiantherapeutics.com""}",,,,,,"Waltham, MA",上市公司,P1,,,,,
WAVE6-US-017,VRDN-008 (长效FcRn抗体),Viridian Therapeutics,,Preclinical,IgG介导的自身免疫病,FcRn,N/A,美国,0.78,"{""company"": ""https://www.viridiantherapeutics.com""}",,,,,,"Waltham, MA",上市公司,P1,,,,,
W10-ADC-001,DB-2304,InnoCare Pharma/DualityBio,,Phase 1/2a,SLE | Cutaneous Lupus Erythematosus (CLE),BDCA2,"DIMAC platform, selective targeting of pDCs, superior IFN-I inhibition","Global (Australia, US, China)",0.86,"{""clinicaltrials"": ""https://clinicaltrials.gov/search?term=DB-2304"", ""company"": """", ""press_releases"": """"}",,,,,,"Global (Australia, US, China)",,,,,,,
W10-ADC-002,SHR-4597,Hengrui Medicine,,Phase 2,Asthma,IL-4Rα,"First inhaled ADC for asthma, local administration reduces systemic exposure",China,0.86,"{""clinicaltrials"": ""https://clinicaltrials.gov/search?term=SHR-4597"", ""company"": """", ""press_releases"": """"}",,,,,,China,,,,,,,
W10-ADC-003,BR2060,Boerui Biotech,,IND submitted,Asthma | Atopic Dermatitis,IL-4Rα,Second IL-4R ADC in clinic after SHR-4597,China,0.86,"{""clinicaltrials"": ""https://clinicaltrials.gov/search?term=BR2060"", ""company"": """", ""press_releases"": """"}",,,,,,China,,,,,,,
W10-ADC-004,SIM0708,Simcere Pharmaceutical,,Preclinical,Asthma | Atopic Dermatitis,IL-4Rα,Preclinical IL-4R ADC,China,0.86,"{""clinicaltrials"": ""https://clinicaltrials.gov/search?term=SIM0708"", ""company"": """", ""press_releases"": """"}",,,,,,China,,,,,,,
W10-ADC-005,LFD-200,Lifordi,,Preclinical,SLE | Autoimmune Diseases,VISTA,"13-week administration maintains glucocorticoid exposure in immune cells, no systemic toxicity",United States,0.86,"{""clinicaltrials"": ""https://clinicaltrials.gov/search?term=LFD-200"", ""company"": """", ""press_releases"": """"}",,,,,,US,,,,,,,
W10-ADC-006,CD19-ADC (Multiple),ADC Therapeutics/Multiple,,Discovery/Preclinical,SLE | RA | Autoimmune Diseases,CD19,"DAR4-6, targeting B cells in autoimmune",Global,0.86,"{""clinicaltrials"": ""https://clinicaltrials.gov/search?term=CD19-ADC%20(Multiple)"", ""company"": """", ""press_releases"": """"}",,,,,,Global,,,,,,,
W10-ADC-007,CD20-ADC (Multiple),Various,,Preclinical,SLE | RA | MS,CD20,Targeting B cells for depletion,Global,0.86,"{""clinicaltrials"": ""https://clinicaltrials.gov/search?term=CD20-ADC%20(Multiple)"", ""company"": """", ""press_releases"": """"}",,,,,,Global,,,,,,,
W10-ADC-008,CD138-ADC (Multiple),Various,,Preclinical,SLE | Plasma Cell Disorders,CD138,Targeting plasma cells in SLE,Global,0.86,"{""clinicaltrials"": ""https://clinicaltrials.gov/search?term=CD138-ADC%20(Multiple)"", ""company"": """", ""press_releases"": """"}",,,,,,Global,,,,,,,
W10-ADC-009,IL-7R ADC,Various,,Animal Model Validation,Arthritis | Transplant Pre-treatment | Scleroderma,IL-7R,Validated in animal models,Global,0.86,"{""clinicaltrials"": ""https://clinicaltrials.gov/search?term=IL-7R%20ADC"", ""company"": """", ""press_releases"": """"}",,,,,,Global,,,,,,,
W10-ADC-010,IL-6 ADC,Various,,Animal Model Validation,Arthritis | Autoimmune Diseases,IL-6,Validated in animal models,Global,0.86,"{""clinicaltrials"": ""https://clinicaltrials.gov/search?term=IL-6%20ADC"", ""company"": """", ""press_releases"": """"}",,,,,,Global,,,,,,,
W10-ADC-011,CD45 ADC,Various,,Animal Model Validation,Arthritis | Transplant Pre-treatment | Scleroderma,CD45,Validated in animal models,Global,0.86,"{""clinicaltrials"": ""https://clinicaltrials.gov/search?term=CD45%20ADC"", ""company"": """", ""press_releases"": """"}",,,,,,Global,,,,,,,
W10-ADC-012,Brentuximab Vedotin (Autoimmune Expansion),Seagen/Takeda,,Feasibility Clinical Exploration,Early-stage Diffuse Cutaneous Scleroderma,CD30,Crossover from oncology to autoimmune,Global,0.86,"{""clinicaltrials"": ""https://clinicaltrials.gov/search?term=Brentuximab%20Vedotin%20(Autoimmune%20Expansion)"", ""company"": """", ""press_releases"": """"}",,,,,,Global,,,,,,,
W10-MGD-001,MRT-6160,Monte Rosa Therapeutics (Novartis partnered),,Phase 1 (SAD/MAD completed),SLE | Sjögren's Disease | Rheumatoid Arthritis | Multiple Immune-mediated Diseases,VAV1,"First-in-class VAV1-directed MGD, >90% VAV1 degradation in T/B cells, oral bioavailable",Global,0.86,"{""clinicaltrials"": ""https://clinicaltrials.gov/search?term=MRT-6160"", ""company"": """", ""press_releases"": """"}",,,,,,Global,,,,,,,
W10-MGD-002,MRT-2359,Monte Rosa Therapeutics,,Phase 1/2,MYC-driven Cancers | Autoimmune (exploratory),GSPT1,"GSPT1 degrader, potential autoimmune applications",Global,0.86,"{""clinicaltrials"": ""https://clinicaltrials.gov/search?term=MRT-2359"", ""company"": """", ""press_releases"": """"}",,,,,,Global,,,,,,,
W10-MGD-003,Iberdomide (CC-220),Bristol Myers Squibb,,Phase 1 (SLE),SLE | Multiple Myeloma,IKZF1/IKZF3 (Ikaros/Aiolos),"Reduced Aiolos levels in B/T cells, decreased autoantibody production",Global,0.86,"{""clinicaltrials"": ""https://clinicaltrials.gov/search?term=Iberdomide%20(CC-220)"", ""company"": """", ""press_releases"": """"}",,,,,,Global,,,,,,,
W10-MGD-004,Mezigdomide (CC-92480),Bristol Myers Squibb,,Phase 2,Multiple Myeloma | Autoimmune (potential),IKZF1/IKZF3,"Next-gen CELMoD, potential autoimmune expansion",Global,0.86,"{""clinicaltrials"": ""https://clinicaltrials.gov/search?term=Mezigdomide%20(CC-92480)"", ""company"": """", ""press_releases"": """"}",,,,,,Global,,,,,,,
W10-MGD-005,Golcadomide,Bristol Myers Squibb,,Phase 1,NHL | Autoimmune (potential),IKZF1/IKZF3,"NHL indication, potential autoimmune expansion",Global,0.86,"{""clinicaltrials"": ""https://clinicaltrials.gov/search?term=Golcadomide"", ""company"": """", ""press_releases"": """"}",,,,,,Global,,,,,,,
W10-MGD-006,DKY709,Novartis,,Phase 1,Solid Tumors | Autoimmune (potential),IKZF2 (Helios),IKZF2 selective degrader,Global,0.86,"{""clinicaltrials"": ""https://clinicaltrials.gov/search?term=DKY709"", ""company"": """", ""press_releases"": """"}",,,,,,Global,,,,,,,
W10-MGD-007,CC-90009,Bristol Myers Squibb,,Phase 1,AML | Autoimmune (exploratory),GSPT1,GSPT1 selective degrader,Global,0.86,"{""clinicaltrials"": ""https://clinicaltrials.gov/search?term=CC-90009"", ""company"": """", ""press_releases"": """"}",,,,,,Global,,,,,,,
W10-MGD-008,NEK7 MGD (Undisclosed),Captor Therapeutics,,Preclinical,Inflammatory Diseases | NLRP3 Inflammasome,NEK7,NLRP3 inflammasome inhibitor via NEK7 degradation,Europe,0.86,"{""clinicaltrials"": ""https://clinicaltrials.gov/search?term=NEK7%20MGD%20(Undisclosed)"", ""company"": """", ""press_releases"": """"}",,,,,,Europe,,,,,,,
W10-MGD-009,NEK7 MGD (Undisclosed),Monte Rosa Therapeutics,,Preclinical,Inflammatory Diseases | NLRP3 Inflammasome,NEK7,NLRP3 inflammasome inhibitor via NEK7 degradation,United States,0.86,"{""clinicaltrials"": ""https://clinicaltrials.gov/search?term=NEK7%20MGD%20(Undisclosed)"", ""company"": """", ""press_releases"": """"}",,,,,,US,,,,,,,
W10-MGD-010,CDK2 MGD (Undisclosed),Kymera Therapeutics/Gilead,,Preclinical,Oncology | Autoimmune (potential),CDK2,Gilead-Kymera collaboration on molecular glue,Global,0.86,"{""clinicaltrials"": ""https://clinicaltrials.gov/search?term=CDK2%20MGD%20(Undisclosed)"", ""company"": """", ""press_releases"": """"}",,,,,,Global,,,,,,,
W10-MGD-011,IKZF2 MGD (Undisclosed),Plexium/Amgen,,Lead Optimization,Immune Disease | Cancer,IKZF2,Cereblon molecular glue targeting IKZF2,Global,0.86,"{""clinicaltrials"": ""https://clinicaltrials.gov/search?term=IKZF2%20MGD%20(Undisclosed)"", ""company"": """", ""press_releases"": """"}",,,,,,Global,,,,,,,
W10-MGD-012,Undisclosed MGD,Celeris Bio,,Preclinical,Autoimmune Diseases,VAV1/BTK/IRAK4/STAT6,AI-enabled molecular glue discovery platform,United States,0.86,"{""clinicaltrials"": ""https://clinicaltrials.gov/search?term=Undisclosed%20MGD"", ""company"": """", ""press_releases"": """"}",,,,,,US,,,,,,,
W10-MGD-013,Undisclosed MGD,Proxygen,,Preclinical,Autoimmune Diseases | Cancer,Undisclosed,"Systematic identification of glue degraders, partnered with Boehringer Ingelheim",Europe,0.86,"{""clinicaltrials"": ""https://clinicaltrials.gov/search?term=Undisclosed%20MGD"", ""company"": """", ""press_releases"": """"}",,,,,,Europe,,,,,,,
W10-MGD-014,Undisclosed MGD,fs Therapeutics,,Preclinical,Multiple Sclerosis | Rheumatoid Arthritis | NASH | Liver Fibrosis,Undisclosed,Pipeline for multiple autoimmune indications,United States,0.86,"{""clinicaltrials"": ""https://clinicaltrials.gov/search?term=Undisclosed%20MGD"", ""company"": """", ""press_releases"": """"}",,,,,,US,,,,,,,
W10-MGD-015,Undisclosed MGD,"Ambagon Therapeutics (BMS, Merck partnered)",,Drug Discovery,Oncology | Autoimmune (potential),Undisclosed,Beyond cereblon E3 ligase targeting,United States,0.86,"{""clinicaltrials"": ""https://clinicaltrials.gov/search?term=Undisclosed%20MGD"", ""company"": """", ""press_releases"": """"}",,,,,,US,,,,,,,
W10-PROTAC-001,KT-474 (SAR444656),Kymera Therapeutics/Sanofi,,Phase 2,Atopic Dermatitis | Hidradenitis Suppurativa | Rheumatoid Arthritis,IRAK4,"First heterobifunctional degrader for immunological diseases, >93% IRAK4 degradation",Global,0.86,"{""clinicaltrials"": ""https://clinicaltrials.gov/search?term=KT-474%20(SAR444656)"", ""company"": """", ""press_releases"": """"}",,,,,,Global,,,,,,,
W10-PROTAC-002,KT-485 (SAR447971),Kymera Therapeutics/Sanofi,,IND-enabling,Immuno-inflammatory Diseases,IRAK4,"Next-gen IRAK4 degrader, increased selectivity and potency, no QTc prolongation",Global,0.86,"{""clinicaltrials"": ""https://clinicaltrials.gov/search?term=KT-485%20(SAR447971)"", ""company"": """", ""press_releases"": """"}",,,,,,Global,,,,,,,
W10-PROTAC-003,KT-621,Kymera Therapeutics,,Phase 1,Immunology | Type 2 Inflammation,STAT6,"STAT6 PROTAC, competitive with Dupilumab in healthy volunteers",Global,0.86,"{""clinicaltrials"": ""https://clinicaltrials.gov/search?term=KT-621"", ""company"": """", ""press_releases"": """"}",,,,,,Global,,,,,,,
W10-PROTAC-004,NX-5948 (Bexobrutideg),Nurix Therapeutics,,Phase 1,B-cell Malignancies | Autoimmune Cytopenias | Rheumatoid Arthritis | Multiple Sclerosis,BTK,"Orally bioavailable, brain-penetrant BTK degrader, deep suppression of BCR/TLR/FcR signaling",Global,0.86,"{""clinicaltrials"": ""https://clinicaltrials.gov/search?term=NX-5948%20(Bexobrutideg)"", ""company"": """", ""press_releases"": """"}",,,,,,Global,,,,,,,
W10-PROTAC-005,NX-2127,Nurix Therapeutics,,Phase 1a/b,B-cell Malignancies | Autoimmune (potential),BTK + IKZF1/3,"Dual degrader with immunomodulatory activity, overcomes BTK resistance mutations",Global,0.86,"{""clinicaltrials"": ""https://clinicaltrials.gov/search?term=NX-2127"", ""company"": """", ""press_releases"": """"}",,,,,,Global,,,,,,,
W10-PROTAC-006,GS-6791 (NX-0479),Nurix Therapeutics/Gilead,,IND-enabling,Rheumatoid Arthritis | Inflammatory Diseases,IRAK4,"IRAK4 degrader for RA, Gilead responsible for clinical development",Global,0.86,"{""clinicaltrials"": ""https://clinicaltrials.gov/search?term=GS-6791%20(NX-0479)"", ""company"": """", ""press_releases"": """"}",,,,,,Global,,,,,,,
W10-PROTAC-007,STAT6 PROTAC (Undisclosed),Nurix Therapeutics/Sanofi,,Preclinical,Type 2 Inflammation | Immunology,STAT6,"STAT6 degrader for type 2 inflammation, DC nomination H1 2025",Global,0.86,"{""clinicaltrials"": ""https://clinicaltrials.gov/search?term=STAT6%20PROTAC%20(Undisclosed)"", ""company"": """", ""press_releases"": """"}",,,,,,Global,,,,,,,
W10-PROTAC-008,BGB-16673,BeiGene,,Phase 3 (CLL),B-cell Malignancies | Autoimmune (potential),BTK,"First BTK PROTAC in Phase 3, 94% ORR in CLL, potential autoimmune expansion",Global,0.86,"{""clinicaltrials"": ""https://clinicaltrials.gov/search?term=BGB-16673"", ""company"": """", ""press_releases"": """"}",,,,,,Global,,,,,,,
W10-PROTAC-009,BGB-45035,BeiGene,,Phase 1,Atopic Dermatitis | Prurigo Nodularis,IRAK4,IRAK4 degrader for immunology,Global,0.86,"{""clinicaltrials"": ""https://clinicaltrials.gov/search?term=BGB-45035"", ""company"": """", ""press_releases"": """"}",,,,,,Global,,,,,,,
W10-PROTAC-010,HSK29116,Haisco Pharmaceutical,,Phase 1,B-cell Malignancies | Autoimmune (potential),BTK,BTK degrader,China,0.86,"{""clinicaltrials"": ""https://clinicaltrials.gov/search?term=HSK29116"", ""company"": """", ""press_releases"": """"}",,,,,,China,,,,,,,
W10-PROTAC-011,AC0676,Accutar Biotech,,Phase 1,Autoimmunity | B-cell Malignancies,BTK (WT & C481S),BTK degrader targeting wild-type and C481S mutant,Global,0.86,"{""clinicaltrials"": ""https://clinicaltrials.gov/search?term=AC0676"", ""company"": """", ""press_releases"": """"}",,,,,,Global,,,,,,,
W10-PROTAC-012,LT-002-158,Linton Pharma,,Phase 1/2,Acne | Autoimmune Diseases | Hidradenitis Suppurativa | Atopic Dermatitis,IRAK4,IRAK4 degrader for multiple inflammatory conditions,Global,0.86,"{""clinicaltrials"": ""https://clinicaltrials.gov/search?term=LT-002-158"", ""company"": """", ""press_releases"": """"}",,,,,,Global,,,,,,,
W10-PROTAC-013,CFT7455,C4 Therapeutics,,Phase 1,Multiple Myeloma | Autoimmune (potential),IKZF1/3,IKZF1/3 degrader,Global,0.86,"{""clinicaltrials"": ""https://clinicaltrials.gov/search?term=CFT7455"", ""company"": """", ""press_releases"": """"}",,,,,,Global,,,,,,,
W10-PROTAC-014,ARV-102,Arvinas,,Phase 1,Parkinson's Disease | Immunology (exploratory),LRRK2,LRRK2 degrader for neurodegeneration,Global,0.86,"{""clinicaltrials"": ""https://clinicaltrials.gov/search?term=ARV-102"", ""company"": """", ""press_releases"": """"}",,,,,,Global,,,,,,,
W10-NA-001,Fitusiran,Alnylam Pharmaceuticals/Sanofi,,Approved (2024),Hemophilia A/B,Antithrombin (AT),"First siRNA for hemophilia, monthly dosing",Global,0.86,"{""clinicaltrials"": ""https://clinicaltrials.gov/search?term=Fitusiran"", ""company"": """", ""press_releases"": """"}",,,,,,Global,,,,,,,
W10-NA-002,ION775,Ionis Pharmaceuticals,,Phase 1,Hypertriglyceridemia | Cardiovascular,ApoC-III,"First clinical-stage siRNA from Ionis, potential semiannual dosing",Global,0.86,"{""clinicaltrials"": ""https://clinicaltrials.gov/search?term=ION775"", ""company"": """", ""press_releases"": """"}",,,,,,Global,,,,,,,
W10-NA-003,Olezarsen (TRYNGOLZA),Ionis Pharmaceuticals,,Approved (2024),Familial Chylomicronemia Syndrome | Severe Hypertriglyceridemia,ApoC-III,"72% reduction in triglycerides, 85% reduction in pancreatitis events",Global,0.86,"{""clinicaltrials"": ""https://clinicaltrials.gov/search?term=Olezarsen%20(TRYNGOLZA)"", ""company"": """", ""press_releases"": """"}",,,,,,Global,,,,,,,
W10-NA-004,Plozasiran,Arrowhead Pharmaceuticals,,Phase 3,Hypertriglyceridemia | Cardiovascular Disease,APOC3,Advanced to Phase 3 for cardiovascular conditions,Global,0.86,"{""clinicaltrials"": ""https://clinicaltrials.gov/search?term=Plozasiran"", ""company"": """", ""press_releases"": """"}",,,,,,Global,,,,,,,
W10-NA-005,ARO-RAGE,Arrowhead Pharmaceuticals,,Phase 1,Inflammatory Lung Diseases | Asthma | COPD,RAGE (Receptor for Advanced Glycation End-products),Inhaled siRNA for lung inflammation,Global,0.86,"{""clinicaltrials"": ""https://clinicaltrials.gov/search?term=ARO-RAGE"", ""company"": """", ""press_releases"": """"}",,,,,,Global,,,,,,,
W10-NA-006,Lepodisiran,Eli Lilly,,Phase 2,Cardiovascular Disease | Atherosclerosis,Lp(a),Long-acting Lp(a) lowering,Global,0.86,"{""clinicaltrials"": ""https://clinicaltrials.gov/search?term=Lepodisiran"", ""company"": """", ""press_releases"": """"}",,,,,,Global,,,,,,,
W10-NA-007,Olpasiran,Amgen,,Phase 2,Cardiovascular Disease,Lp(a),Lp(a) lowering siRNA,Global,0.86,"{""clinicaltrials"": ""https://clinicaltrials.gov/search?term=Olpasiran"", ""company"": """", ""press_releases"": """"}",,,,,,Global,,,,,,,
W10-NA-008,Zerlasiran (SLN360),Silence Therapeutics,,Phase 2,Cardiovascular Disease | Elevated Lp(a),Apolipoprotein(a),Lp(a) lowering siRNA,Global,0.86,"{""clinicaltrials"": ""https://clinicaltrials.gov/search?term=Zerlasiran%20(SLN360)"", ""company"": """", ""press_releases"": """"}",,,,,,Global,,,,,,,
W10-NA-009,JNJ-73763989,Janssen (J&J),,Phase 2,Hepatitis B,HBV RNA,HBV-targeting siRNA,Global,0.86,"{""clinicaltrials"": ""https://clinicaltrials.gov/search?term=JNJ-73763989"", ""company"": """", ""press_releases"": """"}",,,,,,Global,,,,,,,
W10-NA-010,BMS-986263,Bristol Myers Squibb,,Phase 1,Advanced Hepatic Fibrosis | NASH,HSP47,HSP47 targeting for fibrosis,Global,0.86,"{""clinicaltrials"": ""https://clinicaltrials.gov/search?term=BMS-986263"", ""company"": """", ""press_releases"": """"}",,,,,,Global,,,,,,,
W10-NA-011,ARO-HSD,Arrowhead Pharmaceuticals,,Phase 1,NASH | Liver Disease,HSD17B13,NASH-targeting siRNA,Global,0.86,"{""clinicaltrials"": ""https://clinicaltrials.gov/search?term=ARO-HSD"", ""company"": """", ""press_releases"": """"}",,,,,,Global,,,,,,,
W10-NA-012,Teprasiran,Quark Pharmaceuticals,,Phase 2/3,Acute Kidney Injury | Delayed Graft Function,p53,p53 inhibition for kidney protection,Global,0.86,"{""clinicaltrials"": ""https://clinicaltrials.gov/search?term=Teprasiran"", ""company"": """", ""press_releases"": """"}",,,,,,Global,,,,,,,
W10-NA-013,SLN124,Silence Therapeutics,,Phase 1,Hereditary Hemochromatosis Type 1,GalNAc (liver),Iron overload disorder treatment,Global,0.86,"{""clinicaltrials"": ""https://clinicaltrials.gov/search?term=SLN124"", ""company"": """", ""press_releases"": """"}",,,,,,Global,,,,,,,
W10-NA-014,Undisclosed TNF siRNA,Alnylam/Various,,Preclinical,Rheumatoid Arthritis | IBD | Autoimmune Diseases,TNF-α,Targeting TNF for inflammatory diseases,Global,0.86,"{""clinicaltrials"": ""https://clinicaltrials.gov/search?term=Undisclosed%20TNF%20siRNA"", ""company"": """", ""press_releases"": """"}",,,,,,Global,,,,,,,
W10-NA-015,Undisclosed IL-6 siRNA,Arrowhead/Various,,Preclinical,Rheumatoid Arthritis | Castleman Disease | Autoimmune Diseases,IL-6,Targeting IL-6 pathway,Global,0.86,"{""clinicaltrials"": ""https://clinicaltrials.gov/search?term=Undisclosed%20IL-6%20siRNA"", ""company"": """", ""press_releases"": """"}",,,,,,Global,,,,,,,
W10-NA-016,Undisclosed IL-17 siRNA,Various,,Preclinical,Psoriasis | Psoriatic Arthritis | Axial Spondyloarthritis,IL-17,Targeting IL-17 pathway,Global,0.86,"{""clinicaltrials"": ""https://clinicaltrials.gov/search?term=Undisclosed%20IL-17%20siRNA"", ""company"": """", ""press_releases"": """"}",,,,,,Global,,,,,,,
W10-NA-017,mRNA vaccine (Undisclosed),Moderna/BioNTech/Various,,Preclinical,Multiple Sclerosis | Type 1 Diabetes | Autoimmune Diseases,Immune tolerance induction,mRNA-based immune tolerance approach,Global,0.86,"{""clinicaltrials"": ""https://clinicaltrials.gov/search?term=mRNA%20vaccine%20(Undisclosed)"", ""company"": """", ""press_releases"": """"}",,,,,,Global,,,,,,,
W10-CT-001,CABA-201 (Rese-cel),Cabaletta Bio,,Phase 1/2,SLE | Lupus Nephritis | Myositis | Systemic Sclerosis | Generalized Myasthenia Gravis | Pemphigus Vulgaris | Multiple Sclerosis,CD19,"Drug-free remission potential, 4-1BB domain for enhanced activity, FTD received for multiple indications",United States,0.86,"{""clinicaltrials"": ""https://clinicaltrials.gov/search?term=CABA-201%20(Rese-cel)"", ""company"": """", ""press_releases"": """"}",,,,,,US/Europe,,,,,,,
W10-CT-002,"BMS-986353 (CC-97540, CD19 NEX-T)",Bristol Myers Squibb,,Phase 1 (Breakfree-1),SLE | Systemic Sclerosis | Idiopathic Inflammatory Myopathies | Rheumatoid Arthritis,CD19,"Next-generation CAR-T process, manageable safety profile, 90% PGA improvement at 6 months",Global,0.86,"{""clinicaltrials"": ""https://clinicaltrials.gov/search?term=BMS-986353%20(CC-97540,%20CD19%20NEX-T)"", ""company"": """", ""press_releases"": """"}",,,,,,Global,,,,,,,
W10-CT-003,KYV-101,Kyverna Therapeutics,,Phase 1,SLE | Lupus Nephritis | Systemic Sclerosis | Stiff Person Syndrome | Multiple Sclerosis,CD19,Fully human CD19 CAR,United States,0.86,"{""clinicaltrials"": ""https://clinicaltrials.gov/search?term=KYV-101"", ""company"": """", ""press_releases"": """"}",,,,,,US,,,,,,,
W10-CT-004,ATA3219,Atara Biotherapeutics,,Phase 1,Lupus Nephritis | SLE | Multiple Sclerosis (potential expansion),CD19,"Allogeneic (off-the-shelf), next-gen 1XX domain reduces inflammatory cytokines",United States,0.86,"{""clinicaltrials"": ""https://clinicaltrials.gov/search?term=ATA3219"", ""company"": """", ""press_releases"": """"}",,,,,,US,,,,,,,
W10-CT-005,ADI-001,Adicet Bio,,Phase 1,SLE | Lupus Nephritis | Systemic Sclerosis | Idiopathic Inflammatory Myopathy | ANCA-associated Vasculitis | Stiff Person Syndrome,CD20,"Gamma-delta T cells, innate tissue homing, complete B-cell depletion in lymphoid tissue",United States,0.86,"{""clinicaltrials"": ""https://clinicaltrials.gov/search?term=ADI-001"", ""company"": """", ""press_releases"": """"}",,,,,,US,,,,,,,
W10-CT-006,ADI-100,Adicet Bio,,Preclinical/IND-enabling,Refractory SLE,CD20,Next-gen gamma-delta CAR-T for SLE,United States,0.86,"{""clinicaltrials"": ""https://clinicaltrials.gov/search?term=ADI-100"", ""company"": """", ""press_releases"": """"}",,,,,,US,,,,,,,
W10-CT-007,Rapcabtagene autoleucel (YTB323),Novartis,,Phase 1/2,SLE | Lupus,CD19,Novartis CAR-T platform for autoimmune,Global,0.86,"{""clinicaltrials"": ""https://clinicaltrials.gov/search?term=Rapcabtagene%20autoleucel%20(YTB323)"", ""company"": """", ""press_releases"": """"}",,,,,,Global,,,,,,,
W10-CT-008,Obecabtagene autoleucel (Obe-cel),Autolus Therapeutics,,Phase 1 (Autoimmune),SLE (CARLYSLE study) | r/r ALL,CD19,"Fast-off rate design for improved T cell persistence, lower exhaustion",United States,0.86,"{""clinicaltrials"": ""https://clinicaltrials.gov/search?term=Obecabtagene%20autoleucel%20(Obe-cel)"", ""company"": """", ""press_releases"": """"}",,,,,,US/UK,,,,,,,
W10-CT-009,SC291,Sana Biotechnology,,Phase 1 (GLEAM trial),Relapsed/Refractory SLE (including LN and extrarenal),CD19,"Off-the-shelf, hypoimmune modified, hundreds of doses per manufacturing run",United States,0.86,"{""clinicaltrials"": ""https://clinicaltrials.gov/search?term=SC291"", ""company"": """", ""press_releases"": """"}",,,,,,US,,,,,,,
W10-CT-010,Reifracabtagene autoleucel,JW Therapeutics,,Phase 1,SLE,CD19,China-focused CAR-T for SLE,China,0.86,"{""clinicaltrials"": ""https://clinicaltrials.gov/search?term=Reifracabtagene%20autoleucel"", ""company"": """", ""press_releases"": """"}",,,,,,China,,,,,,,
W10-CT-011,BRL-301,Binary Laboratories,,Phase 1 (Soon),SLE,CD19,CAR-T for autoimmune diseases,China,0.86,"{""clinicaltrials"": ""https://clinicaltrials.gov/search?term=BRL-301"", ""company"": """", ""press_releases"": """"}",,,,,,China,,,,,,,
W10-CT-012,GLPG5101,Galapagos,,Phase 1 (Soon),SLE,CD19,Galapagos CAR-T platform,Europe,0.86,"{""clinicaltrials"": ""https://clinicaltrials.gov/search?term=GLPG5101"", ""company"": """", ""press_releases"": """"}",,,,,,Europe,,,,,,,
W10-CT-013,IMPT-514,ImmPACT Bio,,Phase 1/2 (2024),SLE | Autoimmune Diseases,CD19 + CD20,Dual CD19/CD20 targeting for comprehensive B cell depletion,United States,0.86,"{""clinicaltrials"": ""https://clinicaltrials.gov/search?term=IMPT-514"", ""company"": """", ""press_releases"": """"}",,,,,,US,,,,,,,
W10-CT-014,GC012F,Gracell Biotechnologies (AstraZeneca),,Phase 1,SLE,CD19 + BCMA,"Next-day manufacturing, dual-targeting",China,0.86,"{""clinicaltrials"": ""https://clinicaltrials.gov/search?term=GC012F"", ""company"": """", ""press_releases"": """"}",,,,,,China,,,,,,,
W10-CT-015,BCMA-CD19 compound CAR T,iCell Gene Therapeutics,,Phase 1,SLE,CD19 + BCMA,Sequential or simultaneous dual targeting,China,0.86,"{""clinicaltrials"": ""https://clinicaltrials.gov/search?term=BCMA-CD19%20compound%20CAR%20T"", ""company"": """", ""press_releases"": """"}",,,,,,China,,,,,,,
W10-CT-016,Descartes-08,Cartesian Therapeutics,,Phase 1/2 (Soon),SLE | Myasthenia Gravis | Multiple Sclerosis,BCMA,"RNA-engineered CAR-T, no lymphodepletion needed, dosing flexibility",United States,0.86,"{""clinicaltrials"": ""https://clinicaltrials.gov/search?term=Descartes-08"", ""company"": """", ""press_releases"": """"}",,,,,,US,,,,,,,
W10-CT-017,Universal CAR-T (BCMA/CD19),Xuanwu Hospital (Beijing),,Phase 1,Refractory Autoimmune Diseases of Nervous System | NMOSD | Myasthenia Gravis | MS | CIDP,BCMA + CD19,"CRISPR-Cas9 edited, off-the-shelf, GVHD/immune rejection genes knocked out",China,0.86,"{""clinicaltrials"": ""https://clinicaltrials.gov/search?term=Universal%20CAR-T%20(BCMA/CD19)"", ""company"": """", ""press_releases"": """"}",,,,,,China,,,,,,,
W10-CT-018,Undisclosed CAR-NK,Cincinnati Children's Hospital,,Preclinical,SLE,PD-1,Targets T follicular helper cells (TFH) selectively via weak PD-1 binding,United States,0.86,"{""clinicaltrials"": ""https://clinicaltrials.gov/search?term=Undisclosed%20CAR-NK"", ""company"": """", ""press_releases"": """"}",,,,,,US,,,,,,,
W10-CT-019,Undisclosed CAR-Treg,Sangamo Therapeutics,,Phase 1/2,Liver Transplant Rejection | Kidney Transplant Rejection,HLA-A2,HLA-A2 targeted CAR-Treg for transplant tolerance,United States,0.86,"{""clinicaltrials"": ""https://clinicaltrials.gov/search?term=Undisclosed%20CAR-Treg"", ""company"": """", ""press_releases"": """"}",,,,,,US,,,,,,,
W10-CT-020,Fox19CAR-Tregs,Academic (Nature Medicine publication),,Preclinical,SLE,CD19,"Tregs overexpressing FoxP3 with CD19 CAR, suppress B cell proliferation",Research,0.86,"{""clinicaltrials"": ""https://clinicaltrials.gov/search?term=Fox19CAR-Tregs"", ""company"": """", ""press_releases"": """"}",,,,,,Research,,,,,,,
W10-CT-021,Undisclosed CAR-Treg,Quell Therapeutics,,Phase 1/2,Liver Transplant | Kidney Transplant,HLA-A2,Engineered Tregs for transplant tolerance,United Kingdom,0.86,"{""clinicaltrials"": ""https://clinicaltrials.gov/search?term=Undisclosed%20CAR-Treg"", ""company"": """", ""press_releases"": """"}",,,,,,UK,,,,,,,
W10-CT-022,Type II Collagen CAR-Treg,Academic Research,,Preclinical,Rheumatoid Arthritis,Type II Collagen,Antigen-specific suppression for RA,Research,0.86,"{""clinicaltrials"": ""https://clinicaltrials.gov/search?term=Type%20II%20Collagen%20CAR-Treg"", ""company"": """", ""press_releases"": """"}",,,,,,Research,,,,,,,
W10-CT-023,Citrullinated Vimentin CAR-Treg,Academic Research,,Preclinical,Rheumatoid Arthritis,Citrullinated Vimentin (CV),Targets key autoantigen in synovial tissue,Research,0.86,"{""clinicaltrials"": ""https://clinicaltrials.gov/search?term=Citrullinated%20Vimentin%20CAR-Treg"", ""company"": """", ""press_releases"": """"}",,,,,,Research,,,,,,,
W11-001,Descartes-08,Cartesian Therapeutics,,Phase 2 (TRITON),Dermatomyositis,N/A,N/A,N/A,0.0,N/A,,,,,"BCMA-targeted CAR-T, outpatient administration without preconditioning chemotherapy",,,,,,,,
W11-002,Brepocitinib,Priovant Therapeutics/Roivant,,Phase 3 (VALOR),Dermatomyositis,N/A,N/A,N/A,0.0,N/A,,,,,"First ever positive registrational trial for targeted therapy in dermatomyositis, FDA submission planned early 2026",,,,,,,,
W11-003,Efgartigimod,argenx,,Phase 2/3 (ALKIVIA),Dermatomyositis/Polymyositis,N/A,N/A,N/A,0.0,N/A,,,,,"Targets antibody recycling, enrolled 132 participants",,,,,,,,
W11-004,Dazukibart,Roche,,Phase 2,Dermatomyositis,N/A,N/A,N/A,0.0,N/A,,,,,Positive Phase 2 results published in Lancet 2025,,,,,,,,
W11-005,HuABC2,JN Biosciences,,Phase 2,Polymyositis,N/A,N/A,N/A,0.0,N/A,,,,,BDCA2 targeting plasmacytoid dendritic cells,,,,,,,,
W11-006,PF1801,ImmunoForge,,Phase 2,Polymyositis,N/A,N/A,N/A,0.0,N/A,,,,,Korean biotech developing PM/DM therapies,,,,,,,,
W11-007,PN-101,Paean Biotechnology,,Phase 1/2,Polymyositis/Dermatomyositis,N/A,N/A,N/A,0.0,N/A,,,,,First-in-class mitochondrial drug candidate,,,,,,,,
W11-008,M5049,Merck KGaA,,Phase 2,Polymyositis,N/A,N/A,N/A,0.0,N/A,,,,,Targeting interferon pathway,,,,,,,,
W11-009,Inebilizumab,Mitsubishi Tanabe Pharma,,Phase 3,Systemic Sclerosis,N/A,N/A,N/A,0.0,N/A,,,,,"MT-0551, targeting B cells and plasmablasts",,,,,,,,
W11-010,Tibulizumab,Zura Bio,,Phase 2,Systemic Sclerosis,N/A,N/A,N/A,0.0,N/A,,,,,Dual-pathway approach for immune dysfunction and fibrosis,,,,,,,,
W11-011,Amlitelimab,Sanofi,,Phase 1/2,Systemic Sclerosis,N/A,N/A,N/A,0.0,N/A,,,,,Entered Phase 1/2 trials October 2024,,,,,,,,
W11-012,CABA-201,Cabaletta Bio,,Phase 1/2,Systemic Sclerosis,N/A,N/A,N/A,0.0,N/A,,,,,Positive clinical data presented at ACR Convergence 2024,,,,,,,,
W11-013,Avacopan,Amgen/ChemoCentryx,,Approved/Phase 3 extension,ANCA Vasculitis,N/A,N/A,N/A,0.0,N/A,,,,,"First-in-class complement inhibitor, approved 2022",,,,,,,,
W11-014,Lixudebart,Alentis Therapeutics,,Phase 1/2,ANCA Vasculitis,N/A,N/A,N/A,0.0,N/A,,,,,Targeting renal involvement in ANCA vasculitis,,,,,,,,
W11-015,NM8074,NovelMed Therapeutics,,Phase 2,ANCA Vasculitis,N/A,N/A,N/A,0.0,N/A,,,,,Alternative complement pathway inhibitor,,,,,,,,
W11-016,Ianalumab,Novartis,,Phase 3,Sjögren's Syndrome,N/A,N/A,N/A,0.0,N/A,,,,,"Positive Phase 2b results, reducing ESSDAI scores",,,,,,,,
W11-017,Dazodalibep,Horizon Therapeutics,,Phase 3,Sjögren's Syndrome,N/A,N/A,N/A,0.0,N/A,,,,,Both cohorts met primary endpoints in Phase 2,,,,,,,,
W11-018,Telitacicept,RemeGen,,Phase 2/3,Sjögren's Syndrome,N/A,N/A,N/A,0.0,N/A,,,,,Significant improvement in ESSDAI score vs placebo,,,,,,,,
W11-019,Descartes-08,Cartesian Therapeutics,,Phase 1/2 (HELIOS),Juvenile Dermatomyositis,N/A,N/A,N/A,0.0,N/A,,,,,"Pediatric trial initiated January 2026, Rare Pediatric Disease Designation",,,,,,,,
W11-020,Abatacept,Bristol Myers Squibb,,Phase 3 (LIMIT-JIA),Juvenile Idiopathic Arthritis,N/A,N/A,N/A,0.0,N/A,,,,,Preventing progression of oligoarticular to polyarticular JIA,,,,,,,,
W11-021,Sarilumab,Sanofi/Regeneron,,Phase 2/3,Systemic JIA,N/A,N/A,N/A,0.0,N/A,,,,,Dose-finding study in pediatric patients,,,,,,,,
W11-022,Secukinumab,Novartis,,Phase 3,Juvenile Psoriatic Arthritis/ERA,N/A,N/A,N/A,0.0,N/A,,,,,Randomized withdrawal study in JIA categories,,,,,,,,
W11-023,Upadacitinib,AbbVie,,Phase 3 (PIP),Pediatric SLE,N/A,N/A,N/A,0.0,N/A,,,,,Pediatric Investigation Plan agreed with EMA,,,,,,,,
W11-024,Voclosporin,Aurinia Pharma,,Phase 3,Pediatric Lupus Nephritis,N/A,N/A,N/A,0.0,N/A,,,,,"Adult indication granted, pediatric PIP agreed",,,,,,,,
W11-025,Obinutuzumab,Roche,,Phase 3,Pediatric SLE,N/A,N/A,N/A,0.0,N/A,,,,,Phase 3 trial ongoing,,,,,,,,
W11-026,Deucravacitinib,Bristol Myers Squibb,,Phase 2/3,Pediatric SLE,N/A,N/A,N/A,0.0,N/A,,,,,Allosteric TYK2 inhibitor,,,,,,,,
W11-027,Nipocalimab,Johnson & Johnson,,Phase 3 (Vivacity),Pediatric SLE,N/A,N/A,N/A,0.0,N/A,,,,,Also in development for cSLE,,,,,,,,
W11-028,Dapirolizumab pegol,UCB/Biogen,,Phase 3,Pediatric SLE,N/A,N/A,N/A,0.0,N/A,,,,,PEGylated antibody fragment,,,,,,,,
W11-029,Belimumab,GSK,,Approved,Pediatric SLE,N/A,N/A,N/A,0.0,N/A,,,,,Only biologic approved for cSLE (age 5+),,,,,,,,
W11-030,Anifrolumab,AstraZeneca,,Phase 3 (PIP),Pediatric SLE,N/A,N/A,N/A,0.0,N/A,,,,,"Adult indication granted, pediatric development ongoing",,,,,,,,
W11-031,Zetomipzomib,Kezar Life Sciences,,Phase 2a (PORTOLA),Autoimmune Hepatitis,N/A,N/A,N/A,0.0,N/A,,,,,"Selective immunoproteasome inhibitor, enrollment complete",,,,,,,,
W11-032,Ianalumab,MorphoSys/Novartis,,Phase 2/3 (AMBER),Autoimmune Hepatitis,N/A,N/A,N/A,0.0,N/A,,,,,ADCC-mediated B-cell depletion,,,,,,,,
W11-033,JKB-122,TaiwanJ Pharmaceuticals,,Phase 2/3,Autoimmune Hepatitis,N/A,N/A,N/A,0.0,N/A,,,,,"Orphan drug designation, positive Phase 2 results",,,,,,,,
W11-034,Seladelpar,Gilead,,Approved (US),Primary Biliary Cholangitis,N/A,N/A,N/A,0.0,N/A,,,,,"FDA accelerated approval August 2024, Phase 3 ongoing",,,,,,,,
W11-035,Elafibranor,Ipsen/Genfit,,Phase 3/Approved,Primary Biliary Cholangitis,N/A,N/A,N/A,0.0,N/A,,,,,"Positive Phase 3 results, regulatory submissions ongoing",,,,,,,,
W11-036,Saroglitazar,Zydus Lifesciences,,Phase 3,Primary Biliary Cholangitis,N/A,N/A,N/A,0.0,N/A,,,,,"Positive Phase 2 results, EPICS-III ongoing",,,,,,,,
W11-037,Setanaxib,Genkyotex/Calliditas,,Phase 2b/3 (TRANSFORM),Primary Biliary Cholangitis,N/A,N/A,N/A,0.0,N/A,,,,,Targeting liver fibrosis in PBC,,,,,,,,
W11-038,CNP-104,Cour Pharmaceuticals,,Phase 2b (planned),Primary Biliary Cholangitis,N/A,N/A,N/A,0.0,N/A,,,,,"Encapsulated autoantigen PDC-E2, Fast Track and Orphan Drug designation",,,,,,,,
W11-039,Tropifexor,Novartis,,Phase 2,Primary Biliary Cholangitis,N/A,N/A,N/A,0.0,N/A,,,,,Non-steroidal FXR agonist,,,,,,,,
W11-040,Inebilizumab,Horizon/Viela Bio,,Approved (April 2025),Autoimmune Pancreatitis (IgG4-RD),N/A,N/A,N/A,0.0,N/A,,,,,First FDA-approved treatment for IgG4-related disease including Type 1 AIP,,,,,,,,
W11-041,Teplizumab,Provention Bio/Sanofi,,Approved/Phase 2 extension,Type 1 Diabetes,N/A,N/A,N/A,0.0,N/A,,,,,"First disease-modifying therapy for T1D, delays onset by ~3 years",,,,,,,,
W11-042,Baricitinib,Eli Lilly,,Phase 2/3,Type 1 Diabetes,N/A,N/A,N/A,0.0,N/A,,,,,"BANDIT study showed beta-cell preservation, T1D Plus platform",,,,,,,,
W11-043,Golimumab,Janssen,,Phase 2,Type 1 Diabetes,N/A,N/A,N/A,0.0,N/A,,,,,T1GER study showed beta-cell preservation,,,,,,,,
W11-044,ASITI-201,Liperate Therapeutics/UQ,,Phase 1,Type 1 Diabetes,N/A,N/A,N/A,0.0,N/A,,,,,"Pancreatic protein + vitamin D, world-first immunotherapy trial",,,,,,,,
W11-045,CNP-103,Cour Pharmaceuticals,,Phase 1 (planned),Type 1 Diabetes,N/A,N/A,N/A,0.0,N/A,,,,,Encapsulated recombinant proteins covering >95% of T1D antigens,,,,,,,,
W11-046,DNTH103,Dianthus Therapeutics,,Phase 2 (MaGic),Myasthenia Gravis,N/A,N/A,N/A,0.0,N/A,,,,,"60-day half-life, potent complement pathway inhibition",,,,,,,,
W11-047,Descartes-08,Cartesian Therapeutics,,Phase 3 (AURORA),Myasthenia Gravis,N/A,N/A,N/A,0.0,N/A,,,,,"Outpatient CAR-T without preconditioning, named to Nature Medicine's trials to shape medicine 2026",,,,,,,,
W11-048,CABA-201,Cabaletta Bio,,Phase 1/2,Myasthenia Gravis,N/A,N/A,N/A,0.0,N/A,,,,,Potential immune reset approach,,,,,,,,
W11-049,CNP-106,Cour Pharmaceuticals,,Phase 1b/2a,Myasthenia Gravis,N/A,N/A,N/A,0.0,N/A,,,,,Encapsulated AChR-associated autoantigens,,,,,,,,
W11-050,Telitacicept,RemeGen,,Phase 3,Myasthenia Gravis,N/A,N/A,N/A,0.0,N/A,,,,,Targeting B cell survival factors,,,,,,,,
W11-051,Inebilizumab,Horizon/Viela Bio,,Phase 3 (MINT),Myasthenia Gravis,N/A,N/A,N/A,0.0,N/A,,,,,Targeting B cells for depletion,,,,,,,,
W11-052,Rozanolixizumab,UCB,,"Approved (CIDP, Phase 3 MG)",Myasthenia Gravis,N/A,N/A,N/A,0.0,N/A,,,,,Subcutaneous FcRn blocker,,,,,,,,
W11-053,Fenebrutinib,Roche,,Phase 3 (FENtrepid),Multiple Sclerosis,N/A,N/A,N/A,0.0,N/A,,,,,"Brain-penetrant BTK inhibitor, superior efficacy data vs Ocrevus presented at CMSC 2025",,,,,,,,
W11-054,Tolebrutinib,Sanofi,,Phase 3,Multiple Sclerosis,N/A,N/A,N/A,0.0,N/A,,,,,CNS-penetrant BTK inhibitor,,,,,,,,
W11-055,Evobrutinib,Merck KGaA,,Phase 3,Multiple Sclerosis,N/A,N/A,N/A,0.0,N/A,,,,,Reversible BTK inhibitor,,,,,,,,
W11-056,Clemastine,University of California/ReMD Bio,,Phase 2 (ReVIVE),Multiple Sclerosis,N/A,N/A,N/A,0.0,N/A,,,,,Targeting remyelination in MS,,,,,,,,
W11-057,CNM-Au8,Clene Nanomedicine,,Phase 2/3 (VISIONARY-MS),Multiple Sclerosis,N/A,N/A,N/A,0.0,N/A,,,,,"Remyelination therapy, improved LCLA and MRI metrics",,,,,,,,
W11-058,Opicinumab,Biogen,,Phase 2 (AFFINITY),Multiple Sclerosis,N/A,N/A,N/A,0.0,N/A,,,,,Remyelination approach,,,,,,,,
W11-059,P-CD19CD20-ALLO1,Poseida/Roche,,Phase 1,Multiple Sclerosis,N/A,N/A,N/A,0.0,N/A,,,,,"Off-the-shelf CAR-T for immune reset, FPI Q4 2025",,,,,,,,
W11-060,Satralizumab,Roche/Chugai,,Approved,Neuromyelitis Optica,N/A,N/A,N/A,0.0,N/A,,,,,"Approved for NMOSD, subcutaneous monthly dosing",,,,,,,,
W11-061,Inebilizumab,Horizon/Viela Bio,,Approved,Neuromyelitis Optica,N/A,N/A,N/A,0.0,N/A,,,,,"Approved for NMOSD, targets B cells and plasmablasts",,,,,,,,
W11-062,Eculizumab,Alexion/AstraZeneca,,Approved,Neuromyelitis Optica,N/A,N/A,N/A,0.0,N/A,,,,,First approved therapy for NMOSD,,,,,,,,
W11-063,Ravulizumab,Alexion/AstraZeneca,,Phase 3,Neuromyelitis Optica,N/A,N/A,N/A,0.0,N/A,,,,,"Long-acting C5 inhibitor, extended dosing interval",,,,,,,,
W11-064,Tocilizumab,Roche/Chugai,,Phase 2/3,Neuromyelitis Optica,N/A,N/A,N/A,0.0,N/A,,,,,Repurposed for NMOSD,,,,,,,,
W11-065,Efgartigimod,argenx,,Approved (Vyvgart Hytrulo),CIDP,N/A,N/A,N/A,0.0,N/A,,,,,"FDA approved June 2024 for CIDP, subcutaneous weekly injection",,,,,,,,
W11-066,Rozanolixizumab,UCB,,Phase 3,CIDP,N/A,N/A,N/A,0.0,N/A,,,,,Subcutaneous anti-FcRn antibody,,,,,,,,
W11-067,Nipocalimab,Johnson & Johnson,,Phase 3 (ARISE),CIDP,N/A,N/A,N/A,0.0,N/A,,,,,Completion expected 2027,,,,,,,,
W11-068,Batoclimab,Immunovant/HanAll,,Phase 2/3,CIDP,N/A,N/A,N/A,0.0,N/A,,,,,"Phase 2b results expected, 340mg and 680mg doses",,,,,,,,
W11-069,SAR445088,Sanofi,,Phase 2,CIDP,N/A,N/A,N/A,0.0,N/A,,,,,Proximal classical complement inhibition,,,,,,,,
W11-070,Afamelanotide,Clinuvel,,Phase 3 (CUV105),Vitiligo,N/A,N/A,N/A,0.0,N/A,,,,,"Non-immunosuppressive melanocyte targeting, Phase 3 ongoing 2026",,,,,,,,
W11-071,AMG 714 (Ordesekimab),Amgen,,Phase 2,Vitiligo,N/A,N/A,N/A,0.0,N/A,,,,,"Targets tissue-resident memory T cells, completed May 2025",,,,,,,,
W11-072,Ritlecitinib,Pfizer,,Phase 3 (TRANQUILLO),Vitiligo,N/A,N/A,N/A,0.0,N/A,,,,,Phase 2b: first oral JAK to show stabilization AND repigmentation,,,,,,,,
W11-073,Upadacitinib,AbbVie,,Phase 3,Vitiligo,N/A,N/A,N/A,0.0,N/A,,,,,"Positive Phase 3 data, T-VASI50 and F-VASI75 endpoints met",,,,,,,,
W11-074,Povorcitinib,Incyte,,Phase 3,Vitiligo,N/A,N/A,N/A,0.0,N/A,,,,,"Phase 3 trials NCT06113445, NCT06113471",,,,,,,,
W11-075,Anifrolumab,AstraZeneca,,Phase 2,Vitiligo,N/A,N/A,N/A,0.0,N/A,,,,,Targeting interferon pathway in vitiligo,,,,,,,,
W11-076,Crisaborole,Pfizer,,Phase 2,Vitiligo,N/A,N/A,N/A,0.0,N/A,,,,,"Topical non-steroidal option, Phase 2 completed March 2024",,,,,,,,
W11-077,LP-310,Lipella Pharmaceuticals,,Phase 2,Oral Lichen Planus,N/A,N/A,N/A,0.0,N/A,,,,,"No approved pharmacotherapy for OLP, topline readout H2 2025",,,,,,,,
W11-078,Bertilimumab,Immune Pharmaceuticals,,Phase 2,Bullous Pemphigoid,N/A,N/A,N/A,0.0,N/A,,,,,"Fast Track Designation, 81% decline in BPDAI scores in Phase 2",,,,,,,,
W11-079,Dupilumab,Sanofi/Regeneron,,Phase 2,Bullous Pemphigoid,N/A,N/A,N/A,0.0,N/A,,,,,Targeting Th2 responses in BP,,,,,,,,
W11-080,Efgartigimod,argenx,,Phase 2/3 (BALLAD),Bullous Pemphigoid,N/A,N/A,N/A,0.0,N/A,,,,,Targeting autoantibody reduction,,,,,,,,
W11-081,Nomacopan,Akari Therapeutics,,Phase 3,Bullous Pemphigoid,N/A,N/A,N/A,0.0,N/A,,,,,Phase 3 trial ongoing,,,,,,,,
W11-082,Avdoralimab,Innate Pharma,,Phase 2,Bullous Pemphigoid,N/A,N/A,N/A,0.0,N/A,,,,,Targeting complement pathway,,,,,,,,
W11-083,Lutikizumab,AbbVie,,Phase 3,Hidradenitis Suppurativa,N/A,N/A,N/A,0.0,N/A,,,,,"Positive Phase 2 results, advanced to Phase 3",,,,,,,,
W11-084,Bimekizumab,UCB,,Phase 3 (BE HEARD),Hidradenitis Suppurativa,N/A,N/A,N/A,0.0,N/A,,,,,Positive skin pain improvements over 48 weeks,,,,,,,,
W11-085,Imsidolimab,AnaptysBio,,Phase 3 (HARP),Hidradenitis Suppurativa,N/A,N/A,N/A,0.0,N/A,,,,,Targeting IL-36 pathway in HS,,,,,,,,
W11-086,Brensocatib,Insmed,,Phase 2 (CEDAR),Hidradenitis Suppurativa,N/A,N/A,N/A,0.0,N/A,,,,,First patient randomized December 2024,,,,,,,,
W11-087,AVTX-009,Avalo Therapeutics,,Phase 2 (LOTUS),Hidradenitis Suppurativa,N/A,N/A,N/A,0.0,N/A,,,,,"IND active July 2024, ~180 patients planned",,,,,,,,
W11-088,Vilobelimab,InflaRx,,Phase 2,Hidradenitis Suppurativa,N/A,N/A,N/A,0.0,N/A,,,,,First-in-class anti-C5a antibody,,,,,,,,
W12-001,IPEX Gene Therapy (FOXP3),Stanford SPARK / Center for Definitive and Curative Medicine,,N/A,IPEX Syndrome,N/A,N/A,N/A,0.0,N/A,,,,,,,,,Autoimmune - Rare Disease,,Active,,
W12-002,RNA Editing for Inflammation,AIRNA (Stanford Spinout),,N/A,Multiple inflammatory diseases,N/A,N/A,N/A,0.0,N/A,,,,,,,,,Autoimmune/Inflammation,,Active,,
W12-003,Halo Biosciences SM08086,Halo Biosciences,,N/A,"Group 3 PH, ILD, COPD, CF",N/A,N/A,N/A,0.0,N/A,,,,,,,,,Autoimmune/Fibrosis,,Active,,
W12-004,Regulatory T Cell Enhancement,Benoist Lab / Harvard Blavatnik,,N/A,"IBD, Food Allergies",N/A,N/A,N/A,0.0,N/A,,,,,,,,,Autoimmune,,Active,,
W12-005,Food Allergy Antibody Therapy,Nadeau Lab / Harvard,,N/A,"Food Allergies (peanut, shellfish, eggs)",N/A,N/A,N/A,0.0,N/A,,,,,,,,,Autoimmune/Allergy,,Active,,
W12-006,Universal Red Blood Cells,Duraisingh Lab / Harvard,,N/A,"Sickle cell, Beta thalassemia",N/A,N/A,N/A,0.0,N/A,,,,,,,,,Autoimmune/Hematology,,Active,,
W12-007,Gene Therapy Delivery Platform,Cepko Lab / Harvard,,N/A,Multiple diseases,N/A,N/A,N/A,0.0,N/A,,,,,,,,,Autoimmune/Genetic,,Active,,
W12-008,Rilzabrutinib,Principia Biopharma (acquired by Sanofi),,N/A,Multiple autoimmune conditions,N/A,N/A,N/A,0.0,N/A,,,,,,,,,Autoimmune,,Approved,,
W12-009,Immunai Immune Mapping Platform,Immunai,,N/A,"Cancer, Autoimmune diseases",N/A,N/A,N/A,0.0,N/A,,,,,,,,,Autoimmune/Oncology,,Active,,
W12-010,mRNA LNP T Cell Platform,Mitchell Lab / Penn,,N/A,Multiple autoimmune diseases,N/A,N/A,N/A,0.0,N/A,,,,,,,,,Autoimmune,,Active,,
W12-011,CAAR-T for Pemphigus,Cabaletta Bio (Penn Spinout),,N/A,"Pemphigus vulgaris, Myasthenia gravis",N/A,N/A,N/A,0.0,N/A,,,,,,,,,Autoimmune,,Active,,
W12-012,Myasthenia Gravis Immunotherapy,Lindstrom Lab / Penn,,N/A,Myasthenia gravis,N/A,N/A,N/A,0.0,N/A,,,,,,,,,Autoimmune,,Active,,
W12-013,HIT-AI Drug Repurposing,Cherry Lab / Penn,,N/A,160+ autoimmune diseases,N/A,N/A,N/A,0.0,N/A,,,,,,,,,Autoimmune,,Active,,
W12-014,CECTA Cell Therapy in Autoimmunity,Porter Lab / Penn,,N/A,Multiple autoimmune diseases,N/A,N/A,N/A,0.0,N/A,,,,,,,,,Autoimmune,,Active,,
W12-015,Infini Fluidics Microfluidics,Infini Fluidics,,N/A,Multiple,N/A,N/A,N/A,0.0,N/A,,,,,,,,,Autoimmune/Vaccines,,Active,,
W12-016,Nucleome Dark Genome Platform,Nucleome Therapeutics,,N/A,"SLE, RA, Multiple Sclerosis",N/A,N/A,N/A,0.0,N/A,,,,,,,,,Autoimmune,,Active,,
W12-017,MiroBio Checkpoint Agonists,MiroBio (acquired by Gilead),,N/A,Multiple autoimmune diseases,N/A,N/A,N/A,0.0,N/A,,,,,,,,,Autoimmune,,Acquired by Gilead ($405M),,
W12-018,Immunocore ImmTAX Platform,Immunocore,,N/A,Multiple,N/A,N/A,N/A,0.0,N/A,,,,,,,,,Autoimmune/Oncology/Infectious,,Commercial,,
W12-019,MatchBio CAR-T Sensitivity,MatchBio,,N/A,"Cancer, Autoimmune",N/A,N/A,N/A,0.0,N/A,,,,,,,,,Autoimmune/Oncology,,Active,,
W12-020,T-Therapeutics OpTiMus Platform,T-Therapeutics,,N/A,"Pan-autoimmune, Multiple cancers",N/A,N/A,N/A,0.0,N/A,,,,,,,,,Autoimmune/Oncology,,Active,,
W12-021,Alchemab Therapeutics,Alchemab Therapeutics,,N/A,Multiple,N/A,N/A,N/A,0.0,N/A,,,,,,,,,Autoimmune,,Active,,
W12-022,TRIMTECH Therapeutics,TRIMTECH Therapeutics,,N/A,Neurodegenerative diseases,N/A,N/A,N/A,0.0,N/A,,,,,,,,,Neurodegenerative/Autoimmune,,Active,,
W12-023,Enhanced Genomics,Enhanced Genomics,,N/A,IBD and other autoimmune conditions,N/A,N/A,N/A,0.0,N/A,,,,,,,,,Autoimmune,,Active,,
W12-024,Quench Bio Gasdermin Platform,Quench Bio,,N/A,"RA, Lupus, MS, NASH",N/A,N/A,N/A,0.0,N/A,,,,,,,,,Autoimmune/Inflammatory,,Active (acquired by AstraZeneca pipeline),,
W12-025,Cutanos LC-TDS Technology,Cutanos,,N/A,Multiple,N/A,N/A,N/A,0.0,N/A,,,,,,,,,Autoimmune/Vaccines,,Active,,
W12-026,QLi5 Proteasome Inhibitors,QLi5 Therapeutics,,N/A,Multiple,N/A,N/A,N/A,0.0,N/A,,,,,,,,,Autoimmune/Oncology,,Active,,
W12-027,Karolinska Addison's Disease Research,Kämpe Lab / Karolinska,,N/A,"Addison's disease, other autoimmune",N/A,N/A,N/A,0.0,N/A,,,,,,,,,Autoimmune,,Active,,
W12-028,Karolinska Autoimmune Neurology,Theorell Lab / Karolinska,,N/A,Autoimmune encephalitis,N/A,N/A,N/A,0.0,N/A,,,,,,,,,Autoimmune/Neurology,,Active,,
W12-029,Karolinska SLE Research,Parodis Lab / Karolinska,,N/A,Systemic lupus erythematosus,N/A,N/A,N/A,0.0,N/A,,,,,,,,,Autoimmune,,Active,,
W12-030,ISM Systems Medicine Platform,Suzhou Institute of Systems Medicine (ISM),,N/A,Multiple,N/A,N/A,N/A,0.0,N/A,,,,,,,,,Autoimmune/Infectious/Cancer,,Active,,
W12-031,SinoMab SN1011 BTK Inhibitor,SinoMab BioScience / 中国抗体制药,,N/A,"SLE, Pemphigus, MS, NMOSD",N/A,N/A,N/A,0.0,N/A,,,,,,,,,Autoimmune,,Active,,
W12-032,SinoMab SM17 IL-25 Antibody,SinoMab BioScience / 中国抗体制药,,N/A,"Atopic Dermatitis, Asthma",N/A,N/A,N/A,0.0,N/A,,,,,,,,,Autoimmune/Dermatology,,Active,,
W12-033,SinoMab Suciraslimab CD22,SinoMab BioScience / 中国抗体制药,,N/A,"SLE, RA",N/A,N/A,N/A,0.0,N/A,,,,,,,,,Autoimmune,,Active,,
W12-034,Tsinghua Bodhihekang Treg Platform,博迪贺康 (Bodhihekang),,N/A,"IBD, Psoriasis, other autoimmune",N/A,N/A,N/A,0.0,N/A,,,,,,,,,Autoimmune,,Active,,
W12-035,Tsinghua STAR-T Platform,Huayingtai (华夏英泰),,N/A,"SLE, Cancer",N/A,N/A,N/A,0.0,N/A,,,,,,,,,Autoimmune/Oncology,,Active,,
W12-036,BMS-Tsinghua ICIT Collaboration,Tsinghua University ICIT,,N/A,Multiple,N/A,N/A,N/A,0.0,N/A,,,,,,,,,Autoimmune/Cancer,,Active,,
W12-037,Empress Therapeutics,Empress Therapeutics,,N/A,Autoimmune and inflammatory disorders,N/A,N/A,N/A,0.0,N/A,,,,,,,,,Autoimmune/Inflammatory,,Active,,
W12-038,Repertoire Immune Medicines,Repertoire Immune Medicines,,N/A,Multiple autoimmune diseases,N/A,N/A,N/A,0.0,N/A,,,,,,,,,Autoimmune/Oncology,,Active,,
W12-039,ProFound Therapeutics Dark Genome,ProFound Therapeutics,,N/A,Multiple,N/A,N/A,N/A,0.0,N/A,,,,,,,,,Autoimmune/Cardiovascular,,Active,,
W12-040,Pfizer-Flagship Autoimmune Partnership,Pioneering Medicines / Pfizer,,N/A,Multiple,N/A,N/A,N/A,0.0,N/A,,,,,,,,,Autoimmune,,Active,,
W12-041,Q32 Bio Immune Restoration,Q32 Bio,,N/A,Multiple autoimmune diseases,N/A,N/A,N/A,0.0,N/A,,,,,,,,,Autoimmune/Inflammatory,,Active (NASDAQ: QTTB),,
W12-042,Padlock Therapeutics PAD Inhibitors,Padlock Therapeutics (acquired by BMS),,N/A,RA and other autoimmune,N/A,N/A,N/A,0.0,N/A,,,,,,,,,Autoimmune,,Acquired by BMS ($600M),,
W12-043,Lifordi ADC Platform,Lifordi Immunotherapeutics,,N/A,"Rheumatoid Arthritis, other autoimmune",N/A,N/A,N/A,0.0,N/A,,,,,,,,,Autoimmune/Inflammatory,,Active ($112M raised),,
W12-044,Hillstar Bio Immunology,Hillstar Bio,,N/A,Autoimmune diseases,N/A,N/A,N/A,0.0,N/A,,,,,,,,,Autoimmune,,Active,,
W12-045,GlycoEra Protein Degraders,GlycoEra,,N/A,Multiple autoimmune diseases,N/A,N/A,N/A,0.0,N/A,,,,,,,,,Autoimmune,,Active,,
W12-046,Dualitas Bispecifics,Dualitas Therapeutics,,N/A,Autoimmune diseases,N/A,N/A,N/A,0.0,N/A,,,,,,,,,Autoimmune,,Active,,
W12-047,Athos AI Precision Medicine,Athos Therapeutics,,N/A,"IBD, Atopic Dermatitis, Sjögren's, RA, Lupus",N/A,N/A,N/A,0.0,N/A,,,,,,,,,Autoimmune,,Active,,
W12-048,Biotagenics Microbiome IBD,Biotagenics,,N/A,Inflammatory Bowel Disease,N/A,N/A,N/A,0.0,N/A,,,,,,,,,Autoimmune,,Active,,
W12-049,IGY Immune Autoimmune Platform,IGY Immune Technologies,,N/A,Multiple autoimmune ailments,N/A,N/A,N/A,0.0,N/A,,,,,,,,,Autoimmune,,Active,,
W12-050,Mymee Digital Therapeutics,Mymee,,N/A,Chronic autoimmune diseases,N/A,N/A,N/A,0.0,N/A,,,,,,,,,Autoimmune,,Active,,
W12-051,Canopy Immuno AgDCs,Canopy Immunotherapeutics,,N/A,Antibody-mediated autoimmune diseases,N/A,N/A,N/A,0.0,N/A,,,,,,,,,Autoimmune,,Active,,
W12-052,Biolojic Design AI Antibodies,Biolojic Design,,N/A,Multiple autoimmune diseases,N/A,N/A,N/A,0.0,N/A,,,,,,,,,Autoimmune/Oncology,,Active,,
W13-IN-001,Yesintek,Biocon Biologics,,N/A,Plaque Psoriasis | Psoriatic Arthritis | Crohn's Disease | Ulcerative Colitis,N/A,N/A,India,0.0,N/A,,,,,Biosimilar to Stelara; approved for IBD indications,,,,Autoimmune,ustekinumab biosimilar,,,
W13-IN-002,Hulio,Biocon Biologics,,N/A,Rheumatoid Arthritis | Psoriasis | IBD,N/A,N/A,India,0.0,N/A,,,,,Global biosimilar to Humira,,,,Autoimmune,adalimumab biosimilar,,,
W13-IN-003,Unnamed,Biocon Biologics,,N/A,Rheumatoid Arthritis | Psoriatic Arthritis | Ankylosing Spondylitis,N/A,N/A,India,0.0,N/A,,,,,Part of 12 biosimilar pipeline across immunology,,,,Autoimmune,etanercept biosimilar,,,
W13-IN-004,DRL-BIO-012,Dr. Reddy's Laboratories,,N/A,Inflammatory Bowel Disease,N/A,N/A,India,0.0,N/A,,,,,Novel biologic for IBD in early development pipeline,,,,Autoimmune,Novel mAb,,,
W13-IN-005,Abatacept,Dr. Reddy's Laboratories,,N/A,Rheumatoid Arthritis | Juvenile Idiopathic Arthritis,N/A,N/A,India,0.0,N/A,,,,,Biosimilar to Orencia,,,,Autoimmune,abatacept biosimilar,,,
W13-IN-006,NexCAR19-Auto,ImmunoACT,,N/A,Systemic Lupus Erythematosus | Autoimmune Disorders,N/A,N/A,India,0.0,N/A,,,,,Expansion beyond oncology into autoimmune applications; NexCAR19 approved for cancer,,,,Autoimmune,Autologous CAR-T for Autoimmune,,,
W13-IN-007,TriCAR-T,ImmunoACT,,N/A,Multiple Myeloma | Potential Autoimmune,N/A,N/A,India,0.0,N/A,,,,,Collaboration with Caring Cross for next-gen CAR-T,,,,Autoimmune/Oncology,Trispecific CAR-T,,,
W13-IN-008,IMN-003A-SLE,Immuneel Therapeutics,,N/A,Systemic Lupus Erythematosus,N/A,N/A,India,0.0,N/A,,,,,Leveraging Qartemi platform for autoimmune expansion,,,,Autoimmune,CD19 CAR-T for SLE,,,
W13-IN-009,SBO-154,Sun Pharma Advanced Research (SPARC),,N/A,Solid Tumors | Potential Autoimmune Applications,N/A,N/A,India,0.0,N/A,,,,,Novel ADC platform with potential autoimmune applications,,,,Oncology/Autoimmune,ADC candidate,,,
W13-IN-010,Unnamed Bispecific,SPARC / Sun Pharma,,N/A,Autoimmune Diseases | Cancer,N/A,N/A,India,0.0,N/A,,,,,Licensing agreement with Biomodifying Technologies for bispecific platform,,,,Autoimmune/Oncology,Bispecific Antibody,,,
W13-IN-011,ZM008,Zumutor Biologics,,N/A,Advanced Solid Tumors | Autoimmune potential,N/A,N/A,India,0.0,N/A,,,,,"Headquartered in Boston, R&D in Bangalore; INABLR platform",,,,Oncology/Autoimmune,Anti-LLT1 mAb,,,
W13-IN-012,ZM-NK-02,Zumutor Biologics,,N/A,Autoimmune Diseases,N/A,N/A,India,0.0,N/A,,,,,Additional assets targeting NK cell activation,,,,Autoimmune,NK cell activator,,,
W13-IN-013,Bi-CAR-T,Cellogen Therapeutics,,N/A,Blood Cancers | Potential Autoimmune,N/A,N/A,India,0.0,N/A,,,,,World's first indigenously developed bispecific 3rd gen CAR-T,,,,Oncology/Autoimmune,Bispecific 3rd Gen CAR-T,,,
W13-IN-014,ISB 2001,Ichnos Glenmark Innovation (IGI),,N/A,Multiple Myeloma,N/A,N/A,India,0.0,N/A,,,,,Platform adaptable for autoimmune applications; BEAT platform,,,,Oncology,Trispecific T-cell engager,,,
W13-IN-015,GRC-00001,Glenmark Pharmaceuticals,,N/A,Autoimmune Disorders,N/A,N/A,India,0.0,N/A,,,,,Early innovation pipeline,,,,Autoimmune,Novel biologic,,,
W13-IN-016,Gene Therapy Platform,Laurus Labs,,N/A,Hemophilia A,N/A,N/A,India,0.0,N/A,,,,,IIT Kanpur technology transfer; 34% stake in ImmunoACT,,,,Rare Disease/Autoimmune,Gene therapy for hemophilia,,,
W13-IN-017,Intas-CAR-T-01,Intas Pharmaceuticals,,N/A,B-cell Malignancies | Potential Autoimmune,N/A,N/A,India,0.0,N/A,,,,,Five autologous cell therapies in development,,,,Oncology/Autoimmune,Autologous CAR-T,,,
W13-IN-018,Cipla-mRNA-Platform,Cipla,,N/A,Autoimmune | Infectious Diseases,N/A,N/A,India,0.0,N/A,,,,,Investment in German mRNA biotech Ethris,,,,Multiple,mRNA therapeutics,,,
W13-IN-019,Zydus-Kadcyla-Biosimilar,Zydus Lifesciences,,N/A,HER2+ Breast Cancer,N/A,N/A,India,0.0,N/A,,,,,ADC biosimilar to Roche's Kadcyla; platform for future ADCs,,,,Oncology,T-DM1 biosimilar,,,
W13-IN-020,Zydus-Adalimumab,Zydus Lifesciences,,N/A,Multiple Autoimmune Indications,N/A,N/A,India,0.0,N/A,,,,,Part of extensive biosimilar portfolio,,,,Autoimmune,adalimumab biosimilar,,,
W13-IN-021,BWC-0001,Bugworks Research,,N/A,Bacterial Infections | Inflammation,N/A,N/A,India,0.0,N/A,,,,,Deep science biotech; Nature Index recognized,,,,Infectious Disease/Autoimmune,Novel biologic,,,
W13-IN-022,PAND-001,Pandorum Technologies,,N/A,Tissue Repair,N/A,N/A,India,0.0,N/A,,,,,Bioprinting and tissue engineering,,,,Regenerative Medicine,Tissue engineered product,,,
W13-IN-023,RLS-GT-001,Reliance Life Sciences,,N/A,Genetic Disorders,N/A,N/A,India,0.0,N/A,,,,,IIT Kanpur technology license,,,,Rare Disease/Autoimmune,Gene therapy,,,
W13-IN-024,AUR-IO-001,Aurigene Discovery,,N/A,Cancer | Autoimmune,N/A,N/A,India,0.0,N/A,,,,,Immunotherapy expertise,,,,Oncology/Autoimmune,Immuno-oncology agent,,,
W13-IL-001,PEP-IL17-001,Pepticom,,N/A,Psoriasis | Psoriatic Arthritis | Other Autoimmune,N/A,N/A,Israel,0.0,N/A,,,,,AI-driven peptide discovery; Series A1 $6.6M funding 2025; oral bioavailability,,,,Autoimmune,Oral IL-17 inhibitor,,,
W13-IL-002,PEP-IL17-002,Pepticom,,N/A,Psoriasis | Axial Spondyloarthritis,N/A,N/A,Israel,0.0,N/A,,,,,Two families of cyclic peptidomimetic inhibitors with nanomolar activity,,,,Autoimmune,Second-gen IL-17 inhibitor,,,
W13-IL-003,IBC-0001,ImmunoBrain Checkpoint (IBC),,N/A,Multiple Sclerosis | Neurological Autoimmune,N/A,N/A,Israel,0.0,N/A,,,,,Disease-modifying immunotherapies for neurological disorders,,,,Autoimmune/Neurology,Immune checkpoint modulator,,,
W13-IL-004,IBC-0002,ImmunoBrain Checkpoint (IBC),,N/A,Alzheimer's | Neuroinflammation,N/A,N/A,Israel,0.0,N/A,,,,,Yeda spinoff company,,,,Autoimmune/Neurology,Microglia modulator,,,
W13-IL-005,miC-MIR-001,miCure Therapeutics,,N/A,Neurodegenerative Diseases,N/A,N/A,Israel,0.0,N/A,,,,,microRNA for neurodegenerative and psychiatric disorders,,,,Neurodegenerative/Autoimmune,microRNA therapeutic,,,
W13-IL-006,Veto Cell,Cell Source,,N/A,Graft-versus-Host Disease | Autoimmune Diseases,N/A,N/A,Israel,0.0,N/A,,,,,Patented Veto Cell technology for immune tolerance management,,,,Autoimmune/Transplant,Immune tolerance therapy,,,
W13-IL-007,EB613,Entera Bio,,N/A,Osteoporosis | Hypoparathyroidism,N/A,N/A,Israel,0.0,N/A,,,,,N-Tab oral peptide delivery platform; potential for autoimmune applications,,,,Metabolic/Autoimmune,Oral PTH(1-34),,,
W13-IL-008,Oral GLP-2,Entera Bio,,N/A,Short Bowel Syndrome | IBD,N/A,N/A,Israel,0.0,N/A,,,,,Oral peptide platform application for GI autoimmune,,,,GI/Autoimmune,GLP-2 analog,,,
W13-IL-009,Allocetra,Enlivex Therapeutics,,N/A,Sepsis | GvHD | Solid Organ Transplant Rejection,N/A,N/A,Israel,0.0,N/A,,,,,Specialized cell immunotherapy for immune hyper-responses,,,,Autoimmune,Allogeneic cell therapy,,,
W13-IL-010,APHEXDA,BioLineRx,,N/A,Multiple Myeloma | Stem Cell Mobilization,N/A,N/A,Israel,0.0,N/A,,,,,Platform may have autoimmune applications,,,,Oncology/Autoimmune,Motixafortide,,,
W13-IL-011,MW005,MediWound,,N/A,Basal Cell Carcinoma | Skin Conditions,N/A,N/A,Israel,0.0,N/A,,,,,Dermatology focus with potential inflammatory applications,,,,Dermatology,Topical therapeutic,,,
W13-IL-012,Immunyx Platform,Yissum (Hebrew University),,N/A,Inflammatory Diseases,N/A,N/A,Israel,0.0,N/A,,,,,Immunyx Pharma platform for neutrophil targeting,,,,Autoimmune/Inflammation,Neutrophil targeting platform,,,
W13-IL-013,ExoNavis Platform,Yissum (Hebrew University),,N/A,Autoimmune | Cancer,N/A,N/A,Israel,0.0,N/A,,,,,Multi-drug delivery vehicle using exosomes,,,,Multiple,Exosome drug delivery,,,
W13-IL-014,ML-001,Modulight Biotherapeutics,,N/A,Neurological Disorders,N/A,N/A,Israel,0.0,N/A,,,,,Novel treatment paradigm for neurological disorders,,,,Neurology/Autoimmune,Photo-immunotherapy,,,
W13-AU-001,Ryoncil,Mesoblast,,N/A,Pediatric Steroid-Refractory Acute GvHD,N/A,N/A,Australia,0.0,N/A,,,,,First FDA-approved MSC therapy; expanding to other indications,,,,Autoimmune,Remestemcel-L,,,
W13-AU-002,Remestemcel-L-RA,Mesoblast,,N/A,Rheumatoid Arthritis,N/A,N/A,Australia,0.0,N/A,,,,,Phase 3 trial initiated for RA,,,,Autoimmune,MSC for RA,,,
W13-AU-003,Remestemcel-L-IBD,Mesoblast,,N/A,Crohn's Disease | Ulcerative Colitis,N/A,N/A,Australia,0.0,N/A,,,,,Potential for inflammatory bowel diseases,,,,Autoimmune,MSC for IBD,,,
W13-AU-004,CSL-012,CSL Behring,,N/A,Immune Deficiencies | Autoimmune,N/A,N/A,Australia,0.0,N/A,,,,,Early pipeline in immunology and autoimmune,,,,Autoimmune,Novel immunoglobulin,,,
W13-AU-005,CSL-CART-001,CSL Behring,,N/A,Systemic Lupus Erythematosus,N/A,N/A,Australia,0.0,N/A,,,,,Early exploration of CAR-T for autoimmune,,,,Autoimmune,CAR-T for autoimmune,,,
W13-AU-006,DEP-AZD0466,Starpharma,,N/A,Solid Tumors,N/A,N/A,Australia,0.0,N/A,,,,,DEP platform with AstraZeneca; potential for inflammatory applications,,,,Oncology/Autoimmune,Dendrimer-drug conjugate,,,
W13-AU-007,DEP-Docetaxel,Starpharma,,N/A,Solid Tumors,N/A,N/A,Australia,0.0,N/A,,,,,DEP platform technology,,,,Oncology,Enhanced docetaxel,,,
W13-AU-008,VivaGel,Starpharma,,N/A,Bacterial Vaginosis | Antiviral protection,N/A,N/A,Australia,0.0,N/A,,,,,Commercialized dendrimer product,,,,Infectious Disease/Autoimmune,SPL7013 dendrimer,,,
W13-AU-009,Paxalisib-Auto,Kazia Therapeutics,,N/A,Multiple Sclerosis | Neuroinflammation,N/A,N/A,Australia,0.0,N/A,,,,,Exploring neuroinflammatory applications of PI3K inhibitor,,,,Autoimmune,PI3K inhibitor for autoimmune,,,
W13-AU-010,NDL2,Kazia Therapeutics,,N/A,Cancer | Autoimmune,N/A,N/A,Australia,0.0,N/A,,,,,Novel mechanism targeting immunotherapy resistance,,,,Oncology/Autoimmune,PD-L1 degrader,,,
W13-AU-011,RG-002,Regeneus,,N/A,Rheumatoid Arthritis | Osteoarthritis,N/A,N/A,Australia,0.0,N/A,,,,,Stem cell therapy for autoimmune and inflammatory conditions,,,,Autoimmune,Allogeneic MSC therapy,,,
W13-AU-012,PTX-001,Prescient Therapeutics,,N/A,Cancer | Autoimmune,N/A,N/A,Australia,0.0,N/A,,,,,Personalized cell therapy platform,,,,Oncology/Autoimmune,Cell therapy,,,
W13-KR-001,BH3120,Hanmi Pharmaceutical,,N/A,Solid Tumors | Potential Autoimmune,N/A,N/A,South Korea,0.0,N/A,,,,,Pentambody platform; conditional activation in TME,,,,Oncology/Autoimmune,PD-L1/4-1BB bispecific,,,
W13-KR-002,HM16390,Hanmi Pharmaceutical,,N/A,Solid Tumors | Melanoma,N/A,N/A,South Korea,0.0,N/A,,,,,LAPSCOVERY platform; T cell proliferation stimulation,,,,Oncology/Autoimmune,LAPS IL-2 analog,,,
W13-KR-003,Tivumecirnon,Hanmi Pharmaceutical,,N/A,Th2-mediated diseases | Cancer,N/A,N/A,South Korea,0.0,N/A,,,,,Licensed to MSD; FLX475,,,,Autoimmune/Oncology,CCR4 antagonist,,,
W13-KR-004,Yuflyma,Celltrion,,N/A,Multiple Autoimmune Indications,N/A,N/A,South Korea,0.0,N/A,,,,,High-concentration adalimumab biosimilar,,,,Autoimmune,adalimumab biosimilar,,,
W13-KR-005,Zymfentra,Celltrion,,N/A,IBD | Rheumatoid Arthritis | Psoriasis,N/A,N/A,South Korea,0.0,N/A,,,,,First subcutaneous infliximab biosimilar,,,,Autoimmune,infliximab biosimilar SC,,,
W13-KR-006,Remsima SC,Celltrion,,N/A,Crohn's | RA | Psoriasis,N/A,N/A,South Korea,0.0,N/A,,,,,World's first approved biosimilar mAb (Remsima IV),,,,Autoimmune,infliximab biosimilar,,,
W13-KR-007,Hadlima,Samsung Bioepis,,N/A,Multiple Autoimmune,N/A,N/A,South Korea,0.0,N/A,,,,,Biosimilar to Humira,,,,Autoimmune,adalimumab biosimilar,,,
W13-KR-008,Benepali,Samsung Bioepis,,N/A,Rheumatoid Arthritis | Psoriasis,N/A,N/A,South Korea,0.0,N/A,,,,,$1.1B revenue 2024; biosimilar to Enbrel,,,,Autoimmune,etanercept biosimilar,,,
W13-SG-001,BSG-MSAB-001,Biosyngen / A*STAR,,N/A,Systemic Lupus Erythematosus | Rheumatoid Arthritis,N/A,N/A,Singapore,0.0,N/A,,,,,"A*STAR collaboration (SIgN, IMCB, BTI); targeting plasma cells",,,,Autoimmune,Multispecific antibody,,,
W13-SG-002,BSG-MSAB-002,Biosyngen / A*STAR,,N/A,Refractory SLE | RA,N/A,N/A,Singapore,0.0,N/A,,,,,Part of S$30M Guangdong-Singapore collaboration,,,,Autoimmune,Second multispecific,,,
W13-SG-003,SCG-RNA-001,SCG Cell Therapy / A*STAR,,N/A,HPV-related cancers | Autoimmune potential,N/A,N/A,Singapore,0.0,N/A,,,,,A*STAR BTI and NATi collaboration for RNA therapeutics,,,,Infectious Disease/Autoimmune,RNA therapeutic,,,
W13-SG-004,HMBD-001,Hummingbird Bioscience,,N/A,Cancer | Autoimmune,N/A,N/A,Singapore,0.0,N/A,,,,,Precision biologics for oncology and autoimmune,,,,Oncology/Autoimmune,Precision biologic,,,
W13-SG-005,EDDC-012,EDDC (A*STAR),,N/A,Inflammatory Diseases,N/A,N/A,Singapore,0.0,N/A,,,,,Experimental Drug Development Centre pipeline,,,,Autoimmune,Novel therapeutic,,,
W13-SG-006,TVX-001,TVAX Biomedical,,N/A,Cancer | Autoimmune,N/A,N/A,Singapore,0.0,N/A,,,,,Personalized medicine approach,,,,Oncology/Autoimmune,Personalized cell therapy,,,
W14_GSK_001,Depemokimab (GSK3511294),GSK,,Phase 3/Approved,Severe eosinophilic asthma | CRSwNP | EGPA | HES,N/A,Ultra-long-acting anti-IL-5 monoclonal antibody,N/A,0.0,N/A,,,,,,,,,Respiratory & Immunology,,"Approved in UK (Dec 2025), US FDA pending (PDUFA Dec 2025)",,
W14_GSK_002,Ozureprubart,GSK,,Phase 2,Food allergies | Allergic diseases,N/A,Long-acting anti-IgE monoclonal antibody,N/A,0.0,N/A,,,,,,,,,Immunology,,"Acquired via RAPT Therapeutics acquisition ($2.2B, Jan 2026)",,
W14_GSK_003,Momelotinib,GSK,,Approved,Myelofibrosis with anemia,N/A,JAK1/JAK2/ACVR1 inhibitor,N/A,0.0,N/A,,,,,,,,,Hematology,,FDA approved Sept 2023; EU approved 2024; Japan approved 2024,,
W14_GSK_004,Latozinemab,GSK,,Phase 3,Frontotemporal dementia (FTD-GRN) | ALS | Alzheimer's Disease,N/A,Anti-progranulin (PGRN) monoclonal antibody - elevates PGRN levels,N/A,0.0,N/A,,,,,,,,,Immuno-Neurology,,Phase 3 pivotal data expected mid-Q4 2025; partnered with Alector,,
W14_GSK_005,Nivisnebart,GSK,,Phase 2,Alzheimer's Disease | Parkinson's Disease,N/A,Sortilin receptor blocker - elevates PGRN,N/A,0.0,N/A,,,,,,,,,Immuno-Neurology,,PROGRESS-AD Phase 2 trial ongoing; completion expected 2026,,
W14_GSK_006,AL002,GSK,,Discontinued,Alzheimer's Disease,N/A,Anti-TREM2 monoclonal antibody,N/A,0.0,N/A,,,,,,,,,Immuno-Neurology,,Discontinued Oct 2025 (Alector cut 49% staff),,
W14_GSK_007,SRA737,GSK,,Phase 1/2 (returned),Solid tumors,N/A,CHK1 inhibitor,N/A,0.0,N/A,,,,,,,,,Oncology,,Rights returned to CRT Pioneer Fund/Sareum (Jan 2024),,
W14_AZ_001,Anifrolumab,AstraZeneca,,Approved (SLE) / Phase 3 (expansion),Systemic lupus erythematosus (SLE) | Cutaneous lupus erythematosus (CLE) | Idiopathic inflammatory myopathies (IIM) | Systemic sclerosis,N/A,Type I interferon receptor (IFNAR1) inhibitor,N/A,0.0,N/A,,,,,,,,,Immunology,,Approved in 70+ countries for SLE; SC formulation CHMP positive Oct 2025; LAVENDER (CLE) and JASMINE (myositis) Phase 3 ongoing,,
W14_AZ_002,Tezepelumab,AstraZeneca,,Approved (asthma/CRSwNP) / Phase 2 (COPD/AD),Severe asthma | CRSwNP | COPD | Atopic dermatitis,N/A,Anti-TSLP (thymic stromal lymphopoietin) monoclonal antibody,N/A,0.0,N/A,,,,,,,,,Respiratory & Immunology,,Approved for asthma (2021) and CRSwNP (2024/2025); COURSE trial (COPD) inconclusive but subgroup analyses promising,,
W14_AZ_003,Benralizumab,AstraZeneca,,Approved (asthma) / Phase 3 (expansion),Severe eosinophilic asthma | CRSwNP | EGPA | HES,N/A,Anti-IL-5 receptor alpha monoclonal antibody,N/A,0.0,N/A,,,,,,,,,Respiratory & Immunology,,Approved for asthma and CRSwNP; OSTRO trial positive for CRSwNP; exploring EGPA and HES,,
W14_AZ_004,Danicopan,AstraZeneca/Alexion,,Approved (PNH Japan) / Phase 2 (GA),PNH with extravascular hemolysis | Geographic atrophy,N/A,Oral Factor D inhibitor,N/A,0.0,N/A,,,,,,,,,Hematology/Rare Disease,,First approval in Japan (2024) for PNH add-on to C5 inhibitors; EU/US submissions under review; Phase 2 for geographic atrophy ongoing,,
W14_AZ_005,Vemircopan,AstraZeneca/Alexion,,Phase 2,IgA nephropathy | Other complement-mediated diseases,N/A,Oral Factor D inhibitor,N/A,0.0,N/A,,,,,,,,,Rare Disease,,Multiple Phase 2 trials ongoing in rare diseases,,
W14_AZ_006,Gefurulimab,AstraZeneca/Alexion,,Phase 3,Generalized myasthenia gravis (gMG),N/A,Next-generation C5 inhibitor (mini-body),N/A,0.0,N/A,,,,,,,,,Neurology/Rare Disease,,Phase 3 trial ongoing for earlier-line and broader gMG populations,,
W14_AZ_007,ALXN2030,AstraZeneca/Alexion,,Phase 2,Rare nephrology conditions,N/A,siRNA targeting complement C3,N/A,0.0,N/A,,,,,,,,,Nephrology/Rare Disease,,Phase 2 trials ongoing,,
W14_AZ_008,ALXN2080,AstraZeneca/Alexion,,Phase 1,Complement-mediated diseases,N/A,Oral Factor D inhibitor,N/A,0.0,N/A,,,,,,,,,Rare Disease,,Phase 1 ongoing,,
W14_AZ_009,Brazikumab,AstraZeneca,,Phase 2,Crohn's disease | Ulcerative colitis,N/A,Anti-IL-23 monoclonal antibody,N/A,0.0,N/A,,,,,,,,,Gastroenterology,,Phase 2 development ongoing; expected launch 2025-2026,,
W14_AZ_010,MEDI3506,AstraZeneca,,Phase 2,Diabetic kidney disease | COPD | Asthma,N/A,Anti-IL-33 monoclonal antibody,N/A,0.0,N/A,,,,,,,,,Immunology,,Phase 1 development ongoing,,
W14_MKG_001,Bavencio,Merck KGaA,,Approved,Merkel cell carcinoma | Urothelial carcinoma | Renal cell carcinoma | Gastric cancer,N/A,Anti-PD-L1 monoclonal antibody,N/A,0.0,N/A,,,,,,,,,Immuno-Oncology,,Approved in 65+ countries for MCC; 75+ countries for UC maintenance; combination trials ongoing,,
W14_MKG_002,Tepmetko,Merck KGaA,,Approved,NSCLC with MET alterations,N/A,Oral MET inhibitor,N/A,0.0,N/A,,,,,,,,,Oncology,,Approved in ~50 markets globally,,
W14_MKG_003,M1069,Merck KGaA,,Phase 1,Solid tumors,N/A,A2a/A2b adenosine receptor antagonist,N/A,0.0,N/A,,,,,,,,,Oncology/Immunology,,Phase 1 ascending dose study ongoing (partnership with Domain Therapeutics),,
W14_MKG_004,Unnamed RNA-targeting programs,Merck KGaA,,Discovery/Preclinical,Neurological diseases | Autoimmune diseases,N/A,RNA splicing modulation (SkySTAR platform),N/A,0.0,N/A,,,,,,,,,Neurology/Immunology,,Partnership with Skyhawk Therapeutics (Aug 2025); $2B+ deal value,,
W14_MKG_005,Erbitux,Merck KGaA,,Approved,Colorectal cancer | Head and neck cancer,N/A,Anti-EGFR monoclonal antibody,N/A,0.0,N/A,,,,,,,,,Oncology,,Blockbuster status maintained; €1.176B sales in 2025; 270+ external clinical trials ongoing,,
W14_MKG_006,Pimicotinib,Merck KGaA,,Phase 3/regulatory,Tenosynovial giant cell tumors (TGCT),N/A,CSF1R inhibitor,N/A,0.0,N/A,,,,,,,,,Rare Disease,,Part of Rare Diseases portfolio post-SpringWorks acquisition (July 2025),,
W14_MKG_007,Ogsiveo,Merck KGaA,,Approved (EU),Desmoid tumors,N/A,Gamma secretase inhibitor,N/A,0.0,N/A,,,,,,,,,Rare Disease,,EU approved 2025; part of SpringWorks acquisition,,
W14_TAK_001,Zasocitinib,Takeda,,Phase 3 (PsO/PsA) / Phase 2 (IBD),Plaque psoriasis | Psoriatic arthritis | Crohn's disease | Ulcerative colitis,N/A,Highly selective oral TYK2 inhibitor (allosteric),N/A,0.0,N/A,,,,,,,,,Immunology,,Phase 3 psoriasis trials positive (Dec 2025); Head-to-head vs deucravacitinib ongoing; PsA Phase 3 ongoing; CD/UC Phase 2,,
W14_TAK_002,Mezagitamab,Takeda,,Phase 3 (ITP) / Phase 1b (IgAN),Immune thrombocytopenia (ITP) | IgA nephropathy | Myasthenia gravis,N/A,Anti-CD38 monoclonal antibody,N/A,0.0,N/A,,,,,,,,,Immunology/Rare Disease,,Phase 3 ITP ongoing; IgAN Phase 1b showing stable eGFR at 96 weeks (18 months post-last dose),,
W14_TAK_003,Sibofimloc,Takeda,,Phase 2 (terminated),Crohn's disease (post-surgical recurrence prevention),N/A,FimH blocker (small molecule),N/A,0.0,N/A,,,,,,,,,Gastroenterology,,Phase 2 trial TAK-018-2001 terminated/withdrawn (Aug 2020-Aug 2022); exploring other applications,,
W14_TAK_004,Vedolizumab SC,Takeda,,Approved,Ulcerative colitis | Crohn's disease,N/A,Anti-α4β7 integrin monoclonal antibody (subcutaneous),N/A,0.0,N/A,,,,,,,,,Gastroenterology,,Approved for UC and CD SC formulation; VARSITY head-to-head vs adalimumab positive,,
W14_TAK_005,Takhzyro,Takeda,,Approved,Hereditary angioedema (HAE) prophylaxis,N/A,Anti-kallikrein monoclonal antibody,N/A,0.0,N/A,,,,,,,,,Rare Disease,,Leading HAE prophylaxis treatment from Shire acquisition,,
W14_TAK_006,Rusfertide,Takeda,,Phase 3,Polycythemia vera,N/A,Hepcidin mimetic (injectable),N/A,0.0,N/A,,,,,,,,,Hematology,,VERIFY Phase 3 52-week data positive; 61.9% patients maintained phlebotomy-free; regulatory filing FY2025-2026,,
W14_TAK_007,Elritercept,Takeda,,Phase 3,Anemia associated with hematologic cancers (MDS),N/A,Activin inhibitor,N/A,0.0,N/A,,,,,,,,,Hematology,,Exclusive license from Keros Therapeutics; development ongoing,,
W14_TAK_008,Fazirsiran,Takeda,,Phase 3,Alpha-1 antitrypsin deficiency liver disease (AATD-LD),N/A,RNAi therapy targeting Z-AAT,N/A,0.0,N/A,,,,,,,,,Rare Disease,,Part of late-stage pipeline with blockbuster potential,,
W14_TAK_009,Oveporexton,Takeda,,Phase 3,Narcolepsy type 1,N/A,Orexin receptor 2 agonist,N/A,0.0,N/A,,,,,,,,,Neuroscience,,Phase 3 data readout expected 2025; regulatory filing FY2025-2026; potentially best-in-class/first-in-class,,
W14_TAK_010,TAK-007,Takeda,,Phase 1 planned,Autoimmune disease (unspecified),N/A,Undisclosed,N/A,0.0,N/A,,,,,,,,,Autoimmune Disease,,Phase 1 trial planned per R&D Day 2024,,
W14_TAK_011,TAK-573,Takeda,,Phase 2,Relapsed/refractory multiple myeloma,N/A,Anti-CD38-attenukine,N/A,0.0,N/A,,,,,,,,,Oncology,,Acquired from Teva; development ongoing,,
W14_BAY_001,Undisclosed Recursion programs,Bayer,,Discovery/Preclinical,Undisclosed autoimmune and dermatology indications,N/A,Multiple (AI-discovered),N/A,0.0,N/A,,,,,,,,,Autoimmune/Dermatology,,Partnership with Recursion Pharmaceuticals; programs nominated for 'undruggable' targets,,
W14_BAY_002,BAY 3563254,Bayer,,Phase 1,PSMA-positive metastatic castration-resistant prostate cancer,N/A,Actinium-225 labeled anti-PSMA radioconjugate,N/A,0.0,N/A,,,,,,,,,Oncology,,Pantha trial initiated March 2024; first-in-human,,
W14_BAY_003,BAY 3630914,Bayer,,Phase 1,Solid tumors | Potential autoimmune applications,N/A,STAT3 inhibitor (from Vividion),N/A,0.0,N/A,,,,,,,,,Oncology/Immunology,,Phase 1 initiated,,
W14_BAY_004,Undisclosed MOMA Therapeutics programs,Bayer,,Preclinical,Precision oncology targets,N/A,Small molecule ATPase inhibitors,N/A,0.0,N/A,,,,,,,,,Oncology,,Partnership signed Oct 2024 with MOMA Therapeutics,,
W14_BAY_005,Radioligand therapy programs,Bayer,,Preclinical/Clinical,Prostate cancer | Other solid tumors,N/A,Multiple radioligand therapies,N/A,0.0,N/A,,,,,,,,,Oncology,,Building on Xofigo and pipeline radioligands; acquired Noria/PSMA Therapeutics,,
W14_BAY_006,Vividion pipeline,Bayer,,Preclinical/Phase 1,STAT3-dependent cancers | Immune-mediated diseases,N/A,Covalent small molecules targeting 'undruggable' proteins,N/A,0.0,N/A,,,,,,,,,Multiple,,BAY 3630914 in Phase 1; additional programs in pipeline,,
W14_BAY_007,Kerendia (Finerenone) expansion,Bayer,,Approved,CKD in T2D | Potential heart failure expansion,N/A,Non-steroidal mineralocorticoid receptor antagonist,N/A,0.0,N/A,,,,,,,,,Cardio-Renal,,Approved for CKD in T2D; exploring additional indications,,
W14_AZ_011,ALXN1850,AstraZeneca/Alexion,,Preclinical/Phase 1,PNH | aHUS | gMG | NMOSD,N/A,Next-generation C5 inhibitor,N/A,0.0,N/A,,,,,,,,,Rare Disease,,Early development,,
W14_AZ_012,ALXN1910,AstraZeneca/Alexion,,Preclinical,Complement-mediated diseases,N/A,Complement inhibitor (undisclosed target),N/A,0.0,N/A,,,,,,,,,Rare Disease,,Early development,,
W14_AZ_013,Tolebrutinib,AstraZeneca,,Phase 3,Multiple sclerosis | ALS | MG,N/A,BTK inhibitor (CNS-penetrant),N/A,0.0,N/A,,,,,,,,,Neuroscience,,Phase 3 in MS ongoing; potential in other neurological conditions,,
W14_AZ_014,Daxdilimab,AstraZeneca,,Phase 2,Discoid lupus erythematosus | Dermatomyositis,N/A,Anti-ILT7 monoclonal antibody,N/A,0.0,N/A,,,,,,,,,Immunology,,RECAST DLE trial; dermatomyositis Phase 2,,
W14_GSK_008,Aether Biomolecules (ozureprubart backup),GSK,,Preclinical,Various immunology indications,N/A,Long-acting biologics platform,N/A,0.0,N/A,,,,,,,,,Multiple,,Part of RAPT acquisition pipeline,,
W14_GSK_009,Jemperli (Dostarlimab) expansion,GSK,,Approved,dMMR endometrial cancer | Potential combination with TSR-042 (TIGIT),N/A,Anti-PD-1 monoclonal antibody,N/A,0.0,N/A,,,,,,,,,Oncology,,Approved for dMMR endometrial cancer; combinations in development,,
W14_GSK_010,Blenrep (Belantamab mafodotin) re-development,GSK,,Phase 3 (re-initiated),Multiple myeloma,N/A,Anti-BCMA ADC,N/A,0.0,N/A,,,,,,,,,Oncology,,Withdrawn from US 2022; re-developing with different dosing/eye prophylaxis,,
W14_GSK_011,Beleodaq (Belinostat),GSK,,Approved,Peripheral T-cell lymphoma,N/A,HDAC inhibitor,N/A,0.0,N/A,,,,,,,,,Oncology,,Approved; exploring combinations,,
W14_GSK_012,iTexon (Tixagevimab/Cilgavimab),GSK,,Phase 3,COVID-19 prophylaxis/treatment,N/A,Long-acting anti-SARS-CoV-2 antibodies,N/A,0.0,N/A,,,,,,,,,Infectious Disease,,Evusheld withdrawn due to variants; next-generation versions in development,,
W14_TAK_012,Maribavir,Takeda,,Approved,CMV infection in transplant patients,N/A,UL97 kinase inhibitor,N/A,0.0,N/A,,,,,,,,,Infectious Disease,,Approved; licensed from GSK,,
W14_TAK_013,TAK-755,Takeda,,Phase 3/regulatory,Congenital thrombotic thrombocytopenic purpura (cTTP),N/A,ADAMTS-13 replacement,N/A,0.0,N/A,,,,,,,,,Rare Disease,,Regulatory submissions ongoing,,
W14_TAK_014,TAK-609,Takeda,,Phase 2,Hunter syndrome CNS,N/A,I2S replacement (intrathecal),N/A,0.0,N/A,,,,,,,,,Rare Disease,,Phase 2 development ongoing,,
W14_TAK_015,TAK-531,Takeda,,Preclinical,Hunter syndrome CNS,N/A,I2S replacement (ArmaGen technology),N/A,0.0,N/A,,,,,,,,,Rare Disease,,Development ongoing,,
W14_TAK_016,TAK-607,Takeda,,Phase 2,Chronic lung disease in prematurity,N/A,IGF-1/IGFBP3,N/A,0.0,N/A,,,,,,,,,Rare Disease,,From Shire acquisition,,
W14_TAK_017,TAK-164,Takeda,,Phase 1,GI malignancies,N/A,GCC-targeted ADC,N/A,0.0,N/A,,,,,,,,,Oncology,,From Immunogen partnership,,
W14_TAK_018,TAK-252,Takeda,,Phase 1,Solid tumors,N/A,Shattuck agonist,N/A,0.0,N/A,,,,,,,,,Oncology,,Checkpoint agonist approach,,
W14_MKG_008,Xevinapant,Merck KGaA,,Phase 3,Head and neck cancer,N/A,IAP antagonist,N/A,0.0,N/A,,,,,,,,,Oncology,,TrilynX Phase 3 trial ongoing,,
W14_MKG_009,M7514,Merck KGaA,,Phase 1,Solid tumors,N/A,TGFBeta receptor 1 kinase inhibitor,N/A,0.0,N/A,,,,,,,,,Oncology,,Phase 1 ongoing,,
W14_MKG_010,Bintrafusp alfa,Merck KGaA,,Phase 2/3 (discontinued in some indications),Various solid tumors,N/A,Bifunctional fusion protein (PD-L1/TGF-beta trap),N/A,0.0,N/A,,,,,,,,,Oncology,,Discontinued for biliary tract cancer after Phase 3 failure; evaluating other indications,,
W14_MKG_011,Ezmekly,Merck KGaA,,Approved (EU conditional),NF1-associated plexiform neurofibromas,N/A,MEK inhibitor,N/A,0.0,N/A,,,,,,,,,Rare Disease,,Conditional EU approval 2025; SpringWorks acquisition,,
W14_MKG_012,G disruptor,Merck KGaA,,Preclinical,Undisclosed,N/A,Undisclosed,N/A,0.0,N/A,,,,,,,,,Immunology (implied),,Early research,,
W15_001,CABA-201,Cabaletta Bio,,N/A,Systemic Lupus Erythematosus | Immune-Mediated Necrotizing Myopathy | Dermatomyositis | Systemic Sclerosis | Generalized Myasthenia Gravis | Pemphigus Vulgaris,CD19,4-1BB-containing fully human CD19-CAR T cell therapy for deep and transient B cell depletion,N/A,0.0,N/A,,,,,,,,High,,,,,
W15_002,KYV-101,Kyverna Therapeutics,,N/A,Stiff Person Syndrome | Generalized Myasthenia Gravis | Lupus Nephritis | Multiple Sclerosis | Rheumatoid Arthritis,CD19,Fully human CD19 CAR T-cell with CD28 co-stimulation for deep B cell depletion in tissues,N/A,0.0,N/A,,,,,,,,High,,,,,
W15_003,Descartes-08,Cartesian Therapeutics,,N/A,Generalized Myasthenia Gravis | Systemic Lupus Erythematosus | Dermatomyositis | Antisynthetase Syndrome | Juvenile Dermatomyositis,BCMA,Autologous anti-BCMA CAR-T using mRNA (not DNA); no preconditioning chemotherapy required; outpatient administration,N/A,0.0,N/A,,,,,,,,High,,,,,
W15_004,JWCAR029 (relmacabtagene autoleucel),JW Therapeutics,,N/A,Systemic Lupus Erythematosus,CD19,Autologous anti-CD19 CAR-T cell immunotherapy; first CAR-T approved as Category 1 biologics in China for oncology indications,N/A,0.0,N/A,,,,,,,,High,,,,,
W15_005,CTX112,CRISPR Therapeutics,,N/A,Systemic Lupus Erythematosus | B-cell Malignancies,CD19,Next-generation CD19 allogeneic CAR T cell therapy using CRISPR gene editing; off-the-shelf,N/A,0.0,N/A,,,,,,,,High,,,,,
W15_006,CC-97540 (CD19 NEX-T),Bristol Myers Squibb,,N/A,Systemic Lupus Erythematosus | Systemic Sclerosis | Idiopathic Inflammatory Myopathies | Multiple Sclerosis,CD19,CD19 NEX-T CAR T cell therapy,N/A,0.0,N/A,,,,,,,,Medium,,,,,
W15_007,YTB323 (rapcabtagene autoleucel),Novartis,,N/A,Systemic Lupus Erythematosus | Lupus Nephritis,CD19,CAR-T cell therapy for autoimmune diseases,N/A,0.0,N/A,,,,,,,,Medium,,,,,
W15_008,IMPT-514,ImmPACT Bio USA,,N/A,Systemic Lupus Erythematosus | Lupus Nephritis,CD19,CD19-targeted CAR-T,N/A,0.0,N/A,,,,,,,,Medium,,,,,
W15_009,BCMA-CD19 cCAR T cells,iCell Gene Therapeutics,,N/A,Systemic Lupus Erythematosus | Lupus Nephritis,BCMA/CD19,Compound CAR T cells targeting both BCMA and CD19,N/A,0.0,N/A,,,,,,,,Medium,,,,,
W15_010,FT-819,Fate Therapeutics,,N/A,Systemic Lupus Erythematosus | Lupus Nephritis,CD19,Off-the-shelf iPSC-derived CD19 CAR-T,N/A,0.0,N/A,,,,,,,,Medium,,,,,
W15_011,SC-291,Sana Biotechnology,,N/A,Systemic Lupus Erythematosus | Lupus Nephritis,CD19,Hypoimmune CAR-T cells designed to evade immune rejection,N/A,0.0,N/A,,,,,,,,Medium,,,,,
W15_012,CLN-978,Cullinan Therapeutics,,N/A,Rheumatoid Arthritis | Systemic Lupus Erythematosus | Sjogren's Syndrome,CD19/CD3,Bispecific T-cell engager targeting CD19 on B cells and CD3 on T cells; subcutaneous administration,N/A,0.0,N/A,,,,,,,,High,,,,,
W15_013,Tibulizumab (ZB-106),Zura Bio,,N/A,Sjogren's Syndrome | Rheumatoid Arthritis | Systemic Sclerosis | Hidradenitis Suppurativa,IL-17A/BAFF,Humanized bispecific dual antagonist combining anti-IL-17A and anti-BAFF properties; derived from ixekizumab and tabalumab,N/A,0.0,N/A,,,,,,,,High,,,,,
W15_014,HBM7020,Harbour BioMed,,N/A,Autoimmune Diseases (Multiple) | Multiple Myeloma,BCMA/CD3,BCMAxCD3 bispecific antibody using HBICE and Harbour Mice platforms; links BCMA-positive cells with T cells,N/A,0.0,N/A,,,,,,,,High,,,,,
W15_015,DR-0201,Dren Bio,,N/A,Various Autoimmune Diseases,CD20,CD20-targeting bispecific antibody inducing deep B cell depletion through phagocytosis by targeting tissue-resident and migratory myeloid cells,N/A,0.0,N/A,,,,,,,,High,,,,,
W15_016,S-4321,Seismic Therapeutic,,N/A,Various Autoimmune Diseases,PD-1/FcγRIIb,Next-generation PD-1:FcγRIIb-selective bifunctional agonist antibody; engages two independent inhibitory receptors on multiple cell types,N/A,0.0,N/A,,,,,,,,Medium,,,,,
W15_017,S-1117,Seismic Therapeutic,,N/A,Autoantibody-mediated Diseases,Pan-IgG,Pan-IgG protease for chronic administration to treat autoantibody-mediated diseases,N/A,0.0,N/A,,,,,,,,Medium,,,,,
W15_018,MORF-057,Eli Lilly (acquired Morphic),,N/A,Ulcerative Colitis | Crohn's Disease,α4β7 Integrin,Selective oral small molecule α4β7 integrin inhibitor; potential challenger to vedolizumab (Entyvio),N/A,0.0,N/A,,,,,,,,High,,,,,
W15_019,Izokibep,Acelyrin,,N/A,Hidradenitis Suppurativa | Psoriatic Arthritis | Uveitis,IL-17A,Small protein therapeutic (~1/10 size of mAb) inhibiting IL-17A with high potency and tight binding affinity; albumin binding domain extends half-life,N/A,0.0,N/A,,,,,,,,Medium,,,,,
W15_020,Lonigutamab,Acelyrin,,N/A,Thyroid Eye Disease,IGF-1R,N/A,N/A,0.0,N/A,,,,,,,,High,,,,,
W15_021,Batoclimab (HBM9161),Harbour BioMed,,N/A,Generalized Myasthenia Gravis | Multiple Autoimmune Diseases,FcRn,Fully human anti-FcRn monoclonal antibody; reduces circulating pathogenic antibodies by blocking FcRn-mediated IgG recycling,N/A,0.0,N/A,,,,,,,,High,,,,,
W15_022,HBM9378,Harbour BioMed / Windward Bio (licensed),,N/A,Asthma | Chronic Obstructive Pulmonary Disease,TSLP,Fully human anti-TSLP mAb from H2L2 Harbour Mice platform; engineered for extended half-life and effector silencing; subcutaneous administration,N/A,0.0,N/A,,,,,,,,High,,,,,
W15_023,HBM7575/SKB575,Harbour BioMed / Kelun-Biotech,,N/A,Atopic Dermatitis,TSLP/Undisclosed,Long-acting bispecific antibody targeting TSLP and an undisclosed target to improve long-term disease control in moderate-to-severe atopic dermatitis,N/A,0.0,N/A,,,,,,,,Medium,,,,,
W15_024,Torudokimab (ZB-880),Zura Bio,,N/A,Various Autoimmune Diseases,IL-33,Anti-IL-33 monoclonal antibody,N/A,0.0,N/A,,,,,,,,Medium,,,,,
W15_025,ZB-168,Zura Bio,,N/A,Autoimmune Diseases,Unknown,Dual-pathway antibody for autoimmune and inflammatory diseases,N/A,0.0,N/A,,,,,,,,Medium,,,,,
W15_026,FG-M701,Mingji Biotech / AbbVie,,N/A,Inflammatory Bowel Disease,TL1A,Next-generation TL1A-targeting antibody for IBD,N/A,0.0,N/A,,,,,,,,Medium,,,,,
W15_027,Celsius Therapeutics TREM1 Antibody,AbbVie (acquired Celsius),,N/A,Inflammatory Bowel Disease,TREM1,Anti-TREM1 antibody for IBD,N/A,0.0,N/A,,,,,,,,Medium,,,,,
W15_028,Nimble IL-23R Peptide Inhibitor,AbbVie (acquired Nimble),,N/A,Inflammatory Bowel Disease,IL-23 Receptor,Oral peptide inhibitor of IL-23 receptor,N/A,0.0,N/A,,,,,,,,Medium,,,,,
W15_029,Tr1X RegT Cell Therapy,Tr1X,,N/A,Refractory Crohn's Disease | Autoimmune Diseases,Autoantigen-specific,Allogeneic Treg and CAR-Treg cell therapy for autoimmune diseases,N/A,0.0,N/A,,,,,,,,High,,,,,
W15_030,CPTX2309,Capstan Therapeutics (acquired by AbbVie),,N/A,B-cell Autoimmune Diseases,CD19,In vivo targeted-lipid-nanoparticle (tLNP) platform delivering CAR-T therapy directly in the body without ex vivo cell manipulation,N/A,0.0,N/A,,,,,,,,High,,,,,
W15_031,Hillstar Lead Asset,Hillstar Bio,,N/A,Autoimmune Diseases,TRBV9 T cells,Selective depletion of TRBV9 T cells that drive autoimmune disease,N/A,0.0,N/A,,,,,,,,Medium,,,,,
W15_032,TRB-061,TRexBio,,N/A,Atopic Dermatitis | Ulcerative Colitis,TNFR2,Purpose-engineered TNFR2 agonist designed to selectively activate tissue-licensed regulatory T cells (Tregs) in skin and gut,N/A,0.0,N/A,,,,,,,,Medium,,,,,
W15_033,Dualitas Lead Assets,Dualitas,,N/A,Allergic Diseases | Autoimmune Diseases,Multiple (undisclosed),Next-gen bispecific antibodies for allergic and autoimmune diseases; designed for faster onset and enhanced clinical benefit,N/A,0.0,N/A,,,,,,,,Medium,,,,,
W15_034,Nilo Therapeutics Pipeline,Nilo Therapeutics,,N/A,Autoimmune and Inflammatory Diseases,Master regulator brain-body circuits,Modulates master regulator brain-body circuits and immune pathways to treat autoimmune and inflammatory diseases,N/A,0.0,N/A,,,,,,,,Medium,,,,,
W15_035,KP-723,Kaken Pharmaceutical / Johnson & Johnson,,N/A,Atopic Dermatitis | Th2-mediated Diseases,STAT6,STAT6 inhibitor targeting JAK/STAT signaling pathway; responds to IL-4 and IL-13 cytokines,N/A,0.0,N/A,,,,,,,,High,,,,,
W15_036,PX128,Proteologix (acquired by J&J),,N/A,Atopic Dermatitis | Asthma,IL-13/TSLP,IL-13/TSLP bispecific targeting inflammation pathways,N/A,0.0,N/A,,,,,,,,High,,,,,
W15_037,PX130,Proteologix (acquired by J&J),,N/A,Atopic Dermatitis,IL-13/IL-22,IL-13/IL-22 bispecific for atopic dermatitis,N/A,0.0,N/A,,,,,,,,Medium,,,,,
W15_038,HXN-1002,Earendil Labs / Sanofi,,N/A,Ulcerative Colitis | Crohn's Disease,α4β7/TL1A,AI-powered bispecific antibody targeting α4β7 and TL1A,N/A,0.0,N/A,,,,,,,,High,,,,,
W15_039,HXN-1003,Earendil Labs / Sanofi,,N/A,Colitis | Dermatitis,TL1A/IL-23,AI-powered bispecific antibody targeting TL1A and IL-23,N/A,0.0,N/A,,,,,,,,High,,,,,
W15_040,CUE-501,Cue Biopharma / Boehringer Ingelheim,,N/A,Autoimmune Diseases | Inflammatory Diseases,CD19/HLA,Enables targeted B cell clearance and modulation of autoimmune and inflammatory responses,N/A,0.0,N/A,,,,,,,,Medium,,,,,
W15_041,Nurix Undisclosed Asset,Nurix Therapeutics / Sanofi,,N/A,Previously Undruggable Autoimmune Disease,Transcription Factor (undisclosed),Targets previously undruggable transcription factor involved in autoimmune disease,N/A,0.0,N/A,,,,,,,,High,,,,,
W15_042,QX030N,Qyuns Therapeutics / Caldera Therapeutics,,N/A,Autoimmune Diseases,Undisclosed,Long-acting autoimmune bispecific antibody,N/A,0.0,N/A,,,,,,,,Medium,,,,,
W15_043,ENaBL-T (ESO-T01),EsoBiotec (acquired by AstraZeneca),,N/A,Multiple Myeloma | Autoimmune Diseases,BCMA,In vivo BCMA CAR-T therapy using engineered viral vectors delivered directly to patient,N/A,0.0,N/A,,,,,,,,High,,,,,
W15_044,Velinotamig (GR1803),Genor Biopharma / Cullinan Therapeutics,,N/A,Multiple Myeloma | Autoimmune Diseases (potential),BCMA/CD3,BCMA/CD3 bispecific T cell engager,N/A,0.0,N/A,,,,,,,,Medium,,,,,
W15_045,Gusacitinib,Formation Bio / Sanofi,,N/A,Autoimmune Diseases,JAK/SYK (Dual Inhibitor),Oral dual JAK/SYK inhibitor,N/A,0.0,N/A,,,,,,,,High,,,,,
W15_046,Abcuro ABC008 (ulviprubart),Abcuro,,N/A,Inclusion Body Myositis | T Cell Large Granular Lymphocytic Leukemia,KLRG1,Anti-KLRG1 antibody for depletion of disease-driving cells,N/A,0.0,N/A,,,,,,,,High,,,,,
W15_047,Odyssey Therapeutics Autoimmune Programs,Odyssey Therapeutics,,N/A,Autoimmune and Inflammation Diseases,Multiple,Multiple programs for autoimmune and inflammation diseases,N/A,0.0,N/A,,,,,,,,Medium,,,,,
W15_048,Granite Bio GRT-001,Granite Bio,,N/A,Inflammatory Bowel Disease,Pro-inflammatory Monocytes,Antibody designed to drain pro-inflammatory monocytes,N/A,0.0,N/A,,,,,,,,Medium,,,,,
W15_049,Excellergy ECRI Programs,Excellergy,,N/A,Allergic Diseases,Multiple,Novel drug class of effector cell response inhibitors for allergic diseases,N/A,0.0,N/A,,,,,,,,Medium,,,,,
W15_050,Dualitas Bispecifics,Dualitas,,N/A,Allergic and Autoimmune Diseases,Undisclosed,Next-gen bispecific antibodies for faster onset and enhanced benefit vs current treatments,N/A,0.0,N/A,,,,,,,,Medium,,,,,
W15_051,AllRock Bio ROC-101,AllRock Bio,,N/A,Pulmonary Hypertension,ROCK (pan-Rho-associated protein kinase),Oral pan-ROCK inhibitor,N/A,0.0,N/A,,,,,,,,Low,,,,,
W15_052,Attovia Therapeutics Pipeline,Attovia Therapeutics,,N/A,Autoimmune Diseases,Multiple,Biologics pipeline for autoimmune diseases,N/A,0.0,N/A,,,,,,,,Medium,,,,,
W15_053,CM313,Keymed Biosciences,,N/A,Immune Thrombocytopenic Purpura | Systemic Lupus Erythematosus | Multiple Myeloma,CD38,Anti-CD38 monoclonal antibody,N/A,0.0,N/A,,,,,,,,Medium,,,,,
W15_054,TNX-1500,Tonix Pharmaceuticals,,N/A,Autoimmune Diseases | Organ Transplant Rejection,CD40L (CD154),Fc-modified anti-CD40L antibody for prevention of allograft rejection and treatment of autoimmune diseases,N/A,0.0,N/A,,,,,,,,Medium,,,,,
W15_055,Riliprubart (SAR445088),Sanofi,,N/A,Chronic Inflammatory Demyelinating Polyneuropathy | Idiopathic Inflammatory Myopathies | Complement-mediated Diseases,C1s (Complement),Anti-C1s monoclonal antibody targeting classical complement pathway,N/A,0.0,N/A,,,,,,,,Medium,,,,,
W15_056,Iscalimab (CFZ533),Novartis,,N/A,Sjogren's Syndrome | Systemic Lupus Erythematosus | Kidney Transplant,CD40,"Fully human Fc-silenced, non-depleting IgG1 anti-CD40 mAb blocking CD40L-induced activation of CD40",N/A,0.0,N/A,,,,,,,,Medium,,,,,
W15_057,Telitacicept,RemeGen,,N/A,Systemic Lupus Erythematosus | Primary Sjogren's Syndrome | IgA Nephropathy | Myasthenia Gravis,BAFF/APRIL,TACI-Fc fusion protein blocking both BAFF and APRIL,N/A,0.0,N/A,,,,,,,,High,,,,,
W15_058,Daxdilimab,Horizon Therapeutics / Amgen,,N/A,Cutaneous Lupus Erythematosus | Systemic Lupus Erythematosus | Alopecia Areata,ILT7 (pDC),Depletes plasmacytoid dendritic cells (pDCs) which produce type I interferon in autoimmune diseases,N/A,0.0,N/A,,,,,,,,Medium,,,,,
W15_059,BT-114,Bright Peak Therapeutics,,N/A,Adult-Onset Still's Disease | Macrophage Activation Syndrome | Systemic JIA,IL-18,IL-18 targeting Optikine for autoinflammatory diseases,N/A,0.0,N/A,,,,,,,,Medium,,,,,
W15_060,Sonelokimab,MoonLake Immunotherapeutics,,N/A,Psoriatic Arthritis | Plaque Psoriasis | Hidradenitis Suppurativa,IL-17A/F,Nanobody IL-17A/F inhibitor with enhanced tissue penetration,N/A,0.0,N/A,,,,,,,,Medium,,,,,
W15_061,ABBV-154,AbbVie,,N/A,Rheumatoid Arthritis | Autoimmune Diseases,TNF + Steroid Payload,ADC combining anti-TNF with steroid conjugation for extended remission,N/A,0.0,N/A,,,,,,,,Medium,,,,,
W15_062,JNJ-77242113,Johnson & Johnson,,N/A,Psoriasis | Psoriatic Arthritis | Inflammatory Bowel Disease,TYK2,Oral selective TYK2 inhibitor,N/A,0.0,N/A,,,,,,,,High,,,,,
W16-001,Brepocitinib,Priovant Therapeutics (Roivant Sciences),,"Phase 3 (VALOR trial completed, FDA filing expected early 2026)",,N/A,TYK2/JAK1 dual inhibitor,N/A,0.0,N/A,,,,,,,,,,,,First oral targeted disease-modifying therapy for dermatomyositis; targets interferon-driven inflammation with rapid onset (week 4),
W16-002,Efgartigimod,argenx,,Phase 2/3 (ALKIVIA trial fully enrolled),,N/A,FcRn inhibitor (antibody recycling blocker),N/A,0.0,N/A,,,,,,,,,,,,Targets underlying autoantibody-driven pathology; shows promise across IIM subtypes including IMNM and antisynthetase syndrome,
W16-003,Anifrolumab,AstraZeneca,,Phase 3 (NCT06455449),,N/A,Type I interferon receptor antagonist,N/A,0.0,N/A,,,,,,,,,,,,Targets interferon signature central to myositis pathogenesis; leverages SLE success (TULIP trials),
W16-004,Rapcabtagene autoleucel (CAR-T19),Novartis,,Phase 2 (NCT06655896),,N/A,CD19-targeted CAR-T therapy,N/A,0.0,N/A,,,,,,,,,,,,First CAR-T therapy for systemic sclerosis; profound B-cell depletion potentially achieving immune reset,
W16-005,Anifrolumab,AstraZeneca,,Phase 3 (DAISY trial NCT05925803),,N/A,Type I interferon receptor antagonist,N/A,0.0,N/A,,,,,,,,,,,,Targets IFN-driven transcriptional profiles in diffuse cutaneous SSc; potential for disease modification,
W16-006,Nebokitug,Chemomab Therapeutics,,"Phase 2 (SPRING trial completed, Phase 3 planned)",,N/A,Anti-CCL24 monoclonal antibody (dual anti-fibrotic/anti-inflammatory),N/A,0.0,N/A,,,,,,,,,,,,Novel target CCL24 drives fibrosis and inflammation; first-in-class mechanism,
W16-007,Amlitelimab,Sanofi,,Phase 2,,N/A,OX40 ligand inhibitor (T-cell modulation),N/A,0.0,N/A,,,,,,,,,,,,Targets T-cell costimulation pathway; addresses both immune activation and fibrosis,
W16-008,Pamrevlumab,FibroGen,,Investigational in pediatrics,,N/A,Anti-CTGF (connective tissue growth factor) monoclonal antibody,N/A,0.0,N/A,,,,,,,,,,,,Direct anti-fibrotic approach; CTGF is key driver of fibrosis in SSc,
W16-009,SC291 (CAR-T),Sana Biotechnology,,Phase 1 (GLEAM trial NCT06294236),,N/A,Hypoimmune CAR-T cell therapy,N/A,0.0,N/A,,,,,,,,,,,,First CAR-T approach for AAV; potential for immune reset and durable remission,
W16-010,Iptacopan,Novartis,,Phase 2 (NCT06388941),,N/A,Factor B inhibitor (alternative complement pathway),N/A,0.0,N/A,,,,,,,,,,,,Targets complement alternative pathway central to AAV pathogenesis; oral administration,
W16-011,Povetacicept,Alpine Immune Sciences (Vertex),,Phase 2,,N/A,Dual BAFF/APRIL inhibitor,N/A,0.0,N/A,,,,,,,,,,,,Dual B-cell cytokine blockade; potential for deeper B-cell modulation,
W16-012,Belimumab,GSK,,Phase 2 (open-label prospective trial),,N/A,BAFF/BLyS inhibitor,N/A,0.0,N/A,,,,,,,,,,,,Reduces aPL titers in triple-positive APS; B-cell targeting addresses underlying pathology,
W16-013,Eculizumab,Alexion (AstraZeneca),,Approved for CAPS (off-label in standard APS),,N/A,C5 complement inhibitor,N/A,0.0,N/A,,,,,,,,,,,,Controls complement overactivation in life-threatening CAPS; prevents thrombotic microangiopathy,
W16-014,Efgartigimod,argenx,,Phase 3 (ongoing),,N/A,FcRn inhibitor,N/A,0.0,N/A,,,,,,,,,,,,Reduces pathogenic autoantibodies; EULAR 2025 data showed positive Phase 2 results,
W16-015,Iscalimab,Novartis,,Phase 2 (completed 2024),,N/A,Anti-CD40 monoclonal antibody,N/A,0.0,N/A,,,,,,,,,,,,Targets CD40-CD40L T-cell costimulation; disrupts T-B collaboration,
W16-016,Tadekinig alfa,AB2 Bio,,Phase 2 (dose-escalating trial completed),,N/A,IL-18 binding protein,N/A,0.0,N/A,,,,,,,,,,,,"Targets IL-18, key driver of AOSD inflammation and MAS risk; upstream cytokine inhibition",
W16-017,Camoteskimab,Aevi Genomic Medicine,,Phase 1 (NCT04752371),,N/A,Anti-IL-18 monoclonal antibody,N/A,0.0,N/A,,,,,,,,,,,,Direct IL-18 neutralization; targets AOSD systemic inflammation,
W16-018,"JAK inhibitors (Baricitinib, Tofacitinib)",Multiple,,Phase 2 (ChiCTR2200061599 completed),,N/A,JAK1/2 or JAK1/3 inhibition,N/A,0.0,N/A,,,,,,,,,,,,Broad cytokine modulation; oral administration; steroid-sparing effect,
W16-019,Emapalumab,Novartis (Sobi),,Phase 2 (MAS indication),,N/A,Anti-IFN-γ monoclonal antibody,N/A,0.0,N/A,,,,,,,,,,,,Targets IFN-γ overproduction in MAS; 93% remission rate in Phase 2 trial,
W16-020,Secukinumab,Novartis,,Phase 3 (completed),,N/A,Anti-IL-17A monoclonal antibody,N/A,0.0,N/A,,,,,,,,,,,,First IL-17 inhibitor approved for pediatric ERA; addresses axial and peripheral disease,
W16-021,TNFi + MTX/Leflunomide,Multiple,,Prospective observational (2024 publication),,N/A,TNF-α inhibition,N/A,0.0,N/A,,,,,,,,,,,,First prospective MRI-based evidence for TMJ arthritis treatment in JIA,
W16-022,Zetomipzomib (KZR-616),Kezar Life Sciences,,Phase 2a (PORTOLA NCT05569759 completed),,N/A,Selective immunoproteasome inhibitor,N/A,0.0,N/A,,,,,,,,,,,,First-in-class immunoproteasome inhibitor; broad immune modulation without general immunosuppression,
W16-023,Ianalumab (VAY736),MorphoSys (Novartis),,Phase 2/3 (AMBER NCT03217422 ongoing),,N/A,Anti-BAFF receptor antibody (ADCC-mediated B-cell depletion),N/A,0.0,N/A,,,,,,,,,,,,Targets BAFF overexpression in AIH; dual mechanism of B-cell depletion and BAFF blockade,
W16-024,Belimumab,GSK,,Case series/reports,,N/A,BAFF inhibitor,N/A,0.0,N/A,,,,,,,,,,,,Anti-BAFF therapy as adjunctive treatment; reduces B-cell driven inflammation,
W16-025,Seladelpar,Gilead,,Approved (FDA accelerated approval 2024),,N/A,PPAR-δ selective agonist,N/A,0.0,N/A,,,,,,,,,,,,First-in-class PPAR-δ agonist for PBC; addresses pruritus and biochemical response,
W16-026,Elafibranor,Ipsen,,Approved (FDA 2024),,N/A,Dual PPAR-α/δ agonist,N/A,0.0,N/A,,,,,,,,,,,,Dual PPAR activation; metabolic and anti-inflammatory effects,
W16-027,Nebokitug,Chemomab Therapeutics,,"Phase 2 (SPRING trial completed, Phase 3 planned)",,N/A,Anti-CCL24 monoclonal antibody,N/A,0.0,N/A,,,,,,,,,,,,Dual anti-fibrotic/anti-inflammatory; targets CCL24-driven pathology,
W16-028,Elafibranor,Ipsen,,Phase 2 (ELMWOOD trial completed),,N/A,Dual PPAR-α/δ agonist,N/A,0.0,N/A,,,,,,,,,,,,Extending PBC approval to PSC; dose-dependent ALP reduction and pruritus improvement,
W16-029,Volixibat,Mirum Pharmaceuticals,,"Phase 2b (VISTAS trial enrolled, topline Q2 2026)",,N/A,IBAT (ileal bile acid transporter) inhibitor,N/A,0.0,N/A,,,,,,,,,,,,Reduces cholestatic pruritus; potential disease-modifying effects on bile acid pool,
W16-030,Rituximab-based regimens,Multiple,,Clinical experience/case series,,N/A,CD20+ B-cell depletion,N/A,0.0,N/A,,,,,,,,,,,,B-cell targeting for refractory type 1 AIP; steroid-sparing maintenance,
W16-031,Teplizumab (Tzield),Provention Bio/Sanofi,,"Approved (FDA 2022, China NMPA 2025, UK MHRA 2025)",,N/A,Anti-CD3 monoclonal antibody (T-cell modulation),N/A,0.0,N/A,,,,,,,,,,,,First disease-modifying therapy for T1D; delays onset in stage 2 patients by ~2 years,
W16-032,Diamyd (GAD-alum),Diamyd Medical,,Phase 3 (ongoing),,N/A,Antigen-specific immunotherapy,N/A,0.0,N/A,,,,,,,,,,,,Precision medicine approach targeting GAD65 autoantigen; preserves beta-cell function,
W16-033,Baricitinib,Eli Lilly,,Phase 2,,N/A,JAK1/2 inhibitor,N/A,0.0,N/A,,,,,,,,,,,,Preserves beta-cell function; reduces MHC-I expression on islets; oral administration advantage,
W16-034,Verapamil,University of Alabama (academic),,Phase 2 (Ver-A-T1D trial),,N/A,Calcium channel blocker (beta-cell protective),N/A,0.0,N/A,,,,,,,,,,,,Repurposed drug; reduces beta-cell apoptosis; low-cost oral option,
W16-035,VX-880 (stem cell therapy),Vertex,,Phase 1/2,,N/A,Allogeneic stem cell-derived islet cells,N/A,0.0,N/A,,,,,,,,,,,,Beta-cell replacement without immunosuppression (future potential with encapsulation),
W16-036,Inebilizumab,Viela Bio (Horizon),,Phase 3 (NCT04524273),,N/A,Anti-CD19 monoclonal antibody,N/A,0.0,N/A,,,,,,,,,,,,Broader B-cell depletion than rituximab (targets plasma cells); non-FcRn mechanism,
W16-037,Zilucoplan,UCB,,Approved (FDA/EMA 2024-2025),,N/A,C5 inhibitor (macrocyclic peptide),N/A,0.0,N/A,,,,,,,,,,,,Targets terminal complement pathway; rapid onset; self-administered subcutaneous,
W16-038,Rilzabrutinib,Sanofi,,"Phase 2/3 (BELIEVE completed, PEGASUS completed)",,N/A,BTK inhibitor,N/A,0.0,N/A,,,,,,,,,,,,Oral B-cell signaling inhibitor; targets BCR pathway upstream,
W16-039,Tolebrutinib,Sanofi,,Phase 3 (HERCULES successful; FDA priority review March 2025),,N/A,BTK inhibitor (CNS-penetrant),N/A,0.0,N/A,,,,,,,,,,,,First BTKi to show disability prevention in nrSPMS; targets smoldering neuroinflammation,
W16-040,Fenebrutinib,Roche/Genentech,,Phase 3 (FENtrepid vs Ocrevus in PPMS),,N/A,"BTK inhibitor (reversible, high selectivity)",N/A,0.0,N/A,,,,,,,,,,,,High selectivity BTK inhibitor; head-to-head vs anti-CD20 in progressive MS,
W16-041,Vidofludimus Calcium,Immunic,,Phase 3 (topline data expected end of 2026),,N/A,Nurr1 activator + DHODH inhibitor,N/A,0.0,N/A,,,,,,,,,,,,First-in-class Nurr1 activation for neuroprotection; novel dual mechanism,
W16-042,Remibrutinib,Novartis,,Phase 3 (REMODEL-2 ongoing),,N/A,BTK inhibitor,N/A,0.0,N/A,,,,,,,,,,,,Approved for CSU; expanding to MS; novel mechanism vs teriflunomide,
W16-043,Orelabrutinib,InnoCare Pharma,,Phase 2 (NCT05284175),,N/A,BTK inhibitor,N/A,0.0,N/A,,,,,,,,,,,,Oral BTK inhibition for NMOSD; blocks BCR signaling,
W16-044,Zanubrutinib,BeiGene,,Phase 2 (NCT05356858),,N/A,BTK inhibitor,N/A,0.0,N/A,,,,,,,,,,,,Already approved for hematologic malignancies; repositioning for NMOSD,
W16-045,Daratumumab,Janssen,,Phase 2/3 (DAWN trial NCT05403138),,N/A,Anti-CD38 monoclonal antibody,N/A,0.0,N/A,,,,,,,,,,,,Targets antibody-secreting cells; deeper plasma cell depletion,
W16-046,Efgartigimod PH20,argenx,,Phase 2 (ADHERE trial completed),,N/A,FcRn inhibitor (subcutaneous),N/A,0.0,N/A,,,,,,,,,,,,First FcRn inhibitor for CIDP; self-administered alternative to IVIg,
W16-047,Riliprubart,Sanofi,,Phase 2/3 (VITALIZE and MOBILIZE trials),,N/A,Anti-C1s monoclonal antibody (classical complement pathway),N/A,0.0,N/A,,,,,,,,,,,,Targets classical complement pathway in CIDP; alternative mechanism to FcRn,
W16-048,Nipocalimab,Momenta (Johnson & Johnson),,Phase 2/3,,N/A,FcRn inhibitor,N/A,0.0,N/A,,,,,,,,,,,,FcRn blockade for CIDP; Johnson & Johnson pipeline asset,
W16-049,Afamelanotide,Clinuvel,,Phase 3 (CUV105 trial ongoing),,N/A,MC1R agonist (melanocyte stimulation),N/A,0.0,N/A,,,,,,,,,,,,Non-immunosuppressive melanocyte-targeting approach; melanocyte stimulation + phototherapy,
W16-050,AMG 714 (Ordesekimab),Amgen,,Phase 2a (NCT04338581 completed May 2025),,N/A,Anti-IL-15 monoclonal antibody,N/A,0.0,N/A,,,,,,,,,,,,Targets tissue resident memory T cells; non-JAK mechanism,
W16-051,Apremilast,Amgen,,Phase 2/Case series,,N/A,PDE4 inhibitor,N/A,0.0,N/A,,,,,,,,,,,,Oral PDE4 inhibition; targets Th1/Th17 inflammation in LP,
W16-052,Dupilumab,Sanofi/Regeneron,,Approved (FDA June 2025),,N/A,IL-4Rα antagonist (blocks IL-4/IL-13),N/A,0.0,N/A,,,,,,,,,,,,First targeted biologic for BP; addresses type 2 inflammation; steroid-sparing,
W16-053,Rilzabrutinib,Sanofi,,Phase 3 (PEGASUS completed),,N/A,BTK inhibitor,N/A,0.0,N/A,,,,,,,,,,,,First BTK inhibitor for pemphigus; oral targeted therapy,
W16-054,Bimekizumab,UCB,,Approved (FDA/EC 2025),,N/A,Dual IL-17A/IL-17F inhibitor,N/A,0.0,N/A,,,,,,,,,,,,Dual IL-17 inhibition; higher response rates than single IL-17A blockade,
W16-055,Remibrutinib,Novartis,,Phase 3 (NCT06799000 ongoing),,N/A,BTK inhibitor,N/A,0.0,N/A,,,,,,,,,,,,First BTK inhibitor for HS; targets B-cell signaling and neutrophil-B cell interactions,
W16-056,Fostamatinib,Rigel Pharmaceuticals,,Phase 2 (proof-of-concept completed),,N/A,SYK inhibitor,N/A,0.0,N/A,,,,,,,,,,,,SYK inhibition targets Fc receptor signaling; novel mechanism in HS,
W17-TL1A-001,RO7837195,Roche/Pfizer,,N/A,Ulcerative Colitis,"IL-12/IL-23 p40, TL1A",p40/TL1A Bispecific Antibody,N/A,0.0,N/A,,,,,,,,,,,,,
W17-TL1A-002,SL-325,Shattuck Labs,,N/A,IBD (UC/CD),DR3,DR3 Antagonist Antibody,N/A,0.0,N/A,,,,,,,,,,,,,
W17-TL1A-003,SL-425,Shattuck Labs,,N/A,IBD,DR3,Half-life Extended DR3 Antagonist,N/A,0.0,N/A,,,,,,,,,,,,,
W17-TL1A-004,SL-DR3 BsAbs (Multiple),Shattuck Labs,,N/A,IBD,"DR3, TBD",DR3-based Bispecific Antibodies,N/A,0.0,N/A,,,,,,,,,,,,,
W17-TL1A-005,Tulisokibart (PRA023),Teva/Millennium,,N/A,UC | CD,TL1A,Anti-TL1A Monoclonal Antibody,N/A,0.0,N/A,,,,,,,,,,,,,
W17-TL1A-006,Afimkibart (PRA022),Teva,,N/A,UC | CD,TL1A,Anti-TL1A Monoclonal Antibody,N/A,0.0,N/A,,,,,,,,,,,,,
W17-TL1A-007,Duvakitug,Sanofi/Teva,,N/A,UC | CD,TL1A,Anti-TL1A Monoclonal Antibody,N/A,0.0,N/A,,,,,,,,,,,,,
W17-TL1A-008,XmAb942,Xencor,,N/A,IBD,TL1A,Anti-TL1A Monoclonal Antibody,N/A,0.0,N/A,,,,,,,,,,,,,
W17-TL1A-009,ABBV-668,AbbVie,,N/A,UC,RIPK1,RIPK1 Oral Inhibitor,N/A,0.0,N/A,,,,,,,,,,,,,
W17-TL1A-010,TL1A Oral Small Molecules,Multiple (Preclinical),,N/A,IBD | Autoimmune,"TL1A, DR3",Small Molecule TL1A/DR3 Inhibitors,N/A,0.0,N/A,,,,,,,,,,,,,
W17-OX40-001,Rocatinlimab (AMG 451/KHK4083),Amgen/Kyowa Kirin,,N/A,Atopic Dermatitis,OX40,Anti-OX40 Monoclonal Antibody,N/A,0.0,N/A,,,,,,,,,,,,,
W17-OX40-002,Amlitelimab,Sanofi,,N/A,Atopic Dermatitis | Asthma | Hidradenitis Suppurativa | Alopecia Areata | Celiac Disease | Systemic Sclerosis,OX40L,Anti-OX40L Monoclonal Antibody,N/A,0.0,N/A,,,,,,,,,,,,,
W17-OX40-003,Telazorlimab,Ichnos Sciences,,N/A,Atopic Dermatitis,OX40,Anti-OX40 Monoclonal Antibody,N/A,0.0,N/A,,,,,,,,,,,,,
W17-OX40-004,IMG-007,Immagene,,N/A,Atopic Dermatitis,OX40,Anti-OX40 Monoclonal Antibody,N/A,0.0,N/A,,,,,,,,,,,,,
W17-OX40-005,APG990,Apogee Therapeutics,,N/A,Atopic Dermatitis,OX40L,Anti-OX40L Monoclonal Antibody,N/A,0.0,N/A,,,,,,,,,,,,,
W17-OX40-006,BGB-A445,BeiGene,,N/A,NSCLC (with PD-1) | Solid Tumors,OX40,Anti-OX40 Monoclonal Antibody,N/A,0.0,N/A,,,,,,,,,,,,,
W17-OX40-007,IBI356,Innovent Biologics (信达生物),,N/A,Atopic Dermatitis,OX40L,Anti-OX40L Monoclonal Antibody,N/A,0.0,N/A,,,,,,,,,,,,,
W17-OX40-008,ABCL575,AbCellera,,N/A,Autoimmune,OX40L,Anti-OX40L Monoclonal Antibody,N/A,0.0,N/A,,,,,,,,,,,,,
W17-OX40-009,STAR-0310,Astria Therapeutics,,N/A,Autoimmune,OX40,Anti-OX40 Monoclonal Antibody,N/A,0.0,N/A,,,,,,,,,,,,,
W17-CD40-001,Dapirolizumab Pegol,UCB/Biogen,,N/A,Systemic Lupus Erythematosus,CD40L,Fc-free Anti-CD40L PEGylated Fab',N/A,0.0,N/A,,,,,,,,,,,,,
W17-CD40-002,Frexalimab (SAR441344),Sanofi (from ImmuNex),,N/A,Multiple Sclerosis | SLE,CD40L,Anti-CD40L Monoclonal Antibody,N/A,0.0,N/A,,,,,,,,,,,,,
W17-CD40-003,Tegoprubart (AT-1501),Eledon Pharmaceuticals,,N/A,Kidney Transplant Rejection | ALS | Islet Cell Transplant,CD40L,Anti-CD40L Monoclonal Antibody,N/A,0.0,N/A,,,,,,,,,,,,,
W17-CD40-004,Abiprubart (KPL-404),Kiniksa Pharmaceuticals,,N/A,Autoimmune,CD40,Anti-CD40 Monoclonal Antibody,N/A,0.0,N/A,,,,,,,,,,,,,
W17-CD40-005,Dazodalibep (HZN-4920),Horizon Therapeutics,,N/A,SLE | Kidney Disease,"CD40, CD40L",CD40-CD40L Fusion Protein,N/A,0.0,N/A,,,,,,,,,,,,,
W17-CD40-006,MEM-288,Memgen,,N/A,Transplant | Autoimmune,CD40L,Anti-CD40L Antibody,N/A,0.0,N/A,,,,,,,,,,,,,
W17-CD40-007,Lu AG22515,H. Lundbeck,,N/A,Autoimmune,CD40L,Anti-CD40L Antibody,N/A,0.0,N/A,,,,,,,,,,,,,
W17-CD40-008,TNX-1500,Tonix Pharmaceuticals,,N/A,Kidney Transplant | Xenotransplantation,CD40L,Anti-CD40L Monoclonal Antibody,N/A,0.0,N/A,,,,,,,,,,,,,
W17-FCRN-001,Rozanolixizumab (Rystiggo),UCB,,N/A,gMG | CIDP | MOGAD,FcRn,Anti-FcRn Monoclonal Antibody,N/A,0.0,N/A,,,,,,,,,,,,,
W17-FCRN-002,Nipocalimab (Imaavy),Johnson & Johnson (Momenta),,N/A,gMG | wAIHA | RA | Sjögren's | HDFN,FcRn,Anti-FcRn Monoclonal Antibody,N/A,0.0,N/A,,,,,,,,,,,,,
W17-FCRN-003,Efgartigimod (Vyvgart),Argenx,,N/A,gMG | CIDP | ITP | PV | BP | NMOSD,FcRn,FcRn Antagonist (Engineered Fc Fragment),N/A,0.0,N/A,,,,,,,,,,,,,
W17-FCRN-004,Batoclimab (HBM9161),Harbour BioMed/Roivant,,N/A,gMG | ITP | Graves' Ophthalmopathy,FcRn,Anti-FcRn Monoclonal Antibody,N/A,0.0,N/A,,,,,,,,,,,,,
W17-FCRN-005,IMVT-1402 (HL161ANS),Immunovant,,N/A,Graves' Disease | RA | CLE | Sjögren's,FcRn,Anti-FcRn Monoclonal Antibody,N/A,0.0,N/A,,,,,,,,,,,,,
W17-FCRN-006,STSA-1301,Staidson Biopharmaceuticals (舒泰神),,N/A,ITP,FcRn,Anti-FcRn Monoclonal Antibody,N/A,0.0,N/A,,,,,,,,,,,,,
W17-FCRN-007,ARGX-213,Argenx,,N/A,Autoimmune,FcRn,Next-Gen FcRn Antagonist (Fc-VHH Fusion),N/A,0.0,N/A,,,,,,,,,,,,,
W17-FCRN-008,VRDN-006,Viridian Therapeutics,,N/A,Autoimmune,FcRn,FcRn Antagonist (Albumin-sparing),N/A,0.0,N/A,,,,,,,,,,,,,
W17-FCRN-009,VRDN-008,Viridian Therapeutics,,N/A,Autoimmune,FcRn,FcRn Antagonist (Extended Half-life),N/A,0.0,N/A,,,,,,,,,,,,,
W17-FCRN-010,Oral FcRn Inhibitors,Multiple Academic/Industry,,N/A,Autoimmune,FcRn,Small Molecule FcRn Inhibitors,N/A,0.0,N/A,,,,,,,,,,,,,
W17-BAFF-001,Telitacicept (Tai'ai/RC18),Remegen (荣昌生物),,N/A,SLE | RA | IgAN | gMG | Primary Sjögren's,"BAFF, APRIL",TACI-Fc Fusion Protein (BAFF/APRIL Dual Inhibitor),N/A,0.0,N/A,,,,,,,,,,,,,
W17-BAFF-002,Povetacicept (ALPN-303),Alpine Immune Sciences/Verve,,N/A,IgA Nephropathy | SLE | Autoimmune,"BAFF, APRIL",BAFF/APRIL Dual Inhibitor,N/A,0.0,N/A,,,,,,,,,,,,,
W17-BAFF-003,Atacicept,Merck KGaA/Vera Therapeutics,,N/A,SLE | IgAN | RA,"BAFF, APRIL",TACI-Fc Fusion Protein (BAFF/APRIL Inhibitor),N/A,0.0,N/A,,,,,,,,,,,,,
W17-BAFF-004,Belimumab (Benlysta),GSK,,N/A,SLE | LN,BAFF,Anti-BAFF Monoclonal Antibody,N/A,0.0,N/A,,,,,,,,,,,,,
W17-BAFF-005,Tabalumab,Eli Lilly,,N/A,SLE | RA,BAFF,Anti-BAFF Monoclonal Antibody,N/A,0.0,N/A,,,,,,,,,,,,,
W17-BAFF-006,Daratumumab (DARE-APS),NIAID/Genmab,,N/A,APS | SLE,CD38,Anti-CD38 Monoclonal Antibody,N/A,0.0,N/A,,,,,,,,,,,,,
W17-BAFF-007,BAFF Small Molecule Inhibitors,Multiple Discovery Programs,,N/A,Autoimmune,"BAFF, APRIL",Oral BAFF/APRIL Inhibitors,N/A,0.0,N/A,,,,,,,,,,,,,
W17-TYK2-001,Deucravacitinib (Sotyktu),Bristol Myers Squibb,,N/A,Plaque Psoriasis | Psoriatic Arthritis | SLE | IBD,TYK2 (pseudokinase domain),Selective TYK2 Allosteric Inhibitor,N/A,0.0,N/A,,,,,,,,,,,,,
W17-TYK2-002,Envudeucitinib (ESK-001),Alumis,,N/A,Plaque Psoriasis | SLE,TYK2 (pseudokinase domain),Selective TYK2 Allosteric Inhibitor,N/A,0.0,N/A,,,,,,,,,,,,,
W17-TYK2-003,Zasocitinib (TAK-279/NDI-034858),Takeda/Nimbus,,N/A,Plaque Psoriasis | Psoriatic Arthritis,TYK2 (pseudokinase domain),Selective TYK2 Allosteric Inhibitor,N/A,0.0,N/A,,,,,,,,,,,,,
W17-TYK2-004,Brepocitinib,Roivant/Priovant,,N/A,Dermatomyositis | Polymyositis | PsA,"TYK2, JAK1",TYK2/JAK1 Dual Inhibitor,N/A,0.0,N/A,,,,,,,,,,,,,
W17-TYK2-005,VTX958,Ventyx Biosciences,,N/A,Psoriasis | Crohn's Disease,TYK2,Selective TYK2 Allosteric Inhibitor,N/A,0.0,N/A,,,,,,,,,,,,,
W17-TYK2-006,PF-06826647,Pfizer,,N/A,Autoimmune,"TYK2, JAK2",TYK2/JAK2 Dual Inhibitor,N/A,0.0,N/A,,,,,,,,,,,,,
W17-TYK2-007,A-005,Alumis,,N/A,Multiple Sclerosis,TYK2,CNS-Penetrant TYK2 Inhibitor,N/A,0.0,N/A,,,,,,,,,,,,,
W17-TYK2-008,JNJ-77242113,Johnson & Johnson,,N/A,Psoriasis | IBD,TYK2,TYK2 Inhibitor,N/A,0.0,N/A,,,,,,,,,,,,,
W17-IL23-001,Mirikizumab,Eli Lilly,,N/A,Plaque Psoriasis | UC | CD,IL-23p19,Anti-IL-23p19 Monoclonal Antibody,N/A,0.0,N/A,,,,,,,,,,,,,
W17-IL17-001,Bimekizumab (Bimzelx),UCB,,N/A,Plaque Psoriasis | Psoriatic Arthritis | AS | HS,"IL-17A, IL-17F",Anti-IL-17A/F Dual Inhibitor,N/A,0.0,N/A,,,,,,,,,,,,,
W17-IL17-002,Sonelokimab,MoonLake Immunotherapeutics,,N/A,Psoriatic Arthritis | Plaque Psoriasis | HS,"IL-17A, IL-17F",Nanobody IL-17A/F Inhibitor,N/A,0.0,N/A,,,,,,,,,,,,,
W17-IL17-003,Netakimab,BIOCAD,,N/A,Plaque Psoriasis | PsA | AS,IL-17A,Anti-IL-17A Monoclonal Antibody,N/A,0.0,N/A,,,,,,,,,,,,,
W17-IL23-002,Icotrokinra (JNJ-77242113 component),Johnson & Johnson,,N/A,Plaque Psoriasis,IL-23,IL-23 Peptide Inhibitor,N/A,0.0,N/A,,,,,,,,,,,,,
W17-BSPC-001,IL-23/IL-17 Bispecific Antibodies,Multiple (Preclinical),,N/A,Psoriasis | IBD | Autoimmune,"IL-23, IL-17",IL-23/IL-17 Bispecific Antibody,N/A,0.0,N/A,,,,,,,,,,,,,
W17-BSPC-002,IL-23/TL1A Bispecific (Multiple),Academic/Industry Programs,,N/A,IBD,"IL-23, TL1A",IL-23/TL1A Bispecific Antibody,N/A,0.0,N/A,,,,,,,,,,,,,
W17-IL17-004,ABBV-154,AbbVie,,N/A,Rheumatoid Arthritis | Autoimmune,"TNF, Steroid",Anti-TNF-Steroid Conjugate,N/A,0.0,N/A,,,,,,,,,,,,,
CH001,BGB-45035,百济神州,,N/A,特应性皮炎 | 结节性痒疹,IRAK4,N/A,China,0.0,N/A,,,,,IRAK4降解剂，自免领域早期管线,,,,自免,,,,
CH002,BGB-16673,百济神州,,N/A,慢性自发性荨麻疹,BTK,N/A,China,0.0,N/A,,,,,BTK降解剂，已进入自免适应症临床,,,,自免,,,,
CH003,IBI-112,信达生物,,N/A,中重度银屑病,IL-23p19,N/A,China,0.0,N/A,,,,,国产首个递交上市申请的IL-23p19单抗，差异化给药间隔,,,,自免,,,,
CH004,IBI-355,信达生物,,N/A,SLE | IgA肾病,CD40L,N/A,China,0.0,N/A,,,,,全球创新布局，针对OX40L、CD40L通路,,,,自免,,,,
CH005,IBI-356,信达生物,,N/A,特应性皮炎 | 哮喘,OX40L,N/A,China,0.0,N/A,,,,,OX40L单抗，自免领域早期布局,,,,自免,,,,
CH006,JS005,君实生物,,N/A,中重度斑块状银屑病 | 强直性脊柱炎,IL-17A,N/A,China,0.0,N/A,,,,,国产IL-17A单抗，III期临床已达主要终点,,,,自免,,,,
CH007,JS010,君实生物,,N/A,偏头痛预防,CGRP,N/A,China,0.0,N/A,,,,,早期自免项目，偏头痛适应症,,,,自免/神经,,,,
CH008,艾加莫德,再鼎医药,,N/A,重症肌无力 | CIDP | 甲状腺眼病 | 干燥综合征,FcRn,N/A,China,0.0,N/A,,,,,全球首个FcRn拮抗剂，大单品潜力,,,,自免,,,,
CH009,Povetacicept,再鼎医药/Vertex,,N/A,IgA肾病 | pMN | LN | AAV | SLE,APRIL/BAFF,N/A,China,0.0,N/A,,,,,潜在同类最佳TACI资产，多适应症拓展,,,,自免,,,,
CH010,ZL-1102,再鼎医药,,N/A,银屑病,IL-17A,N/A,China,0.0,N/A,,,,,自免领域第二梯队管线,,,,自免,,,,
CH011,索乐匹尼布,和黄医药,,N/A,原发免疫性血小板减少症(ITP) | 温抗体型自身免疫溶血性贫血(wAIHA),Syk,N/A,China,0.0,N/A,,,,,口服Syk抑制剂，中国首创,,,,自免,,,,
CH012,YL201,宜联生物,,N/A,实体瘤,B7-H3,N/A,China,0.0,N/A,,,,,TMALIN平台ADC，技术平台已授权多家MNC,,,,肿瘤/自免,,,,
CH013,YL202,宜联生物/BioNTech,,N/A,晚期实体瘤,HER3,N/A,全球,0.0,N/A,,,,,HER3 ADC，FDA部分搁置后恢复,,,,肿瘤,,,,
CH014,YL205,宜联生物,,N/A,卵巢癌 | 肺癌,NaPi2b,N/A,China,0.0,N/A,,,,,NaPi2b靶向ADC，TMALIN平台,,,,肿瘤,,,,
CH015,DB-2304,映恩生物,,N/A,系统性红斑狼疮(SLE) | 皮肤型红斑狼疮(CLE),BDCA2,N/A,全球,0.0,N/A,,,,,全球首款针对自免的BDCA2 ADC，DIMAC平台,,,,自免,,,,
CH016,DB-1419,映恩生物,,N/A,实体瘤,B7-H3/PD-L1,N/A,全球,0.0,N/A,,,,,潜在FIC双抗ADC,,,,肿瘤,,,,
CH017,CM310,康诺亚,,N/A,特应性皮炎 | 慢性鼻窦炎伴鼻息肉 | 过敏性鼻炎 | 哮喘 | COPD,IL-4Rα,N/A,China,0.0,N/A,,,,,国产首个IL-4Rα单抗，对标达必妥,,,,自免,,,,
CH018,CM326,康诺亚,,N/A,哮喘 | 慢性鼻窦炎伴鼻息肉 | 特应性皮炎,TSLP,N/A,China,0.0,N/A,,,,,TSLP单抗，自免管线第二梯队,,,,自免,,,,
CH019,CM338,康诺亚,,N/A,IgA肾病,MASP-2,N/A,China,0.0,N/A,,,,,MASP-2单抗，补体通路抑制剂,,,,自免,,,,
CH020,CM336,康诺亚/Platina,,N/A,免疫性血小板减少症 | 自身免疫性溶血性贫血 | SLE | 干燥症,BCMA/CD3,N/A,China,0.0,N/A,,,,,BCMA/CD3双抗，已向Ouro Medicines授权海外权益,,,,自免/肿瘤,,,,
CH021,CM355,康诺亚,,N/A,B细胞相关自免疾病,CD20/CD3,N/A,China,0.0,N/A,,,,,CD20/CD3双抗,,,,自免/肿瘤,,,,
CH022,CM512,康诺亚,,N/A,特应性皮炎,TSLP/IL-13,N/A,China,0.0,N/A,,,,,新一代AD治疗双抗，授权Belenos,,,,自免,,,,
CH023,KN046,康宁杰瑞,,N/A,鳞状非小细胞肺癌 | 胰腺导管腺癌,PD-L1/CTLA-4,N/A,China,0.0,N/A,,,,,PD-L1/CTLA-4双抗，两次揭盲失败后重新布局,,,,肿瘤/自免,,,,
CH024,JSKN003,康宁杰瑞/石药,,N/A,HER2低表达乳腺癌,HER2,N/A,China,0.0,N/A,,,,,HER2 ADC，糖基定点偶联技术,,,,肿瘤,,,,
CH025,JSKN016,康宁杰瑞,,N/A,NSCLC,未披露,N/A,China,0.0,N/A,,,,,双抗ADC，快速患者招募,,,,肿瘤,,,,
CH026,SSGJ-608,三生国健,,N/A,中重度斑块状银屑病 | 强直性脊柱炎,IL-17A,N/A,China,0.0,N/A,,,,,抗IL-17A单抗，已递交上市申请,,,,自免,,,,
CH027,SSGJ-610,三生国健,,N/A,重度嗜酸性粒细胞哮喘,IL-5,N/A,China,0.0,N/A,,,,,抗IL-5单抗,,,,自免,,,,
CH028,SSGJ-611,三生国健,,N/A,成人中重度特应性皮炎 | 慢性鼻窦炎伴鼻息肉 | COPD,IL-4Rα,N/A,China,0.0,N/A,,,,,抗IL-4Rα单抗,,,,自免,,,,
CH029,SSGJ-613,三生国健,,N/A,急性痛风性关节炎,IL-1β,N/A,China,0.0,N/A,,,,,抗IL-1β单抗，已完成III期递交NDA,,,,自免,,,,
CH030,SSGJ-626,三生国健,,N/A,系统性红斑狼疮 | 皮肤型红斑狼疮,BDCA2,N/A,China,0.0,N/A,,,,,国内首个进入临床的抗BDCA2单抗,,,,自免,,,,
CH031,SSGJ-627,三生国健,,N/A,溃疡性结肠炎,TL1A,N/A,China,0.0,N/A,,,,,国内首个申报临床的抗TL1A单抗,,,,自免,,,,
CH032,SSGJ-707,三生制药/辉瑞,,N/A,NSCLC,PD-1/VEGF,N/A,China,0.0,N/A,,,,,60.5亿美元授权辉瑞，刷新中国创新药出海首付款纪录,,,,肿瘤/自免,,,,
CH033,汉达远,复宏汉霖,,N/A,类风湿关节炎 | 强直性脊柱炎 | 银屑病,TNF-α,N/A,China,0.0,N/A,,,,,阿达木单抗生物类似药,,,,自免,,,,
CH034,HLX43,复宏汉霖,,N/A,实体瘤,PD-L1,N/A,China,0.0,N/A,,,,,PD-L1 ADC，Hanjugator平台,,,,肿瘤,,,,
CH035,9MW2821,迈威生物,,N/A,尿路上皮癌 | 宫颈癌 | 三阴性乳腺癌,Nectin-4,N/A,China,0.0,N/A,,,,,Nectin-4 ADC，IDDC平台,,,,肿瘤,,,,
CH036,9MW1911,迈威生物,,N/A,慢性阻塞性肺疾病(COPD),ST2,N/A,China,0.0,N/A,,,,,国内首个进入临床的ST2单抗,,,,自免,,,,
CH037,君迈康,迈威生物/君实,,N/A,类风湿关节炎 | 强直性脊柱炎 | 银屑病 | 克罗恩病,TNF-α,N/A,China,0.0,N/A,,,,,阿达木单抗生物类似药,,,,自免,,,,
CH038,ATG-201,德琪医药/UCB,,N/A,B细胞相关自身免疫性疾病,CD19/CD3,N/A,全球,0.0,N/A,,,,,11.8亿美元授权优时比，AnTenGager平台,,,,自免,,,,
CH039,ATG-022,德琪医药,,N/A,胃癌,Claudin 18.2,N/A,China,0.0,N/A,,,,,CLDN18.2 ADC,,,,肿瘤,,,,
CH040,APG-2575,亚盛医药,,N/A,CLL/SLL | AML | MDS,Bcl-2,N/A,China,0.0,N/A,,,,,全球第二款获批Bcl-2抑制剂，潜在Best-in-Class,,,,血液肿瘤/自免,,,,
CH041,奥布替尼,诺诚健华,,N/A,多发性硬化(MS) | 免疫性血小板减少症(ITP) | SLE,BTK,N/A,China,0.0,N/A,,,,,BTK抑制剂，自免适应症全球开发,,,,自免/肿瘤,,,,
CH042,ICP-332,诺诚健华,,N/A,特应性皮炎 | 银屑病,TYK2,N/A,China,0.0,N/A,,,,,TYK2抑制剂,,,,自免,,,,
CH043,ICP-488,诺诚健华,,N/A,银屑病 | 白癜风,TYK2,N/A,China,0.0,N/A,,,,,TYK2抑制剂,,,,自免,,,,
CH044,QX002N,荃信生物,,N/A,强直性脊柱炎,IL-17A,N/A,China,0.0,N/A,,,,,抗IL-17A单抗,,,,自免,,,,
CH045,QX005N,荃信生物,,N/A,特应性皮炎 | 结节性痒疹 | 慢性鼻窦炎伴鼻息肉,IL-4Rα,N/A,China,0.0,N/A,,,,,抗IL-4Rα单抗，与华东医药合作,,,,自免,,,,
CH046,QX004N,荃信生物,,N/A,斑块银屑病,IL-23p19,N/A,China,0.0,N/A,,,,,抗IL-23p19单抗,,,,自免,,,,
CH047,Mufemilast,和美药业,,N/A,银屑病 | 白塞病 | 银屑病关节炎 | 强直性脊柱炎 | 特应性皮炎 | 溃疡性结肠炎 | COPD | 克罗恩病,PDE4B,N/A,China,0.0,N/A,,,,,潜在同类首创PDE4B抑制剂，双重作用机制,,,,自免,,,,
CH048,Obexelimab,泽纳仕生物/Xencor,,N/A,IgG4相关疾病 | 多发性硬化 | SLE,CD19/FcγRIIb,N/A,China,0.0,N/A,,,,,CD19/FcγRIIb双抗，下调B细胞活性,,,,自免,,,,
CH049,PM8002,普米斯/BioNTech,,N/A,TNBC | SCLC | NSCLC,PD-L1/VEGF,N/A,全球,0.0,N/A,,,,,PD-L1/VEGF双抗，9.5亿美元被BioNTech收购,,,,肿瘤,,,,
CH050,PM1080,普米斯/翰森,,N/A,NSCLC,EGFR/cMet,N/A,全球,0.0,N/A,,,,,EGFR/cMet双抗，授权翰森用于ADC开发,,,,肿瘤,,,,
CH051,EMB-06,岸迈生物/Vignette,,N/A,自身免疫性疾病,BCMA/CD3,N/A,China,0.0,N/A,,,,,BCMA/CD3双抗，授权Vignette Bio,,,,自免,,,,
CH052,GR1803,智翔金泰,,N/A,系统性红斑狼疮,BCMA/CD3,N/A,China,0.0,N/A,,,,,BCMA/CD3双抗，自免适应症III期,,,,自免,,,,
W19-ADC-001,DB-2304,DualityBio,映恩生物,Phase 1,系统性红斑狼疮(SLE) | 皮肤型红斑狼疮(CLE),BDCA2,N/A,China,0.0,"招股说明书, HKEX公告",,,,,,,,,自免,,,,
W19-ADC-002,LFD-200,Lifordi Immunotherapeutics,Lifordi,Phase 1,类风湿关节炎(RA) | 炎症性疾病,VISTA,N/A,美国,0.0,"Lifordi官网, 公司PR",,,,,,,,,自免,,,,
W19-ADC-003,ABBV-3373,AbbVie,艾伯维,Phase 2 (已终止),类风湿关节炎,TNF-α,N/A,美国,0.0,"ClinicalTrials.gov, 文献",,,,,,,,,自免,,,,
W19-ADC-004,SHR-4597,Hengrui Medicine,恒瑞医药,Phase 2,支气管哮喘,IL-4Rα,N/A,China,0.0,"恒瑞医药公告, AdisInsight",,,,,,,,,自免/呼吸,,,,
W19-ADC-005,BDCA2-ADC,InnoCare,诺诚健华,Preclinical,系统性红斑狼疮,BDCA2,N/A,China,0.0,HKEX公告,,,,,,,,,自免,,,,
W19-ADC-006,XMT-2056,Mersana Therapeutics,Mersana,Phase 1,HER2+实体瘤,HER2,N/A,美国,0.0,"Mersana官网, 公司公告",,,,,,,,,肿瘤/自免,,,,
W19-ADC-007,BDC-1001,Bolt Biotherapeutics,Bolt Biotherapeutics,Phase 2,HER2+实体瘤,HER2,N/A,美国,0.0,ClinicalTrials.gov,,,,,,,,,肿瘤,,,,
W19-ADC-008,ADCT-211,ADC Therapeutics,ADC Therapeutics,Preclinical,胶质母细胞瘤 | 黑色素瘤,IL-13Rα2,N/A,United States,0.0,AACR会议,,,,,,,,,肿瘤,,,,
W19-ADC-009,GlycoConnect平台,Synaffix,Synaffix (Lonza),技术平台,,N/A,N/A,荷兰,0.0,"Nature, 公司公告",,,,,,,,,平台技术,,,,
W19-ADC-010,P5技术平台,Tubulis,Tubulis,技术平台,,N/A,N/A,Germany,0.0,Drug Target Review,,,,,,,,,平台技术,,,,
W19-ADC-011,XpressCF+平台,Sutro Biopharma,Sutro Biopharma,技术平台,,N/A,N/A,美国,0.0,公司公告,,,,,,,,,平台技术,,,,
W19-ADC-012,TAC-001,Tallac Therapeutics,Tallac Therapeutics,Phase 1/2,实体瘤,TBD,N/A,美国,0.0,BioSpace,,,,,,,,,肿瘤,,,,
W19-ADC-013,ISAC平台,Seagen,Seagen (Pfizer),技术平台,,多种,N/A,美国,0.0,AACR会议,,,,,,,,,技术平台,,,,
W19-ADC-014,IBI3007,信达生物,信达生物,Preclinical,实体瘤,Trop-2,N/A,China,0.0,AACR 2024,,,,,,,,,肿瘤,,,,
W19-ADC-015,ISAC管线,荣昌生物,荣昌生物,技术平台,,多种,N/A,China,0.0,公司公告,,,,,,,,,技术平台,,,,
W19-ADC-016,BR111,Boerui Biopharmaceutical,博锐生物,Phase 1,ROR1阳性血液瘤 | 实体瘤,ROR1,N/A,China,0.0,公司公告,,,,,,,,,肿瘤,,,,
W19-ADC-017,BRY812,Boerui Biopharmaceutical,博锐生物,Phase Ib/II,晚期恶性肿瘤,LIV-1,N/A,China,0.0,公司公告,,,,,,,,,肿瘤,,,,
W19-ADC-018,BDCA2抗体,三生国健,三生国健,IND申请,系统性红斑狼疮,BDCA2,N/A,China,0.0,CDE公告,,,,,,,,,自免,,,,
W19-ADC-019,BIIB059,Biogen,渤健,Phase 2,系统性红斑狼疮 | 皮肤型红斑狼疮,BDCA2,N/A,美国,0.0,"JCI, PMC",,,,,,,,,自免,,,,
W19-ADC-020,DIMAC平台,DualityBio,映恩生物,技术平台,,多种,N/A,China,0.0,招股说明书,,,,,,,,,平台技术,,,,
W19-ADC-021,ISAC管线,Hengrui Medicine,恒瑞医药,技术平台,,多种,N/A,China,0.0,智慧芽,,,,,,,,,技术平台,,,,
W19-ADC-022,HER2-ISAC,Daiichi Sankyo,第一三共,Preclinical,HER2+实体瘤,HER2,N/A,Japan,0.0,文献,,,,,,,,,肿瘤,,,,
W19-ADC-023,STING-ISAC,F-Star Therapeutics,F-Star,Preclinical,实体瘤,多种,N/A,英国,0.0,文献,,,,,,,,,肿瘤,,,,
W19-ADC-024,TROP2-ISAC,Innovent Biologics,信达生物,Preclinical,实体瘤,Trop-2,N/A,China,0.0,AACR 2024,,,,,,,,,肿瘤,,,,
W19-ADC-025,HB2198,Hinge Bio,Hinge Bio,Preclinical,狼疮性肾炎 | SLE,CD19/CD20,N/A,美国,0.0,"JASN, Scientific Reports",,,,,,,,,自免,,,,
W19-ADC-026,LY3541860,Eli Lilly,礼来,Preclinical,自身免疫疾病,CD19,N/A,美国,0.0,JCI,,,,,,,,,自免,,,,
W19-ADC-027,STRO-004,Sutro Biopharma,Sutro Biopharma,IND申请中,实体瘤,组织因子,N/A,美国,0.0,公司公告,,,,,,,,,肿瘤,,,,
W19-ADC-028,Dual-Payload ADC,Sutro Biopharma,Sutro Biopharma,Preclinical,实体瘤,多种,N/A,美国,0.0,公司公告,,,,,,,,,肿瘤,,,,
W19-ADC-029,iADC,Sutro Biopharma,Sutro Biopharma,Preclinical,实体瘤,多种,N/A,美国,0.0,公司公告,,,,,,,,,肿瘤,,,,
W19-ADC-030,SYNtecan平台,Genmab/Synaffix,Genmab,技术平台,,N/A,N/A,荷兰/丹麦,0.0,Synaffix公告,,,,,,,,,平台技术,,,,
W19-ADC-031,TUB-030,Tubulis,Tubulis,临床前,实体瘤,5T4,N/A,Germany,0.0,公司公告,,,,,,,,,肿瘤,,,,
W19-ADC-032,TUB-040,Tubulis,Tubulis,Phase I/IIa,铂耐药卵巢癌,NaPi2b,N/A,Germany,0.0,FDA公告,,,,,,,,,肿瘤,,,,
W19-ADC-033,EO-1022,Elevation Oncology,Elevation Oncology,开发中,HER3+实体瘤,HER3,N/A,美国,0.0,公司公告,,,,,,,,,肿瘤,,,,
W19-ADC-034,DITAC平台,DualityBio,映恩生物,技术平台,,多种,N/A,China,0.0,招股说明书,,,,,,,,,平台技术,,,,
W19-ADC-035,DIBAC平台,DualityBio,映恩生物,技术平台,,多种,N/A,China,0.0,招股说明书,,,,,,,,,平台技术,,,,
W19-ADC-036,DUPAC平台,DualityBio,映恩生物,技术平台,,多种,N/A,China,0.0,招股说明书,,,,,,,,,平台技术,,,,
W19-ADC-037,IgG(XE114)-ISAC,University of Milan,米兰大学,Preclinical,肾癌,CAIX,N/A,意大利,0.0,文献,,,,,,,,,肿瘤,,,,
W19-ADC-038,淋巴管调节专利,University of Virginia,弗吉尼亚大学,技术平台,神经系统自身免疫病,淋巴管,N/A,美国,0.0,Cell杂志,,,,,,,,,神经自免,,,,
W19-ADC-039,自身免疫病诊断与治疗专利,Oxford University,牛津大学,技术平台,神经系统自身免疫病,多种,N/A,英国,0.0,多个期刊,,,,,,,,,神经自免,,,,
W19-ADC-040,SHR-2173,Hengrui Medicine,恒瑞医药,获批临床,系统性红斑狼疮,免疫细胞,N/A,China,0.0,恒瑞医药公告,,,,,,,,,自免,,,,
W19-ADC-041,双特异性ADC,Cidara Therapeutics,Cidara Therapeutics,Preclinical,细菌感染,细菌靶点,N/A,美国,0.0,Nature,,,,,,,,,抗感染/自免,,,,
W19-ADC-042,泽贝妥单抗,博锐生物,博锐生物,Phase 3/临床,原发免疫性血小板减少症(ITP) | SLE,CD20,N/A,China,0.0,公司公告,,,,,,,,,自免,,,,
W19-ADC-043,ICP-B794,InnoCare,诺诚健华,IND申请中,实体瘤,B7-H3,N/A,China,0.0,HKEX公告,,,,,,,,,肿瘤,,,,
W19-ADC-044,Vibativ ADC技术,Genentech/Roche,基因泰克/罗氏,技术平台,,多种,N/A,美国,0.0,文献,,,,,,,,,技术平台,,,,
W19-ADC-045,非天然氨基酸技术,Ambrx,Ambrx,技术平台,,多种,N/A,美国,0.0,文献,,,,,,,,,技术平台,,,,
W19-ADC-046,ARX788,ARX788,新码生物/Ambrx,Phase 3,HER2+乳腺癌,HER2,N/A,China,0.0,文献,,,,,,,,,肿瘤,,,,
W19-ADC-047,Zynlonta,ADC Therapeutics,ADC Therapeutics,获批上市,大B细胞淋巴瘤,CD19,N/A,United States,0.0,FDA,,,,,,,,,肿瘤,,,,
W19-ADC-048,CD25-ADC,ADC Therapeutics,ADC Therapeutics,临床前,淋巴瘤 | 自免,CD25,N/A,United States,0.0,公司公告,,,,,,,,,肿瘤/自免,,,,
W19-ADC-049,Adcetris,Seagen,Seagen,获批上市,霍奇金淋巴瘤,CD30,N/A,美国,0.0,FDA,,,,,,,,,肿瘤,,,,
W19-ADC-050,Kadcyla,Roche/Genentech,罗氏/基因泰克,获批上市,HER2+乳腺癌,HER2,N/A,United States,0.0,FDA,,,,,,,,,肿瘤,,,,
W19-ADC-051,Enhertu,第一三共/AZ,第一三共/阿斯利康,获批上市,HER2+乳腺癌 | HER2-low乳腺癌,HER2,N/A,日本/英国,0.0,FDA,,,,,,,,,肿瘤,,,,
W19-ADC-052,Trodelvy,Gilead/Immunomedics,吉利德,获批上市,三阴性乳腺癌,Trop-2,N/A,美国,0.0,FDA,,,,,,,,,肿瘤,,,,
W19-ADC-053,Datroway,AstraZeneca/Daiichi,阿斯利康/第一三共,获批上市,HR+/HER2-乳腺癌,Trop-2,N/A,United States,0.0,FDA,,,,,,,,,肿瘤,,,,
W19-ADC-054,Padcev,Pfizer,辉瑞,获批上市,尿路上皮癌,Nectin-4,N/A,美国,0.0,FDA,,,,,,,,,肿瘤,,,,
W19-ADC-055,维迪西妥单抗,荣昌生物,荣昌生物,获批上市,HER2+胃癌 | 尿路上皮癌,HER2,N/A,China,0.0,NMPA,,,,,,,,,肿瘤,,,,
W19-ADC-056,Elahere,ImmunoGen/华东医药,ImmunoGen,获批上市,卵巢癌,FRα,N/A,美国,0.0,FDA,,,,,,,,,肿瘤,,,,
W19-ADC-057,Blenrep,GSK,GSK,获批上市(后撤市),多发性骨髓瘤,BCMA,N/A,英国,0.0,FDA,,,,,,,,,肿瘤,,,,
W19-ADC-058,Akalux,Rakuten Medical,Rakuten Medical,获批上市(日本),头颈癌,EGFR,N/A,Japan,0.0,PMDA,,,,,,,,,肿瘤,,,,
W19-ADC-059,Tivdak,Genmab/Seagen,Genmab,获批上市,宫颈癌,TF(组织因子),N/A,United States,0.0,FDA,,,,,,,,,肿瘤,,,,
W19-ADC-060,ABBV-154,AbbVie,艾伯维,已终止,类风湿关节炎,TNF-α,N/A,美国,0.0,公司公告,,,,,,,,,自免,,,,
W19-ADC-061,Lenabasum,Corbus Pharmaceuticals,Corbus Pharmaceuticals,Phase 3,系统性硬化症 | 皮肌炎,CB2受体,N/A,美国,0.0,ClinicalTrials.gov,,,,,,,,,自免,,,,
W19-ADC-062,IBI3001,Innovent,信达生物,Preclinical,实体瘤,B7-H3/EGFR,N/A,China,0.0,AACR 2024,,,,,,,,,肿瘤,,,,
W19-ADC-063,IBI343,Innovent,信达生物,Preclinical,实体瘤,Claudin18.2,N/A,China,0.0,AACR 2024,,,,,,,,,肿瘤,,,,
W19-ADC-064,DB-1419,DualityBio,映恩生物,Preclinical,实体瘤,B7-H3/PD-L1,N/A,China,0.0,招股说明书,,,,,,,,,肿瘤,,,,
W19-ADC-065,DB-1418,DualityBio,映恩生物,Phase 1,实体瘤,HER3/EGFR,N/A,China,0.0,招股说明书,,,,,,,,,肿瘤,,,,
W19-ADC-066,BR102,Boerui Biopharmaceutical,博锐生物,临床,恶性肿瘤,PD-L1/TGF-β,N/A,China,0.0,公司公告,,,,,,,,,肿瘤,,,,
W19-ADC-067,SHR-1819,Hengrui Medicine,恒瑞医药,Phase 3,特应性皮炎,IL-4Rα,N/A,China,0.0,国投证券研报,,,,,,,,,自免,,,,
W19-ADC-068,双抗ADC管线,Zymeworks,Zymeworks,Preclinical,实体瘤,多种,N/A,Canada,0.0,AACR,,,,,,,,,肿瘤,,,,
W20-001,KT-474 (SAR444656),Kymera Therapeutics/Sanofi,,Phase 2,Hidradenitis Suppurativa | Atopic Dermatitis | Rheumatoid Arthritis,IRAK4,IRAK4 degradation blocking TLR/IL-1R signaling,United States,0.0,N/A,,,,,,,,,,,Active - Ongoing trials,,
W20-002,KT-621,Kymera Therapeutics,,Phase 1b/2,Atopic Dermatitis | Asthma | COPD | CRSwNP | Eosinophilic Esophagitis,STAT6,STAT6 degradation blocking IL-4/IL-13 signaling pathway,United States,0.0,N/A,,,,,,,,,,,Active - Phase 1 data reported 2025,,
W20-003,KT-295,Kymera Therapeutics,,Phase 1,Inflammatory Bowel Disease | Psoriasis | Other IL-12/23-driven diseases,TYK2,"TYK2 degradation blocking Type I IFN, IL-12 and IL-23 signaling",United States,0.0,N/A,,,,,,,,,,,Active - IND filed 2025,,
W20-004,NX-5948 (Bexobrutideg),Nurix Therapeutics,,Phase 1,Autoimmune Hemolytic Anemia | B-cell Malignancies | Inflammation/Autoimmune,BTK,BTK degradation with brain penetration,United States,0.0,N/A,,,,,,,,,,,Active - Autoimmune expansion planned 2025,,
W20-005,NX-2127,Nurix Therapeutics,,Phase 1a/1b,Aggressive Lymphomas,BTK + IKZF1/3,Dual degradation of BTK and cereblon neosubstrates Ikaros/Aiolos,United States,0.0,N/A,,,,,,,,,,,Active - Re-initiated enrollment March 2024,,
W20-006,GS-6791 (NX-0479),Nurix Therapeutics/Gilead,,Preclinical/Clinical,Rheumatoid Arthritis | Other Inflammatory Diseases,IRAK4,Selective IRAK4 degradation,United States,0.0,N/A,,,,,,,,,,,Active,,
W20-007,STAT6 Degrader,Nurix Therapeutics/Sanofi,,Preclinical,Type 2 Inflammatory Diseases,STAT6,STAT6 degradation for Th2 pathway inhibition,United States,0.0,N/A,,,,,,,,,,,Active - DC nomination H1 2025,,
W20-008,MRT-6160,Monte Rosa Therapeutics/Novartis,,Phase 1,Rheumatoid Arthritis | Systemic Lupus Erythematosus | Sjögren's Disease | IBD,VAV1,VAV1 degradation attenuating T and B cell effector functions,United States,0.0,N/A,,,,,,,,,,,Active - Phase 1 data Q1 2025,,
W20-009,MRT-8102,Monte Rosa Therapeutics,,Phase 1,Acute Inflammatory Conditions | Cardiovascular Disease | NLRP3-driven diseases,NEK7,"NEK7-directed MGD targeting NLRP3 inflammasome, IL-1β and IL-6",United States,0.0,N/A,,,,,,,,,,,Active - Positive interim data reported Jan 2026,,
W20-010,ARV-393,Arvinas,,Phase 1,Non-Hodgkin Lymphoma | B-cell Malignancies | Autoimmune (potential),BCL6,BCL6 degradation affecting Tfh and B cell differentiation,United States,0.0,N/A,,,,,,,,,,,Active,,
W20-011,BGB-16673,BeiGene (百济神州),,Phase 3,CLL | B-cell Malignancies | Autoimmune (planned),BTK,BTK degradation eliminating scaffolding function and resistance mutations,China,0.0,N/A,,,,,,,,,,,Active - First BTK PROTAC in Phase 3,,
W20-012,BGB-45035,BeiGene (百济神州),,Phase 1/2,Autoimmune Diseases | Rheumatoid Arthritis | Atopic Dermatitis,IRAK4,IRAK4 degradation for TLR/IL-1R pathway inhibition,China,0.0,N/A,,,,,,,,,,,Active,,
W20-013,HSK29116,Haisco (海思科),,Phase 1,B-cell Lymphoma | Autoimmune Diseases,BTK,BTK degradation,China,0.0,N/A,,,,,,,,,,,Active,,
W20-014,HP518,Hicure Pharma (海创药业),,Phase 2,Prostate Cancer,AR,AR degradation (wild-type and mutant),China,0.0,N/A,,,,,,,,,,,Active - First oral AR PROTAC in China clinical trials,,
W20-015,HP568,Hicure Pharma (海创药业),,Phase 1,ER+/HER2- Breast Cancer,ER,ERα degradation,China,0.0,N/A,,,,,,,,,,,Active,,
W20-016,HRS-5041,Hengrui Medicine (恒瑞医药),,Phase 1/2,Prostate Cancer,AR,AR degradation,China,0.0,N/A,,,,,,,,,,,Active,,
W20-017,ICP-490,Innocare (诺诚健华),,Phase 1,Multiple Myeloma | Non-Hodgkin Lymphoma | Autoimmune potential,IKZF1/3,IKZF1 and IKZF3 degradation via CRL4CRBN,China,0.0,N/A,,,,,,,,,,,Active,,
W20-018,KPG-121,Kangpu Biopharma (康朴生物),,Phase 2/3,mCRPC,IKZF1/3 + CK1α,"Degradation of IKZF1, IKZF3 and CK1α",China,0.0,N/A,,,,,,,,,,,Active - FDA approved for Phase 2/3 June 2024,,
W20-019,KPG-818,Kangpu Biopharma (康朴生物),,Phase 1,Autoimmune Diseases,IKZF1/3,Selective IKZF1/3 degradation,China,0.0,N/A,,,,,,,,,,,Active,,
W20-020,GLB-002,Glabstone Biosciences,,Phase 1,Non-Hodgkin Lymphoma,IKZF1/3,Novel cereblon modulator selectively targeting IKZF1/3,United States,0.0,N/A,,,,,,,,,,,Active - ASH 2025 data,,
W20-021,RIPK1 PROTAC,Academic/Various,,Preclinical,Inflammatory Diseases | Autoimmune Diseases | Immunogenic Cell Death enhancement,RIPK1,RIPK1 degradation sensitizing cells to necroptosis,International,0.0,N/A,,,,,,,,,,,Research,,
W20-022,RIPK2 Degrader,Academic,,Preclinical,Inflammatory Diseases | Autoimmune Diseases,RIPK2,RIPK2 degradation for inflammatory pathway modulation,International,0.0,N/A,,,,,,,,,,,Research,,
W20-023,L18I (BTK Degrader),Academic,,Preclinical,Rheumatoid Arthritis | Autoimmune Diseases,BTK,BTK degradation,International,0.0,N/A,,,,,,,,,,,Research,,
W20-024,DZ-837,Academic,,Preclinical,DLBCL | Autoimmune (potential),BCL6,BCL6 degradation,International,0.0,N/A,,,,,,,,,,,Research,,
W20-025,HL435 (DCAF11-based PROTAC),Academic (Li Group),,Preclinical,Cancer | Potential autoimmune applications,BRD4,BRD4 degradation via CRL4DCAF11,China,0.0,N/A,,,,,,,,,,,Research,,
W20-026,L134 (DCAF11 PROTAC),Academic,,Preclinical,Cancer,BRD4,BRD4 degradation via DCAF11,International,0.0,N/A,,,,,,,,,,,Research,,
W20-027,DBr-1 (DCAF1 PROTAC),Academic (Thoma Group),,Preclinical,Cancer,BRD9,BRD9 degradation via DCAF1,International,0.0,N/A,,,,,,,,,,,Research,,
W20-028,DBt-10 (DCAF1 BTK PROTAC),Academic,,Preclinical,B-cell Malignancies | Autoimmune,BTK,BTK degradation via DCAF1,International,0.0,N/A,,,,,,,,,,,Research,,
W20-029,SJ46421 (KLHDC2 PROTAC),Academic (Schulman Group),,Preclinical,Cancer,BRD3,BRD3 degradation via KLHDC2 C-degron,International,0.0,N/A,,,,,,,,,,,Research,,
W20-030,K2-B4-3e (KLHDC2 PROTAC),Academic (Békés Group),,Preclinical,Cancer,BRD2/3/4,BET protein degradation via KLHDC2,International,0.0,N/A,,,,,,,,,,,Research,,
W20-031,22-SLF (FBXO22 PROTAC),Academic (Zhang Group),,Preclinical,Research Tool,FKBP12,FKBP12 degradation via FBXO22,International,0.0,N/A,,,,,,,,,,,Research,,
W20-032,NEP108/NEP162 (GID4 PROTAC),Academic (Dong Group),,Preclinical,Cancer,BRD4/BRD2,BET degradation via GID4,International,0.0,N/A,,,,,,,,,,,Research,,
W20-033,MAGEA11-Recruiting PROTAC (105B),Academic (Jacobsen et al.),,Preclinical,Cancer,BET Proteins,BET degradation via tissue-specific E3 MAGEA11,International,0.0,N/A,,,,,,,,,,,Research,,
W20-034,Proxygen Molecular Glue Platform,Proxygen,,Platform,Multiple,Undisclosed,High-throughput molecular glue discovery,Austria,0.0,N/A,,,,,,,,,,,Active - Multiple partnerships,,
W20-035,Celeris One Platform,Celeris Therapeutics,,Platform,Multiple,Various,AI-driven proximity-inducing compound discovery,Austria,0.0,N/A,,,,,,,,,,,"Active - Partnerships with BI, Merck KGaA",,
W20-036,QuEEN Platform,Monte Rosa Therapeutics,,Platform,Multiple,Various,AI/ML-enabled molecular glue discovery,United States,0.0,N/A,,,,,,,,,,,Active,,
W20-037,DELigase Platform,Nurix Therapeutics,,Platform,Multiple,Various,DNA-encoded library for E3 ligase modulation,United States,0.0,N/A,,,,,,,,,,,Active,,
W20-038,Pegasus Platform,Kymera Therapeutics,,Platform,Multiple,Various,Targeted protein degradation platform,United States,0.0,N/A,,,,,,,,,,,Active,,
W20-039,HZ-Q1070,Hezheng Pharma (和正医药),,Phase 1,Hematological Tumors | Autoimmune Diseases,BTK,BTK degradation,China,0.0,N/A,,,,,,,,,,,Active,,
W20-040,CFT7455,C4 Therapeutics,,Phase 1/2,Multiple Myeloma | Non-Hodgkin Lymphoma,IKZF1/3,IKZF1/3 degradation,United States,0.0,N/A,,,,,,,,,,,Active,,
W20-041,NX-1607,Nurix Therapeutics,,Phase 1,Solid Tumors | Immuno-Oncology,CBL-B,CBL-B inhibition for immune cell activation,United States,0.0,N/A,,,,,,,,,,,Active,,
W20-042,AC0676,Accutar Biotechnology,,Phase 1,Autoimmunity | B-cell Malignancies,BTK WT + C481S,BTK degradation including C481S mutant,China/USA,0.0,N/A,,,,,,,,,,,Active,,
W20-043,Mezigdomide (CC-92480),Bristol Myers Squibb,,Phase 3,Multiple Myeloma | Autoimmune potential,IKZF1/3,Novel CELMoD degrading IKZF1/3,United States,0.0,N/A,,,,,,,,,,,Active,,
W20-044,KT-413,Kymera Therapeutics,,Phase 1,Lymphomas,IRAK4 + IMiD substrates,Dual mechanism PROTAC,United States,0.0,N/A,,,,,,,,,,,Active,,
W20-045,CRL2-KLHL22 E3 Ligase,Harvard/Novartis,,Preclinical,Multiple,Various,New E3 ligase for TPD,United States,0.0,N/A,,,,,,,,,,,Research,,
W20-046,HSP90-based Degraders (CHAMP),Various,,Preclinical,Cancer,Various,HSP90 chaperone complex-mediated degradation,International,0.0,N/A,,,,,,,,,,,Research,,
W20-047,Oral PROTAC Technology,Multiple,,Platform,Multiple,Various,Oral bioavailability optimization for PROTACs,International,0.0,N/A,,,,,,,,,,,Active,,
W20-048,VHL-based PROTACs,Various,,Clinical/Preclinical,Multiple,Various,VHL E3 ligase recruitment,International,0.0,N/A,,,,,,,,,,,Active,,
W20-049,Cereblon-based PROTACs,Multiple,,Clinical/Preclinical,Multiple,Various,CRBN E3 ligase recruitment,International,0.0,N/A,,,,,,,,,,,Active,,
W20-050,Tissue-Specific E3 Ligases (Tumor-specific),奥瑞药业 (Aurigene),,Preclinical,Cancer | Autoimmune,Various,Tumor-specific E3 ligase for PROTAC development,China,0.0,N/A,,,,,,,,,,,Research,,
W20-051,Pan-KRAS PROTAC,奥瑞药业 (Aurigene),,Preclinical,Cancer,KRAS,Pan-KRAS degradation,China,0.0,N/A,,,,,,,,,,,Research,,
W20-052,HP537,Hicure Pharma (海创药业),,Phase 1,Hematologic Malignancies,p300/CBP,p300/CBP inhibitor,China,0.0,N/A,,,,,,,,,,,Active,,
W20-053,HP560,Hicure Pharma (海创药业),,Phase 1,Myelofibrosis,BET,BET inhibitor,China,0.0,N/A,,,,,,,,,,,Active,,
W20-054,CC-90009,Celgene (Bristol Myers Squibb),,Phase 1,Acute Myeloid Leukemia,GSPT1,GSPT1 degradation,United States,0.0,N/A,,,,,,,,,,,Active,,
W20-055,DT2216,Dialectic Therapeutics,,Phase 1,Hematologic Malignancies,BCL-XL,BCL-XL degradation,United States,0.0,N/A,,,,,,,,,,,Active,,
W20-056,ARV-102,Arvinas,,Phase 1,Parkinson's Disease | Progressive Supranuclear Palsy,LRRK2,LRRK2 degradation,United States,0.0,N/A,,,,,,,,,,,Active,,
W20-057,ARV-027,Arvinas,,Phase 1,Spinal Bulbar Muscular Atrophy,polyQ-AR,Polyglutamine-expanded AR degradation,United States,0.0,N/A,,,,,,,,,,,Active,,
W20-058,ARV-6723,Arvinas,,Phase 1,Advanced Solid Tumors,HPK1,HPK1 degradation for immuno-oncology,United States,0.0,N/A,,,,,,,,,,,Planned - Mid-2026,,
W20-059,ARV-806,Arvinas,,Phase 1,Solid Tumors,KRAS G12D,KRAS G12D degradation,United States,0.0,N/A,,,,,,,,,,,Active,,
W20-060,Bavdegalutamide (ARV-110),Arvinas,,Phase 2/3,Prostate Cancer,AR,AR degradation,United States,0.0,N/A,,,,,,,,,,,Active,,
W20-061,Vepdegestrant (ARV-471),Arvinas/Pfizer,,Phase 3/NDA,ER+/HER2- Breast Cancer,ER,ER degradation,United States,0.0,N/A,,,,,,,,,,,"NDA submitted - PDUFA June 5, 2026",,
W20-062,QLH12016,Qilu Pharma (齐鲁制药),,Phase 1,Prostate Cancer,AR,AR degradation,China,0.0,N/A,,,,,,,,,,,Active,,
W20-063,Luxdegalutamide,Arvinas/Novartis,,Phase 3,Prostate Cancer,AR,AR degradation,United States,0.0,N/A,,,,,,,,,,,Active,,
W20-064,HP515,Hicure Pharma (海创药业),,Phase 1,NASH/MASH,THR-β,THR-β agonist,China,0.0,N/A,,,,,,,,,,,Active,,
W20-065,CFT1946,C4 Therapeutics/Bristol Myers Squibb,,Phase 1/2,V600 Mutant Cancers,BRAF V600,BRAF V600 degradation,United States,0.0,N/A,,,,,,,,,,,Active,,
W21-001,CABA-201,Cabaletta Bio,,Phase 1/2,SLE | Lupus Nephritis | Myositis | Systemic Sclerosis | Myasthenia Gravis | Pemphigus Vulgaris,N/A,N/A,United States,0.0,N/A,,,,,"全人源CD19 CAR-T, RESET临床试验系列",,,,,,,,
W21-002,DSG3-CAART,Cabaletta Bio,,Phase 1,Mucosal Pemphigus Vulgaris,N/A,N/A,United States,0.0,N/A,,,,,"抗原特异性CAR-T, DesCAARTes试验",,,,,,,,
W21-003,MuSK-CAART,Cabaletta Bio,,Phase 1,MuSK Myasthenia Gravis,N/A,N/A,United States,0.0,N/A,,,,,靶向MuSK自身抗体,,,,,,,,
W21-004,KYV-101,Kyverna Therapeutics,,Phase 1/2,Lupus Nephritis | Systemic Sclerosis | Myasthenia Gravis | Multiple Sclerosis,N/A,N/A,United States,0.0,N/A,,,,,"全人源CD19 CAR-T, 上市于NASDAQ",,,,,,,,
W21-005,KYV-201,Kyverna Therapeutics,,Preclinical,B cell-driven Autoimmune Diseases,N/A,N/A,United States,0.0,N/A,,,,,体外基因编辑的同种异体CAR-T,,,,,,,,
W21-006,Descartes-08,Cartesian Therapeutics,,Phase 2b/3,Generalized Myasthenia Gravis | SLE | Myositis,N/A,N/A,United States,0.0,N/A,,,,,"mRNA CAR-T无需清淋化疗, AURORA三期进行中",,,,,,,,
W21-007,Descartes-15,Cartesian Therapeutics,,Preclinical,Autoimmune Diseases,N/A,N/A,United States,0.0,N/A,,,,,下一代mRNA BCMA CAR-T,,,,,,,,
W21-008,GC012F,亘喜生物 (Gracell),,Phase 1/2 (IIT),SLE | Multiple Myeloma,N/A,N/A,China,0.0,N/A,,,,,"FasTCAR次日生产技术, 阿斯利康12亿美元收购",,,,,,,,
W21-009,Relma-cel (瑞基奥仑赛),药明巨诺 (JW Therapeutics),,Phase 1,SLE | LBCL | FL,N/A,N/A,China,0.0,N/A,,,,,"已获批血液肿瘤适应症, 自免IND已获批",,,,,,,,
W21-010,伊基奥仑赛,驯鹿生物 (IASO Bio),,IND Approved,Multiple Sclerosis,N/A,N/A,China,0.0,N/A,,,,,FDA批准多发性硬化适应症IND,,,,,,,,
W21-011,CT120,驯鹿生物 (IASO Bio),,Phase 1,NHL | ALL | Autoimmune Diseases,N/A,N/A,China,0.0,N/A,,,,,"全人源双靶点CAR-T, FDA孤儿药认证",,,,,,,,
W21-012,CNCT19 (纳基奥仑赛),合源生物,,Phase 1 (IIT),Refractory Autoimmune Diseases | SLE | ANCA Vasculitis | Dermatomyositis,N/A,N/A,China,0.0,N/A,,,,,"中国首款获批白血病CAR-T, 探索自免适应症",,,,,,,,
W21-013,TyU19,邦耀生物,,IIT,Systemic Sclerosis | SLE,N/A,N/A,China,0.0,N/A,,,,,"全球首个异体通用型CAR-T用于自免, 成果发表于Cell",,,,,,,,
W21-014,BCMA-UCART,邦耀生物,,IIT,Multiple Sclerosis | Myasthenia Gravis,N/A,N/A,China,0.0,N/A,,,,,异体通用型BCMA CAR-T,,,,,,,,
W21-015,-,百暨基因 (Bio-Gene),,Phase 1/2 (IIT),Active SLE,N/A,N/A,China,0.0,N/A,,,,,CD19 CAR-T治疗活动性SLE,,,,,,,,
W21-016,MC-1-50,精准生物,,Preclinical/IIT,Refractory Autoimmune Diseases,N/A,N/A,China,0.0,N/A,,,,,靶向CD19的CAR-T细胞制剂,,,,,,,,
W21-017,CD19-CAR-DNT,瑞顺生物,,IIT,SLE,N/A,N/A,China,0.0,N/A,,,,,DNT细胞(Dual Negative T cells)平台,,,,,,,,
W21-018,-,雅科生物,,IIT,SLE,N/A,N/A,China,0.0,N/A,,,,,CD19/BCMA双靶点CAR-T细胞,,,,,,,,
W21-019,NKX019,Nkarta,,Phase 1,Lupus Nephritis | Systemic Sclerosis | Myositis | ANCA Vasculitis | SLE | Myasthenia Gravis,N/A,N/A,United States,0.0,N/A,,,,,"Allogeneic off-the-shelf CAR-NK, Ntrust-1/2试验",,,,,,,,
W21-020,CYT-503,Cytovia Therapeutics,,Preclinical,Solid Tumors | Potential Autoimmune,N/A,N/A,United States,0.0,N/A,,,,,"iPSC来源CAR-NK, TALEN基因编辑",,,,,,,,
W21-021,CYT-501,Cytovia Therapeutics,,Preclinical,Glioblastoma,N/A,N/A,United States,0.0,N/A,,,,,双靶点EGFRvIII/EGFR CAR-NK,,,,,,,,
W21-022,CYT-150,Cytovia Therapeutics,,Preclinical,Solid Tumors,N/A,N/A,United States,0.0,N/A,,,,,通用编辑型iNK细胞,,,,,,,,
W21-023,CYNK-001,Celularity,,Phase 1,Autoimmune Diseases (Potential),N/A,N/A,United States,0.0,N/A,,,,,胎盘来源异体NK细胞,,,,,,,,
W21-024,CYNK-301,Celularity,,Preclinical,AML | Potential Autoimmune,N/A,N/A,United States,0.0,N/A,,,,,膜结合IL-15增强型CAR-NK,,,,,,,,
W21-025,SBT-77-7101,Sonoma Biotherapeutics,,Phase 1,Rheumatoid Arthritis | Hidradenitis Suppurativa,N/A,N/A,United States,0.0,N/A,,,,,"抗原特异性CAR-Treg, REGULATE-RA试验",,,,,,,,
W21-026,SBT-115301,Sonoma Biotherapeutics,,Phase 1,Autoimmune Diseases,N/A,N/A,United States,0.0,N/A,,,,,"CD2结合融合蛋白, 清除活化Teff",,,,,,,,
W21-027,GNTI-122,GentiBio,,Phase 1,Type 1 Diabetes,N/A,N/A,United States,0.0,N/A,,,,,自体抗原特异性工程化Treg,,,,,,,,
W21-028,GNTI-350,GentiBio,,Preclinical,B cell-driven Autoimmune Diseases | SLE,N/A,N/A,United States,0.0,N/A,,,,,CAR-Treg双重调节B和T细胞,,,,,,,,
W21-029,GNTI-IBD,GentiBio,,Preclinical,Inflammatory Bowel Disease,N/A,N/A,United States,0.0,N/A,,,,,BMS合作开发IBD Treg疗法,,,,,,,,
W21-030,BT-202 (Enforce-T),博迪贺康 (Benethera),,Preclinical,Type 1 Diabetes | IBD | Psoriasis,N/A,N/A,China,0.0,N/A,,,,,Ryr2基因敲降将Tconv转化为Treg-like细胞,,,,,,,,
W21-031,BT-101,博迪贺康 (Benethera),,IND-enabling,Inflammatory Bowel Disease,N/A,N/A,China,0.0,N/A,,,,,口服Treg诱导小分子,,,,,,,,
W21-032,CPTX2309,Capstan Therapeutics,,Phase 1,B cell-mediated Autoimmune Diseases,N/A,N/A,United States,0.0,N/A,,,,,靶向CD8+ T细胞的tLNP递送CD19 CAR mRNA,,,,,,,,
W21-033,ESO-T01,EsoBiotec,,Phase 1,Multiple Myeloma | Autoimmune Diseases (Planned),N/A,N/A,Belgium,0.0,N/A,,,,,免疫屏蔽慢病毒载体ENaBL平台,,,,,,,,
W21-034,INT2104,Interius BioTherapeutics,,Phase 1,B-cell Malignancies | Autoimmune (Potential),N/A,N/A,United States,0.0,N/A,,,,,CD7靶向慢病毒递送CD20 CAR,,,,,,,,
W21-035,UB-VV111,Umoja Biopharma,,Preclinical,B-cell Cancers | Autoimmune (Potential),N/A,N/A,United States,0.0,N/A,,,,,CD19靶向体内CAR-T,,,,,,,,
W21-036,FT819,Fate Therapeutics,,Phase 1,SLE | Systemic Sclerosis | Myositis | AAV,N/A,N/A,United States,0.0,N/A,,,,,"现货型iPSC CAR-T, 无需清淋化疗",,,,,,,,
W21-037,FT522,Fate Therapeutics,,Phase 1,B-cell Lymphoma,N/A,N/A,United States,0.0,N/A,,,,,ADR技术减少清淋需求,,,,,,,,
W21-038,Remestemcel-L,Mesoblast,,Marketed (Japan),Acute GvHD | Crohn's Disease,N/A,N/A,Australia/USA,0.0,N/A,,,,,已上市治疗急性GvHD,,,,,,,,
W21-039,MPC-300-IV,Mesoblast,,Phase 2,Diabetes | Rheumatoid Arthritis,N/A,N/A,Australia/USA,0.0,N/A,,,,,间充质前体细胞,,,,,,,,
W21-040,Alofisel,Takeda,,Marketed (EU),Perianal Fistulas in Crohn's Disease,N/A,N/A,Japan,0.0,N/A,,,,,欧盟首个获批异体干细胞疗法,,,,,,,,
W21-041,-,Imstem Biotechnology,,Phase 1,Multiple Sclerosis,N/A,N/A,China,0.0,N/A,,,,,胚胎干细胞来源MSC,,,,,,,,
W21-042,KJ01,Kiji Therapeutics,,Preclinical,GvHD,N/A,N/A,Taiwan,0.0,N/A,,,,,IL10增强型iPSC-MSC,,,,,,,,
W21-043,KJ02,Kiji Therapeutics,,Preclinical,Inflammatory Bowel Disease | Psoriasis | CNS Disorders,N/A,N/A,Taiwan,0.0,N/A,,,,,iPSC平台多适应症,,,,,,,,
W21-044,-,SCM Lifescience,,Clinical,Autoimmune Diseases,N/A,N/A,Korea,0.0,N/A,,,,,高纯度异体MSC细胞库,,,,,,,,
W21-045,-,Orbsen Therapeutics,,Preclinical,Autoimmune Diseases,N/A,N/A,Ireland,0.0,N/A,,,,,高纯度基质细胞分离技术,,,,,,,,
W21-046,-,Carisma Therapeutics,,Preclinical,Autoimmune Diseases (Potential),N/A,N/A,United States,0.0,N/A,,,,,mRNA-LNP CAR-Macrophage,,,,,,,,
W21-047,-,Gilead/Kite,,Phase 1,B-cell Malignancies | Autoimmune (Potential),N/A,N/A,USA/China,0.0,N/A,,,,,与Pregene合作体内CAR-T,,,,,,,,
W21-048,OTX-201,Bristol Myers Squibb,,Preclinical/IND-enabling,B cell-driven Autoimmune Diseases,N/A,N/A,United States,0.0,N/A,,,,,环状RNA LNP递送CD19 CAR,,,,,,,,
W21-049,-,Lilly,,Preclinical,B cell-driven Autoimmune Diseases,N/A,N/A,United States,0.0,N/A,,,,,"环状RNA体内CAR-T, 自免适应症",,,,,,,,
W21-050,GC012F,AstraZeneca,,Phase 1,SLE | Multiple Myeloma,N/A,N/A,Global,0.0,N/A,,,,,双靶点CAR-T自免适应症,,,,,,,,
W21-051,JNJ-4528,Janssen,,Phase 2,Multiple Myeloma | Potential Autoimmune,N/A,N/A,United States,0.0,N/A,,,,,"西达基奥仑赛, 潜在自免拓展",,,,,,,,
W21-052,BMS-986393,Bristol Myers Squibb,,Phase 1,Multiple Myeloma | Potential Autoimmune,N/A,N/A,United States,0.0,N/A,,,,,BMS管线BCMA CAR-T,,,,,,,,
W21-053,KYV-101 (License),Novartis,,Phase 1/2,SLE | Other Autoimmune,N/A,N/A,Global,0.0,N/A,,,,,潜在合作/CD19 CAR-T,,,,,,,,
W21-054,GB5005,古凯基因,,Preclinical,SLE,N/A,N/A,China,0.0,N/A,,,,,CD19 CAR-T治疗SLE,,,,,,,,
W21-055,BRL-301,BRL Pharma,,Preclinical/IIT,SLE,N/A,N/A,China,0.0,N/A,,,,,邦耀生物关联公司,,,,,,,,
W21-056,HN-2301,Shenzhen MagicRNA,,Phase 2/IIT,SLE | Myasthenia Gravis,N/A,N/A,China,0.0,N/A,,,,,mRNA-LNP体内CAR-T,,,,,,,,
W21-057,JCXH-213,Immorna,,Phase 1,Cancer | Autoimmune (Potential),N/A,N/A,China,0.0,N/A,,,,,可转导T/NK/巨噬细胞的mRNA-LNP,,,,,,,,
W21-058,CTX130,CRISPR Therapeutics,,Preclinical,Autoimmune Diseases (Potential),N/A,N/A,United States,0.0,N/A,,,,,基因编辑同种异体细胞,,,,,,,,
W21-059,-,Editas Medicine,,Clinical,Sickle Cell | Potential Autoimmune,N/A,N/A,United States,0.0,N/A,,,,,基因编辑iPSC平台,,,,,,,,
W21-060,CNTY-101,Century Therapeutics,,Phase 1,B-cell Malignancies | Potential Autoimmune,N/A,N/A,United States,0.0,N/A,,,,,iPSC来源CAR-NK,,,,,,,,
W21-061,NTLA-2001,Intellia Therapeutics,,Phase 1,ATTR Amyloidosis | Potential Autoimmune,N/A,N/A,United States,0.0,N/A,,,,,体内CRISPR基因编辑,,,,,,,,
W21-062,BEAM-101,Beam Therapeutics,,Phase 1/2,Sickle Cell | Potential Autoimmune,N/A,N/A,United States,0.0,N/A,,,,,碱基编辑技术,,,,,,,,
W21-063,SC291,Sana Biotechnology,,Phase 1,B-cell Malignancies | Autoimmune (Potential),N/A,N/A,United States,0.0,N/A,,,,,低免疫原性CAR-T,,,,,,,,
W21-064,IMPT-514,Immpact Bio,,Phase 1,Refractory SLE,N/A,N/A,United States,0.0,N/A,,,,,双特异性CAR-T治疗SLE,,,,,,,,
W21-065,PLA2R-CAART,Cabaletta Bio,,Preclinical,Membranous Nephropathy,N/A,N/A,United States,0.0,N/A,,,,,PLA2R特异性CAART,,,,,,,,
W21-066,DSG3-CAART,University of Pennsylvania,,Phase 1,Pemphigus Vulgaris,N/A,N/A,United States,0.0,N/A,,,,,"学术转化, DesCAARTes试验",,,,,,,,
W21-067,MuSK-CAART,University of Pennsylvania,,Phase 1,MuSK Myasthenia Gravis,N/A,N/A,United States,0.0,N/A,,,,,MuSK-CAART学术原创,,,,,,,,
W21-068,NKX101 (已终止),Nkarta,,Discontinued,Autoimmune (Explored),N/A,N/A,United States,0.0,N/A,,,,,"已停止开发, 专注NKX019",,,,,,,,
W22-001,BioNTech Tolerizing mRNA Vaccine for MS,BioNTech,,N/A,,Myelin Autoantigens (MOG/PLP),Non-inflammatory mRNA encoding disease-related autoantigens induces antigen-specific tolerance via Treg expansion,N/A,0.0,N/A,,,,,1-methylpseudouridine-modified mRNA formulated in LNPs; suppresses EAE in mouse models without systemic immunosuppression,,,,,,,,
W22-002,Moderna mRNA-6231,Moderna,,N/A,,IL-2 Mutein,Selective expansion of regulatory T cells (Tregs) to suppress immune activity,N/A,0.0,N/A,,,,,Long-acting selective IL-2 to preferentially expand Tregs; entered clinical development in 2020,,,,,,,,
W22-003,Moderna mRNA-6981,Moderna,,N/A,,PD-L1,Expression of PD-L1 to induce immune tolerance,N/A,0.0,N/A,,,,,First indication in autoimmune hepatitis; part of Moderna's autoimmune disease expansion announced 2020,,,,,,,,
W22-004,Generation Bio ctLNP-siRNA T Cell Program,Generation Bio,,N/A,,TBD (T cell targets),Cell-targeted lipid nanoparticles deliver siRNA specifically to T cells to silence disease-driving targets,N/A,0.0,N/A,,,,,Targets CD8+ and CD4+ effector T cells and NK cells; demonstrated strong selectivity in NHP data; silent genes without affecting broader immune system,,,,,,,,
W22-005,Arrowhead ARO-RAGE,Arrowhead Pharmaceuticals,,N/A,,RAGE (Receptor for Advanced Glycation End-products),Reduces production of RAGE to attenuate inflammatory signaling,N/A,0.0,N/A,,,,,Proprietary Pulmonary TRiM platform achieves high target gene knockdown; potential for long duration of effect,,,,,,,,
W22-006,Arrowhead ARO-ALK7,Arrowhead Pharmaceuticals,,N/A,,ALK7 (Activin receptor-like kinase 7),"Silencing ALK7 in adipocytes enhances catecholamine sensitivity, increasing lipid mobilization and oxidation",N/A,0.0,N/A,,,,,First company to initiate clinical studies against this novel target; dosing initiated Q2 2025,,,,,,,,
W22-007,Arrowhead ARO-INHBE,Arrowhead Pharmaceuticals,,N/A,,INHBE (Inhibin Beta E),Reduces hepatic expression of INHBE and its secreted gene product Activin E to increase lipolysis,N/A,0.0,N/A,,,,,Genetically validated target; loss-of-function variants associated with improved fat distribution,,,,,,,,
W22-008,Silence Therapeutics SLN501 (C3 siRNA),Silence Therapeutics,,N/A,,Complement C3,Silences complement C3 to inhibit complement cascade activation,N/A,0.0,N/A,,,,,Originally developed with Mallinckrodt; rights returned to Silence in 2023,,,,,,,,
W22-009,Silence Therapeutics SLN124,Silence Therapeutics,,N/A,,TMPRSS6,Increases hepcidin levels by silencing TMPRSS6,N/A,0.0,N/A,,,,,For beta-thalassemia and MDS; Phase I data showed improved RBC production,,,,,,,,
W22-010,CRISPR Therapeutics VCTX211,CRISPR Therapeutics,,N/A,,"B2M, PD-L1 (Immune evasion genes)",Ex vivo gene-edited pancreatic endoderm cells with immune evasion modifications,N/A,0.0,N/A,,,,,Allogeneic stem cell-derived islets with CRISPR edits for immune evasion delivered via cell-retention device,,,,,,,,
W22-011,Intellia NTLA-2002,Intellia Therapeutics,,N/A,,KLKB1 (Kallikrein B1),Gene knockout to reduce plasma kallikrein production and bradykinin levels,N/A,0.0,N/A,,,,,LNP-delivered CRISPR; single IV dose approach; targets liver cells,,,,,,,,
W22-012,Intellia NTLA-3001,Intellia Therapeutics,,N/A,,SERPINA1,Knockout of mutant alpha-1 antitrypsin protein production,N/A,0.0,N/A,,,,,Targets liver to prevent lung damage from mutant AAT accumulation,,,,,,,,
W22-013,Ionis Antisense Immunomodulatory Programs,Ionis Pharmaceuticals,,N/A,,Various immune targets,Antisense-mediated modulation of immune gene expression,N/A,0.0,N/A,,,,,Extensive ASO platform; exploring applications in immune modulation beyond neurology and cardiometabolic,,,,,,,,
W22-014,Ionis-Sarepta PMO Exon Skipping Collaboration,Ionis/Sarepta,,N/A,,Dystrophin exons,Exon skipping to restore dystrophin production,N/A,0.0,N/A,,,,,Sarepta's PPMO platform enhances tissue penetration; potential applications in immune modulation,,,,,,,,
W22-015,Sarepta MyoAAV Gene Therapy,Sarepta Therapeutics,,N/A,,Muscle-specific delivery,Engineered AAV with enhanced muscle tropism and reduced liver delivery,N/A,0.0,N/A,,,,,Licensed from Broad Institute; 25-50x greater gene expression in skeletal muscle vs natural serotypes; 50% reduced liver delivery,,,,,,,,
W22-016,Sarepta Elevidys (delandistrogene moxeparvovec),Sarepta Therapeutics,,N/A,,Micro-dystrophin,Delivers micro-dystrophin gene to muscle cells,N/A,0.0,N/A,,,,,AAVrh74.MHCK7.micro-dystrophin; approved for ambulatory and non-ambulatory patients; MHCK7 promoter drives strong cardiac expression,,,,,,,,
W22-017,exosome-AAV Foxp3 Gene Therapy,Academic/Preclinical,,N/A,,Foxp3 (CD4-targeted),CD4-targeted exo-AAV delivers Foxp3 to restore Treg-mediated immune tolerance,N/A,0.0,N/A,,,,,Engineered exosomes expressing CD4-targeting antibody encapsulating AAV6/Foxp3; enhanced lymphoid cell specificity,,,,,,,,
W22-018,Olipass Cyclotide-Peptide siRNA Delivery,Olipass,,N/A,,Various inflammatory targets,Cyclotide peptides enable cell-penetrating siRNA delivery,N/A,0.0,N/A,,,,,"Cyclotide technology enables systemic peptide-mediated delivery of siRNA; targets include TNF, IL-6, IL-17 pathways",,,,,,,,
W22-019,Kyverna KYV-101,Kyverna Therapeutics,,N/A,,CD19,Depletion of CD19+ B cells to reset autoimmune response,N/A,0.0,N/A,,,,,Autoimmune-specific CAR-T approach; shown durable responses with one relapse reported,,,,,,,,
W22-020,Dicerna Nedosiran (RIVFLOZA),Dicerna (Novo Nordisk),,N/A,,LDHA,Silences lactate dehydrogenase A to block excess oxalate production,N/A,0.0,N/A,,,,,Once-monthly subcutaneous dosing; approved for PH1; targets all PH subtypes,,,,,,,,
W22-021,Dicerna Belcesiran,Dicerna (Novo Nordisk),,N/A,,SERPINA1,Reduces mutant AAT protein production in liver,N/A,0.0,N/A,,,,,Acquired by Novo Nordisk in 2021; targets liver disease associated with AATD,,,,,,,,
W22-022,Roche RG6346 (Xalnesiran),Roche/Dicerna,,N/A,,HBV genome,Silences HBV viral RNA,N/A,0.0,N/A,,,,,$1.67B collaboration; potential applications in viral-induced autoimmune conditions,,,,,,,,
W22-023,Alnylam ALN-HSD,Alnylam/Regeneron,,N/A,,HSD17B13,Reduces HSD17B13 expression in liver,N/A,0.0,N/A,,,,,"Originally developed with Regeneron; Alnylam opted out, leaving Regeneron with exclusive rights",,,,,,,,
W22-024,Sanofi Fitusiran,Sanofi/Alnylam,,N/A,,Antithrombin,Reduces antithrombin to rebalance hemostasis,N/A,0.0,N/A,,,,,FDA approval expected March 2025 PDUFA date; partnered program with Alnylam,,,,,,,,
W22-025,Arrowhead ARO-APOC3 (Plozasiran),Arrowhead Pharmaceuticals,,N/A,,APOC3,Reduces APOC3 to lower triglycerides,N/A,0.0,N/A,,,,,First FDA-approved siRNA for FCS (REDEMPLO); SUMMIT program includes SHTG and mixed hyperlipidemia,,,,,,,,
W22-026,Silence Therapeutics Zerlasiran (SLN360),Silence Therapeutics,,N/A,,LPA (Lipoprotein(a)),Reduces Lp(a) levels to lower cardiovascular risk,N/A,0.0,N/A,,,,,People born with high Lp(a) have increased cardiovascular risk; potential autoimmune implications,,,,,,,,
W22-027,Intellia NTLA-2001,Intellia Therapeutics,,N/A,,TTR (Transthyretin),Knockout of TTR gene in liver to prevent amyloid deposition,N/A,0.0,N/A,,,,,First in vivo CRISPR therapy to enter Phase 3; >90% TTR reduction; potential applications in inflammatory aspects of amyloidosis,,,,,,,,
W22-028,Verve VERVE-101,Verve Therapeutics,,N/A,,PCSK9,Adenine base editing to inactivate PCSK9 and lower LDL-C,N/A,0.0,N/A,,,,,Liver-targeted LNP delivery; single-course potential cure for cardiovascular disease,,,,,,,,
W22-029,WEHI mRNA-LNP Immune Modulation,WEHI (Walter and Eliza Hall Institute),,N/A,,Negative regulators of inflammatory cytokine signaling,Enhances intracellular expression of target proteins to switch off inflammatory cytokine signaling,N/A,0.0,N/A,,,,,Australian academic group developing PoC mRNA-LNP delivery system; seeking partnerships,,,,,,,,
W22-030,Carisma CAR-Macrophage,Carisma Therapeutics,,N/A,,HER2/Various,Engineered macrophages for targeted cell elimination,N/A,0.0,N/A,,,,,Platform technology with potential applications in autoimmune disease macrophage modulation,,,,,,,,
W22-031,Arrowhead JNJ-73763989 (JNJ-3989),Arrowhead/Janssen (J&J),,N/A,,HBV transcripts,Multi-target siRNA against HBV genome,N/A,0.0,N/A,,,,,$3.7B collaboration; potential applications in viral-induced autoimmune liver disease,,,,,,,,
W22-032,Sangamo SB-913,Sangamo Therapeutics,,N/A,,Hunter Syndrome (IDS gene),In vivo gene editing to correct metabolic enzyme deficiency,N/A,0.0,N/A,,,,,Early gene editing approach; platform applicable to immune cell modification for autoimmune diseases,,,,,,,,
W22-033,Editas EDIT-301 (Reni-cel),Editas Medicine,,N/A,,HBG1/HBG2 promoters,Reactivates fetal hemoglobin by disrupting BCL11A binding sites,N/A,0.0,N/A,,,,,First Cas12a in clinical trials; potential for expansion to autoimmune hemolytic diseases,,,,,,,,
W22-034,Beam BEAM-101,Beam Therapeutics,,N/A,,HBG1/HBG2,Base editing to install HPFH mutations and increase HbF,N/A,0.0,N/A,,,,,Electroporation delivery; precision gene editing without double-strand breaks,,,,,,,,
W22-035,Excision Bio EBT-101,Excision BioTherapeutics,,N/A,,HIV-1 proviral DNA,Excises latent HIV provirus from infected cells,N/A,0.0,N/A,,,,,In vivo CRISPR approach using AAV delivery; could inform autoimmune disease gene editing approaches,,,,,,,,
W22-036,uniQure AMT-130,uniQure,,N/A,,miHTT (microRNA targeting HTT),AAV-delivered microRNA silences huntingtin gene,N/A,0.0,N/A,,,,,First AAV gene therapy for Huntington's; RMAT designation from FDA,,,,,,,,
W22-037,REGENXBIO RGX-314,REGENXBIO,,N/A,,Anti-VEGF Fab,Sustained production of anti-VEGF antibody fragment in eye,N/A,0.0,N/A,,,,,NAV technology platform; subretinal and suprachoroidal delivery; potential for ocular autoimmune applications,,,,,,,,
W22-038,REGENXBIO RGX-121,REGENXBIO,,N/A,,IDUA,Delivers functional IDUA gene to CNS,N/A,0.0,N/A,,,,,CNS-targeted AAV gene therapy; potential applications in neuroinflammatory conditions,,,,,,,,
W22-039,Passage Bio GM1 Gangliosidosis Gene Therapy,Passage Bio,,N/A,,GLB1,Restores GLB1 enzyme activity in CNS,N/A,0.0,N/A,,,,,Rare neurodegenerative disease; potential insights for AAV delivery in CNS autoimmune diseases,,,,,,,,
W22-040,Taysha Gene Therapies TSHA-120,Taysha Gene Therapies,,N/A,,GAN,Restores gigaxonin expression in CNS,N/A,0.0,N/A,,,,,Rare neurodegenerative disorder; AAV9 CNS delivery technology,,,,,,,,
W22-041,Lysogene AAVance (LYS-SAF302),Lysogene,,N/A,,SGSH,CNS delivery of N-sulfoglucosamine sulfohydrolase,N/A,0.0,N/A,,,,,Direct CNS delivery of AAV gene therapy; rare disease neuroinflammation,,,,,,,,
W22-042,Audentes AT132,Audentes (Astellas),,N/A,,MTM1,Restores myotubularin expression in muscle,N/A,0.0,N/A,,,,,Clinical hold due to safety concerns; important lessons for AAV liver toxicity in autoimmune contexts,,,,,,,,
W22-043,Freeline FLT180a,Freeline Therapeutics,,N/A,,Factor IX (hyperfunctional variant),Liver-directed gene therapy for sustained FIX expression,N/A,0.0,N/A,,,,,SUTF (Sustained Transgene Expression) study; capsid with enhanced liver tropism,,,,,,,,
W22-044,BioMarin BMN 307,BioMarin,,N/A,,PAH,Restores phenylalanine hydroxylase activity in liver,N/A,0.0,N/A,,,,,Metabolic liver disease gene therapy; liver-directed AAV approach,,,,,,,,
W22-045,Sarepta SRP-9004 (Lgmd2e Gene Therapy),Sarepta Therapeutics,,N/A,,Beta-sarcoglycan,Restores beta-sarcoglycan expression in muscle,N/A,0.0,N/A,,,,,LGMD gene therapy program; clinical hold after patient death,,,,,,,,
W22-046,MyoGene Bio MYO-102,MyoGene Bio,,N/A,,Dystrophin,Dual AAV approach to deliver full-length dystrophin,N/A,0.0,N/A,,,,,Novel dual-vector approach to overcome AAV packaging limitations,,,,,,,,
W22-047,CureVac CVnCoV Technology Platform,CureVac,,N/A,,Various,Unmodified mRNA technology for therapeutic applications,N/A,0.0,N/A,,,,,Post-COVID pivot to therapeutic vaccines including autoimmune applications; mRNA technology for immune tolerance induction,,,,,,,,
W22-048,Alnylam Cemdisiran,Alnylam/Sanofi,,N/A,,C5 (Complement Component 5),Inhibits C5 complement protein production,N/A,0.0,N/A,,,,,Partnered with Sanofi; potential applications in autoimmune diseases with complement involvement,,,,,,,,
W22-049,Dicerna DCR-A1AT,Dicerna (Novo Nordisk),,N/A,,Alpha-1 Antitrypsin (mutant),Reduces mutant AAT production in liver,N/A,0.0,N/A,,,,,Targets liver disease specifically; complements other AATD approaches,,,,,,,,
W22-050,Arrowhead ARO-HSD,Arrowhead Pharmaceuticals,,N/A,,HSD17B13,Reduces HSD17B13 expression to protect against liver injury,N/A,0.0,N/A,,,,,Liver-targeted siRNA for metabolic liver disease; potential autoimmune liver disease applications,,,,,,,,
W22-051,Sarepta SRP-9003,Sarepta Therapeutics,,N/A,,Micro-dystrophin,Restores alpha-sarcoglycan expression,N/A,0.0,N/A,,,,,Follow-on LGMD gene therapy program; AAVrh74.MHCK7 platform,,,,,,,,
W22-052,Ionis Tominersen (IONIS-HTTRx),Ionis/Roche,,N/A,,HTT (Huntingtin),Reduces huntingtin protein production,N/A,0.0,N/A,,,,,"While discontinued, represents important ASO platform validation for neurodegenerative diseases; applicable to autoimmune neurological diseases",,,,,,,,
W22-053,Biogen/Ionis QALSODY (Tofersen),Biogen/Ionis,,N/A,,SOD1,Reduces SOD1 protein production in motor neurons,N/A,0.0,N/A,,,,,First treatment to target a genetic cause of ALS; ASO platform applicable to autoimmune neuromuscular diseases,,,,,,,,
W22-054,Ionis Ulefnersen,Ionis/Biogen,,N/A,,FUS,Reduces FUS protein production,N/A,0.0,N/A,,,,,Genetic ALS treatment; ASO platform continues to expand into neurological autoimmune conditions,,,,,,,,
W22-055,Editas EDIT-101,Editas Medicine,,N/A,,CEP290 IVS26 mutation,Gene editing to restore CEP290 function in photoreceptors,N/A,0.0,N/A,,,,,First in vivo CRISPR gene editing for inherited blindness; subretinal delivery,,,,,,,,
W22-056,HuidaGene HG202,HuidaGene (辉大基因),,N/A,,VEGFA,RNA editing to knock down VEGFA expression and inhibit CNV,N/A,0.0,N/A,,,,,First Cas13 RNA editing therapy in clinical trials; Chinese company,,,,,,,,
W22-057,Ascidian Asc1,Ascidian Therapeutics,,N/A,,STAG3 or ABCA4 (retina),Large-scale RNA exon replacement to correct genetic defects,N/A,0.0,N/A,,,,,Novel RNA editing platform; potential applications in autoimmune diseases requiring precise gene correction,,,,,,,,
W22-058,Shape Therapeutics SHAPE AAV Platform,Shape Therapeutics (Roche),,N/A,,Various,Engineered AAV vectors with enhanced tropism,N/A,0.0,N/A,,,,,AAVx technology for directed evolution of AAV capsids; acquired by Roche; potential autoimmune applications,,,,,,,,
W22-059,Krystal Biotech KB103,Krystal Biotech,,N/A,,COL7A1,Topical gene therapy to restore collagen VII,N/A,0.0,N/A,,,,,Second FDA platform technology designation for gene therapy; potential applications in autoimmune skin diseases,,,,,,,,
W22-060,Generation Bio T Cell Gene Therapy Platform,Generation Bio,,N/A,,T Cell-specific targets,Targeted delivery of genetic payloads to T cells in vivo,N/A,0.0,N/A,,,,,Cell-targeted lipid nanoparticles enable redosable gene therapy for T cells; breakthrough approach for autoimmune diseases,,,,,,,,
DD23-001,Oramed POD Platform,Oramed Pharmaceuticals,,N/A,,N/A,pH敏感肠溶衣+蛋白酶抑制剂+吸收增强剂,N/A,0.0,N/A,,,,,,,,,,,,,
DD23-002,RaniPill,Rani Therapeutics,,N/A,,N/A,机器人胶囊在肠道自动注射生物药,N/A,0.0,N/A,,,,,,,,,,,,,
DD23-003,RaniPill HC,Rani Therapeutics,,N/A,,N/A,增强型机器人胶囊，20mg+载药量,N/A,0.0,N/A,,,,,,,,,,,,,
DD23-004,RT-111,Rani Therapeutics + Celltrion,,N/A,,N/A,机器人胶囊递送乌司奴单抗生物类似药,N/A,0.0,N/A,,,,,,,,,,,,,
DD23-005,Entera Bio N-Tab Platform,Entera Bio,,N/A,,N/A,稳定肽类+促进胃肠道吸收,N/A,0.0,N/A,,,,,,,,,,,,,
DD23-006,L-SOMA口服自注射胶囊,MIT + Brigham and Women's Hospital + Novo Nordisk,,N/A,,N/A,胶囊在胃内自动注射药物,N/A,0.0,N/A,,,,,,,,,,,,,
DD23-007,Intract口服抗TNFα抗体,Intract Pharma + Tharimmune,,N/A,,N/A,pH敏感包衣+结肠/小肠靶向释放,N/A,0.0,N/A,,,,,,,,,,,,,
DD23-008,Omilancor,Landos Biopharma,,N/A,,N/A,激活LANCL2增强Treg反应,N/A,0.0,N/A,,,,,,,,,,,,,
DD23-009,吸入型TSLP中和抗体,多个研发机构,,N/A,,N/A,TSLP中和抗体吸入给药,N/A,0.0,N/A,,,,,,,,,,,,,
DD23-010,Smart Inhaler Technology,Teva (ProAir Digihaler)等,,N/A,,N/A,传感器追踪使用+移动APP同步,N/A,0.0,N/A,,,,,,,,,,,,,
DD23-011,Orbital Inhaler,Vectura-Fujifilm,,N/A,,N/A,递送更大更复杂的药物分子,N/A,0.0,N/A,,,,,,,,,,,,,
DD23-012,透皮IL-4质粒DMSO递送,研究机构,,N/A,,N/A,视黄酸预处理+DMSO促进透皮,N/A,0.0,N/A,,,,,,,,,,,,,
DD23-013,HA-NP银屑病纳米载体,研究机构,,N/A,,N/A,HA靶向CD44过表达的银屑病皮肤,N/A,0.0,N/A,,,,,,,,,,,,,
DD23-014,AP-rPTP透皮蛋白,研究机构,,N/A,,N/A,AP肽介导的经皮蛋白递送,N/A,0.0,N/A,,,,,,,,,,,,,
DD23-015,Tacrolimus纳米乳,研究机构,,N/A,,N/A,纳米载体增强皮肤渗透,N/A,0.0,N/A,,,,,,,,,,,,,
DD23-016,滴眼液环孢素A纳米载体,研究机构,,N/A,,N/A,纳米载体眼部局部免疫抑制,N/A,0.0,N/A,,,,,,,,,,,,,
DD23-017,他克莫司PLGA纳米囊滴眼液,研究机构,,N/A,,N/A,纳米囊延长角膜停留时间,N/A,0.0,N/A,,,,,,,,,,,,,
DD23-018,阿达木单抗水凝胶滴眼液,研究机构,,N/A,,N/A,水凝胶增强抗体眼部递送,N/A,0.0,N/A,,,,,,,,,,,,,
DD23-019,CLS-TA脉络膜上腔注射,Clearside Biomedical,,N/A,,N/A,脉络膜上腔曲安奈德递送,N/A,0.0,N/A,,,,,,,,,,,,,
DD23-020,鼻内神经干细胞递送,研究机构,,N/A,,N/A,鼻内途径将干细胞递送至CNS,N/A,0.0,N/A,,,,,,,,,,,,,
DD23-021,鼻内Nogo-A抗体,研究机构,,N/A,,N/A,鼻内递送11C7抗体至CNS,N/A,0.0,N/A,,,,,,,,,,,,,
DD23-022,鼻内甲基强的松龙,研究机构,,N/A,,N/A,鼻内激素给药达到静脉注射效果,N/A,0.0,N/A,,,,,,,,,,,,,
DD23-023,FcRn增强抗体半衰期技术,多家生物技术公司,,N/A,,N/A,增强Fc与FcRn结合，延长循环时间,N/A,0.0,N/A,,,,,,,,,,,,,
DD23-024,依那西普Fc融合蛋白,Amgen/Pfizer,,N/A,,N/A,Fc区域延长半衰期并回收,N/A,0.0,N/A,,,,,,,,,,,,,
DD23-025,Ex-POEGMA皮下储库,研究机构,,N/A,,N/A,温度敏感形成皮下储库缓释,N/A,0.0,N/A,,,,,,,,,,,,,
DD23-026,Bydureon缓释注射剂,AstraZeneca,,N/A,,N/A,每周一次艾塞那肽缓释,N/A,0.0,N/A,,,,,,,,,,,,,
DD23-027,原位凝胶注射系统,多家公司,,N/A,,N/A,注射后凝胶化形成药物储库,N/A,0.0,N/A,,,,,,,,,,,,,
DD23-028,SetPoint System,SetPoint Medical,,N/A,,N/A,植入式装置每日刺激迷走神经,N/A,0.0,N/A,,,,,,,,,,,,,
DD23-029,关节内HA-SLN糖皮质激素,研究机构,,N/A,,N/A,HA靶向CD44过表达的炎症关节,N/A,0.0,N/A,,,,,,,,,,,,,
DD23-030,iRGD功能化脂质体,研究机构,,N/A,,N/A,iRGD靶向αvβ3整合素+超声触发释药,N/A,0.0,N/A,,,,,,,,,,,,,
DD23-031,光交联MeHA微针,研究机构,,N/A,,N/A,微针穿透皮肤缓释蜂毒肽,N/A,0.0,N/A,,,,,,,,,,,,,
DD23-032,皮肤靶向脂质纳米粒,研究机构,,N/A,,N/A,纳米粒增强皮肤渗透和滞留,N/A,0.0,N/A,,,,,,,,,,,,,
DD23-033,ANANAS肝靶向纳米粒,研究机构,,N/A,,N/A,ANANAS载体递送地塞米松至KC细胞,N/A,0.0,N/A,,,,,,,,,,,,,
DD23-034,肝耐受性mRNA LNP,研究机构,,N/A,,N/A,肝靶向LNP递送PD-L1 mRNA诱导Treg,N/A,0.0,N/A,,,,,,,,,,,,,
DD23-035,Eudragit结肠靶向系统,Evonik/多家,,N/A,,N/A,pH 7溶解在回肠末端释放药物,N/A,0.0,N/A,,,,,,,,,,,,,
DD23-036,Phloral双触发结肠靶向,Phloral Ltd,,N/A,,N/A,Eudragit S+抗性淀粉双触发释放,N/A,0.0,N/A,,,,,,,,,,,,,
DD23-037,OPTICORE三触发系统,Cosmo Pharmaceuticals,,N/A,,N/A,多层设计，加速释放+独立触发,N/A,0.0,N/A,,,,,,,,,,,,,
DD23-038,MB-001口服抗体,多家,,N/A,,N/A,口服持续释放抗体至炎症粘膜,N/A,0.0,N/A,,,,,,,,,,,,,
DD23-039,Foxp3 mRNA LNP,研究机构,,N/A,,N/A,LNP递送Foxp3 mRNA至CD4+T细胞,N/A,0.0,N/A,,,,,,,,,,,,,
DD23-040,脾靶向LNP mRNA疫苗,BioNTech/研究机构,,N/A,,N/A,脾靶向mRNA疫苗诱导抗原特异性Treg,N/A,0.0,N/A,,,,,,,,,,,,,
DD23-041,MSC工程外泌体,多家研究机构,,N/A,,N/A,工程外泌体递送miRNA/蛋白,N/A,0.0,N/A,,,,,,,,,,,,,
DD23-042,miR-155工程外泌体,研究机构,,N/A,,N/A,过表达miR-155抑制自反应淋巴细胞,N/A,0.0,N/A,,,,,,,,,,,,,
DD23-043,DS-EXO靶向巨噬细胞外泌体,研究机构,,N/A,,N/A,DS修饰外泌体靶向活化巨噬细胞,N/A,0.0,N/A,,,,,,,,,,,,,
DD23-044,PLGA-雷帕霉素纳米粒,研究机构,,N/A,,N/A,PLGA纳米粒+抗原+雷帕霉素诱导耐受,N/A,0.0,N/A,,,,,,,,,,,,,
DD23-045,pH响应PLGA纳米粒,研究机构,,N/A,,N/A,酸性环境触发药物释放,N/A,0.0,N/A,,,,,,,,,,,,,
DD23-046,ROS响应纳米粒,研究机构,,N/A,,N/A,ROS升高触发药物释放,N/A,0.0,N/A,,,,,,,,,,,,,
DD23-047,酶响应MMP纳米粒,研究机构,,N/A,,N/A,MMP过表达触发药物释放,N/A,0.0,N/A,,,,,,,,,,,,,
DD23-048,温度响应PNIPAAm水凝胶,研究机构,,N/A,,N/A,32°C相转变控制药物释放,N/A,0.0,N/A,,,,,,,,,,,,,
DD23-049,金纳米粒-CRISPR,研究机构,,N/A,,N/A,AuNP递送CRISPR靶向NLRP3,N/A,0.0,N/A,,,,,,,,,,,,,
DD23-050,无机纳米载体,研究机构,,N/A,,N/A,无机核心+有机涂层靶向递送,N/A,0.0,N/A,,,,,,,,,,,,,
DD23-051,Lyophilized Liposome,研究机构,,N/A,,N/A,脂质体包裹疏水/亲水药物,N/A,0.0,N/A,,,,,,,,,,,,,
DD23-052,纳米晶体药物,多家,,N/A,,N/A,纳米尺寸提高溶出和生物利用度,N/A,0.0,N/A,,,,,,,,,,,,,
